index,previous_filename,filename,base_tag,head_tag,base_tag_lines_txt,head_tag_lines_txt,edit_classification_truth,new_ct,obsolete_ct,reusable_ct,affected_cts,total_ct,edit_classification,decision_rationale,elapsed_time_ms
0,,src/RF001 - Autenticar Usuario.claret,exp01_gti-competencias_v0.1,exp01_gti-competencias_v1.0,"-    step 1 sysUser ""inicia a tela de login atraves da opcao de login no canto superior direito""
","+    step 1 sysUser ""inicia a tela de login atraves da opcao de Login no canto superior direito""
",LOW,0,14,0,"{'TC5', 'TC13', 'TC9', 'TC8', 'TC14', 'TC1', 'TC2', 'TC11', 'TC6', 'TC7', 'TC10', 'TC4', 'TC12', 'TC3'}",14,LOW,"The change involves capitalizing the word 'Login', which is a minor stylistic modification for clarity or consistency. It does not affect the system design, functionality, or require further evaluation, fitting the criteria for a low-impact edit.",5618
1,,src/RF002 - Realizar logout.claret,exp01_gti-competencias_v0.1,exp01_gti-competencias_v1.0,"-    step 1 sysUser ""clica na opcao de logout atraves da opcao disponivel no canto superior direito""
","+    step 1 sysUser ""clica na opcao de Logout atraves da opcao disponivel no canto superior direito""
",LOW,0,1,0,{'TC1'},1,LOW,"The change involves capitalizing the word 'Logout,' which is a minor rephrasing for clarity and consistency. Such modifications fall under the category of low-impact edits as they do not alter the functionality or requirements of the system, nor do they require additional development or testing effort.",4692
2,,src/RF003 - Visualizar Permissoes do Usuario.claret,exp01_gti-competencias_v0.1,exp01_gti-competencias_v1.0,"-    step 2 system ""exibe a tela com a tabela das permissoes concedidas ao seu usuario""
","+    step 2 system ""exibe a tela com a tabela das Permissoes concedidas ao seu usuario""
",LOW,0,1,0,{'TC1'},1,LOW,"The change involves only a capitalization adjustment, turning 'permissoes' to 'Permissoes'. This is a stylistic edit for consistency or emphasis and does not affect the technical or functional aspects of the requirement. It is a low-impact edit as it does not require changes to system design, implementation, or testing.",4101
3,,src/RF003 - Visualizar Permissoes do Usuario.claret,exp01_gti-competencias_v0.1,exp01_gti-competencias_v1.0,"-  postCondition ""Usuario visualiza a tabela das permissoes concedidas ao seu usuario""
","+  postCondition ""Usuario visualiza a tabela das Permissoes concedidas ao seu usuario""
",LOW,0,1,0,{'TC1'},1,LOW,"The change involves capitalization of a single word ('Permissoes'), which is a formatting or stylistic adjustment. Such changes are considered low-impact as they do not affect the system's functionality, design, or require additional development effort.",6057
4,,src/RF006 - Gerenciar Perfis de Competencias.claret,exp01_gti-competencias_v0.1,exp01_gti-competencias_v1.0,"-				tem permissao para gerenciar perfis de competencias.""
","+				tem permissao para gerenciar Perfis de Competencias.""
",LOW,0,11,0,"{'TC5', 'TC9', 'TC8', 'TC1', 'TC2', 'TC11', 'TC6', 'TC7', 'TC10', 'TC4', 'TC3'}",11,LOW,"The change involves capitalization of words, which is a stylistic change and does not affect the system functionality or requirements. Thus, it is classified as a low-impact edit focused on formatting.",5859
5,,src/RF006 - Gerenciar Perfis de Competencias.claret,exp01_gti-competencias_v0.1,exp01_gti-competencias_v1.0,"-    step 1 lider ""acessa a funcionalidade de gestao de perfis de competencias a partir do menu inicial"" af[4]
-    step 2 system ""exibe a listagem dos perfis de competencias cadastrados com opcoes de 'Novo', 'Editar', 'Excluir' e 'Ajuda'"" 
-    step 3 lider ""clica na opcao 'Novo' para criar um novo perfil"" af[1,2,3]
","+    step 1 lider ""acessa a funcionalidade de gestao de Perfis de Competencias a partir do menu inicial"" af[4]
+    step 2 system ""exibe a listagem dos Perfis de Competencias cadastrados com opcoes de 'Novo', 'Editar', 'Excluir' e 'Ajuda'"" 
+    step 3 lider ""clica na opcao 'Novo' para criar um Novo Perfil de Competencias"" af[1,2,3]
",LOW,0,4,7,"{'TC9', 'TC11', 'TC8', 'TC10'}",11,LOW,"The updates involve capitalization changes and the rephrasing of 'criar um novo perfil' to 'criar um Novo Perfil de Competencias,' which are largely stylistic and for clarity enhancement. These changes align with formatting and wording adjustments that don't impact the system design, functionality, or implementation scope, as per the context provided.",4342
6,,src/RF006 - Gerenciar Perfis de Competencias.claret,exp01_gti-competencias_v0.1,exp01_gti-competencias_v1.0,"-				   retorna feedback correspondente"" ef[1,2,3]
","+				   retorna feedback correspondente"" ef[1,2]
",HIGH,0,2,9,"{'TC7', 'TC11'}",11,HIGH,"The change reduces the range of feedback options, potentially altering the system's functionality. This likely necessitates reevaluation of system design, additional development effort, and may impact existing implementations or tests.",4809
7,,src/RF006 - Gerenciar Perfis de Competencias.claret,exp01_gti-competencias_v0.1,exp01_gti-competencias_v1.0,"-    step 6 system ""exibe a listagem dos perfis de competencias sem o perfil de competencias excluido""
","+    step 6 system ""exibe a listagem dos Perfis de Competencias sem o perfil de competencias excluido"" ef[3]
",HIGH,0,1,10,{'TC3'},11,LOW,"The change involves capitalization adjustments of words and the addition of an identifier 'ef[3]' at the end of the sentence. There are no substantive changes to the functionality, requirements, or logic of the step. Thus, it is considered a low-impact edit, as it focuses on clarity and possibly traceability without impacting system behavior or design.",5264
8,,src/RF006 - Gerenciar Perfis de Competencias.claret,exp01_gti-competencias_v0.1,exp01_gti-competencias_v1.0,"-    step 6 system ""exibe a listagem dos perfis de competencias com o perfil de competencias excluido""
","+    step 6 system ""exibe a listagem dos Perfis de Competencias com o perfil de competencias excluido""
",LOW,0,1,10,{'TC2'},11,LOW,"The update involves a change in the capitalization of terms within the text (from 'perfis de competencias' to 'Perfis de Competencias'), which is a rephrasing for consistency or clarity. This type of change aligns with low-impact edits, such as formatting and stylistic adjustments, as it does not alter the functionality or require additional development effort.",4350
9,,src/RF006 - Gerenciar Perfis de Competencias.claret,exp01_gti-competencias_v0.1,exp01_gti-competencias_v1.0,"-  	step 1 usuarioNA ""acessa a funcionalidade de gestao de perfis de competencias a partir do menu inicial""
-  	step 2 system ""exibe a listagem dos perfis de competencias cadastrados apenas para visualizacao com a opcao 'Ajuda'""
","+  	step 1 usuarioNA ""acessa a funcionalidade de gestao de Perfis de Competencias a partir do menu inicial""
+  	step 2 system ""exibe a listagem dos Perfis de Competencias cadastrados apenas para visualizacao com a opcao 'Ajuda'""
",LOW,0,1,10,{'TC1'},11,LOW,"The changes in the updated snippet involve capitalization of the terms 'Perfis de Competencias'. This type of change falls under formatting adjustments for consistency and clarity, which are considered low-impact as they do not alter the functionality or logic of the use case.",3814
10,,src/RF006 - Gerenciar Perfis de Competencias.claret,exp01_gti-competencias_v0.1,exp01_gti-competencias_v1.0,"-  exception 1 ""Falha ao Salvar o Novo Perfil"" {
-    step 1 system ""exibe uma mensagem de erro ao tentar salvar o novo perfil, informando o campo ou a validacao que falhou""
","+  exception 1 ""Falha ao Salvar o Novo Perfil de Competencias"" {
+    step 1 system ""exibe uma mensagem de erro ao tentar salvar o novo Perfil de Competencias, informando o campo ou a validacao que falhou""
",LOW,0,2,9,"{'TC8', 'TC4'}",11,LOW,"The change involves adding specificity to an existing term by changing 'Perfil' to 'Perfil de Competencias'. This is a rephrasing for clarity to better specify the type of profile, without altering the core functionality or behavior of the system. This change does not require reevaluation of system design or significant development effort.",4454
11,,src/RF006 - Gerenciar Perfis de Competencias.claret,exp01_gti-competencias_v0.1,exp01_gti-competencias_v1.0,"-  exception 2 ""Erro ao Editar Perfil"" {
-    step 1 system ""exibe uma mensagem de erro ao tentar editar o perfil, informando o campo ou a validacao que falhou""
","+  exception 2 ""Erro ao Editar Perfil de Competencias"" {
+    step 1 system ""exibe uma mensagem de erro ao tentar editar o Perfil de Competencias, informando o campo ou a validacao que falhou""
",LOW,0,2,9,"{'TC5', 'TC9'}",11,LOW,"The change involves rewording to specify 'Perfil de Competencias' instead of just 'Perfil', which does not alter the functionality, process, or intent of the use case significantly. This is considered a low-impact change as it is primarily aimed at enhancing clarity or specificity without requiring additional development effort or impacting system design.",4686
12,,src/RF006 - Gerenciar Perfis de Competencias.claret,exp01_gti-competencias_v0.1,exp01_gti-competencias_v1.0,"-  exception 3 ""Falha na Exclusao do Perfil"" {
-    step 1 system ""exibe uma mensagem de erro ao tentar excluir o perfil""
","+  exception 3 ""Falha na Exclusao do Perfil de Competencias"" {
+    step 1 system ""exibe uma mensagem de erro ao tentar excluir o Perfil de Competencias""
",LOW,0,2,9,"{'TC10', 'TC6'}",11,LOW,"The update involves rephrasing the exception label and the system response to provide more specific context ('Perfil' to 'Perfil de Competencias'). This change improves clarity and precision of the requirement but does not require system design reevaluation or affect functionality, making it a low-impact edit.",4948
13,,src/RF006 - Gerenciar Perfis de Competencias.claret,exp01_gti-competencias_v0.1,exp01_gti-competencias_v1.0,"-  postCondition ""A gestao de perfis de competencias e realizada com sucesso.""
","+  postCondition ""A gestao de Perfis de Competencias e realizada com sucesso.""
",LOW,0,2,9,"{'TC7', 'TC11'}",11,LOW,"The change consists of capitalization adjustments in the text, which is a formatting change that does not alter the functional content or meaning of the requirement. Consequently, it is a low-impact edit that can be addressed as part of routine document maintenance.",5645
14,,src/RF007 - Gerenciar Avaliacoes.claret,exp01_gti-competencias_v0.1,exp01_gti-competencias_v1.0,,"+systemName ""GTI-Competencias""
+
+usecase ""RF007 - Gerenciar Avaliacoes"" {
+  version ""1.0"" type ""Criacao"" user ""Aislan Fernandes"" date ""03/08/2020""
+  actor lider ""Lider de Pessoas""
+  preCondition ""Lider de Pessoas esta autenticado no sistema; 
+				tem permissao para gerenciar Avaliacoes""
+
+  basic {
+    step 1 lider ""acessa a funcionalidade de gestao de Avaliacoes a partir do menu inicial""
+    step 2 system ""exibe a listagem dos Avaliacoes cadastrados com opcoes de 'Novo', 'Editar', 'Excluir' e 'Ajuda'"" 
+    step 3 lider ""clica na opcao 'Novo' para criar uma nova Avaliacao"" af[1,2,3]
+    step 4 system ""apresenta o formulario para cadastro e alteracao de Avaliacao""
+    step 5 lider  ""seleciona o 'Periodo Avaliativo' da Avaliacao""
+    step 6 system ""apresenta o campo 'Periodo Avaliativo' preenchido corretamente""
+    step 7 lider ""seleciona o 'Perfil' de competencias da Avaliacao""
+    step 8 system ""apresenta o campo 'Perfil' de competencias preenchido corretamente e
+                   apresenta o campo 'Metas' com as respectivas competencias, cada uma preenchida com nivel igual 1 (um)""
+    step 9 lider ""seleciona o colaborador a ser 'Avaliado' na Avaliacao""
+    step 10 system ""apresenta o campo 'Avaliado' preenchido corretamente""
+    step 11 lider ""Em 'Metas', insere o 'Nivel' esperado para cada competencia do perfil selecionado na Avaliacao""
+    step 12 system ""apresenta em 'Metas' os campos 'Nivel' preenchido corretamente""              
+    step 13 lider ""seleciona 'Avaliadores' da Avaliacao""
+    step 14 system ""apresenta a lista de 'Avaliadores' preenchida corretamente""
+	step 15 lider ""clica na opcao 'Salvar'""
+    step 16 system ""realiza a acao conforme a opcao selecionada pelo usuario e 
+				   retorna feedback correspondente"" ef[1,2]
+  }
+
+  alternative 1 ""Editar Avaliacao Existente"" {
+    step 1 lider ""seleciona uma Avaliacao da listagem""
+    step 2 system ""destaca a Avaliacao selecionada na listagem""
+    step 3 lider ""clica na opcao 'Editar' para modificar a Avaliacao selecionada""
+    step 4 system ""apresenta o formulario para e alteracao de Avaliacao""
+    step 5 lider ""verifica que os campos 'Periodo Avaliativo', 'Perfil' e 'Avaliado' somente leitura"" bs 11
+  }
+  
+  alternative 2 ""Confirmar Exclusao do Avaliacao"" {
+  	step 1 lider ""seleciona uma Avaliacao da listagem""
+    step 2 system ""destaca a Avaliacao selecionada na listagem""
+    step 3 lider ""clica na opcao 'Excluir' para excluir a Avaliacao selecionada"" 
+    step 4 system ""solicita confirmacao de exclusao da Avaliacao""
+    step 5 lider ""confirma a exclusao do Avaliacao""
+    step 6 system ""exibe a listagem dos Avaliacoes sem o Avaliacao excluido"" ef[3,4]
+  }
+
+  alternative 3 ""Negar Exclusao do Avaliacao"" {
+  	step 1 lider ""seleciona uma Avaliacao da listagem""
+    step 2 system ""destaca a Avaliacao selecionada na listagem""
+    step 3 lider ""clica na opcao 'Excluir' para excluir a Avaliacao selecionada""
+    step 4 system ""solicita confirmacao de exclusao da Avaliacao""
+    step 5 lider ""nao confirma a exclusao do Avaliacao""
+    step 6 system ""exibe a listagem dos Avaliacoes com o Avaliacao excluido""
+  }
+
+  exception 1 ""Falha ao Salvar a nova Avaliacao"" {
+    step 1 system ""exibe uma mensagem de erro ao tentar salvar a nova Avaliacao, informando o campo ou a validacao que falhou""
+  }
+
+  exception 2 ""Erro ao Editar Avaliacao"" {
+    step 1 system ""exibe uma mensagem de erro ao tentar editar a Avaliacao, informando o campo ou a validacao que falhou""
+  }
+
+  exception 3 ""Falha na Exclusao do Avaliacao"" {
+    step 1 system ""exibe uma mensagem de erro ao tentar excluir a Avaliacao""
+  }
+  
+  exception 4 ""Falha na Exclusao do Avaliacao: nao e o lider"" {
+    step 1 system ""exibe uma mensagem de erro ao tentar excluir a Avaliacao informando que o usuario nao e o lider""
+  }
+
+  postCondition ""A gestao de Avaliacoes e realizada com sucesso.""
+}
",HIGH,10,0,0,"{'TC5', 'TC9', 'TC8', 'TC1', 'TC2', 'TC6', 'TC7', 'TC10', 'TC4', 'TC3'}",10,HIGH,"The changes introduce a completely new use case 'RF007 - Gerenciar Avaliacoes' with detailed steps, conditions, and exceptions, which involves significant additions to the system functionality and interaction. This requires reevaluation of system design, development effort, testing, and potential updates to user documentation, thus making the impact high.",4929
15,,src/RF010 - Gerenciar Periodos Avaliativos.claret,exp01_gti-competencias_v0.1,exp01_gti-competencias_v1.0,"-				tem permissao para gerenciar perfis de competencias.""
","+				tem permissao para gerenciar Periodos Avaliativos.""
",LOW,0,11,0,"{'TC5', 'TC9', 'TC8', 'TC1', 'TC2', 'TC11', 'TC6', 'TC7', 'TC10', 'TC4', 'TC3'}",11,HIGH,"The change from managing 'perfis de competencias' to 'Periodos Avaliativos' represents a significant shift in the functionality or domain focus of the use case. This likely requires reevaluation of system design, additional development effort, and potential updates to related documentation, indicating a high-impact edit.",4243
16,,src/RF010 - Gerenciar Periodos Avaliativos.claret,exp01_gti-competencias_v0.1,exp01_gti-competencias_v1.0,"-    step 1 lider ""acessa a funcionalidade de gestao de perfis de competencias a partir do menu inicial"" af[4]
-    step 2 system ""exibe a listagem dos perfis de competencias cadastrados com opcoes de 'Novo', 'Editar', 'Excluir' e 'Ajuda'"" 
","+    step 1 lider ""acessa a funcionalidade de gestao de Periodos Avaliativos a partir do menu inicial"" af[4]
+    step 2 system ""exibe a listagem dos Periodos Avaliativos cadastrados com opcoes de 'Novo', 'Editar', 'Excluir' e 'Ajuda'"" 
",LOW,0,10,1,"{'TC5', 'TC9', 'TC8', 'TC2', 'TC11', 'TC6', 'TC7', 'TC10', 'TC4', 'TC3'}",11,HIGH,"The change involves modifying the primary functionality and data being managed in the use case from 'gestao de perfis de competencias' to 'gestao de Periodos Avaliativos'. This alteration likely affects the system design, implementation logic, and may necessitate updates to documentation and testing, indicating a high-impact edit.",5075
17,,src/RF010 - Gerenciar Periodos Avaliativos.claret,exp01_gti-competencias_v0.1,exp01_gti-competencias_v1.0,"-    step 7 lider ""preenche o campo 'Data Inicial e Data Final' selecionando um lider da lista""
","+    step 7 lider ""preenche o campo 'Data Inicial e Data Final' informando as respectivas datas referente ao periodo""
",LOW,0,8,3,"{'TC5', 'TC9', 'TC8', 'TC11', 'TC6', 'TC7', 'TC10', 'TC4'}",11,HIGH,"The change alters the action performed in step 7, which shifts from selecting a leader from a list to entering specific dates for a period. This modification likely affects the system's design, input handling, and possibly user documentation, thereby requiring reevaluation and additional efforts, characteristic of a high-impact edit.",4590
18,,src/RF010 - Gerenciar Periodos Avaliativos.claret,exp01_gti-competencias_v0.1,exp01_gti-competencias_v1.0,"-				   retorna feedback correspondente"" ef[1,2,3]
","+				   retorna feedback correspondente"" ef[1,2]
",HIGH,0,2,9,"{'TC7', 'TC11'}",11,HIGH,"The change alters the enumeration of the feedback reference from 'ef[1,2,3]' to 'ef[1,2]', which suggests the removal of an element. This potentially affects system logic and behavior, requiring reevaluation of design and testing, thereby classifying it as a high-impact edit.",4843
19,,src/RF010 - Gerenciar Periodos Avaliativos.claret,exp01_gti-competencias_v0.1,exp01_gti-competencias_v1.0,"-    step 6 system ""exibe a listagem dos perfis de competencias sem o Periodo Avaliativo excluido""
","+    step 6 system ""exibe a listagem dos Periodos Avaliativos sem o Periodo Avaliativo excluido"" ef[3]
",HIGH,0,1,10,{'TC3'},11,HIGH,"The change modifies the core functionality of the system's behavior by altering what is being displayed from 'perfis de competencias' to 'Periodos Avaliativos'. This can impact the system's design, user expectations, and potentially other parts of the system, necessitating a comprehensive evaluation.",4801
20,,src/RF010 - Gerenciar Periodos Avaliativos.claret,exp01_gti-competencias_v0.1,exp01_gti-competencias_v1.0,"-    step 6 system ""exibe a listagem dos perfis de competencias com o Periodo Avaliativo excluido""
","+    step 6 system ""exibe a listagem dos Periodos Avaliativos com o Periodo Avaliativo excluido""
",LOW,0,1,10,{'TC2'},11,LOW,"The change involves rephrasing the part of a sentence to swap 'perfis de competencias' with 'Periodos Avaliativos'. This is a specific detail rewording for clarity or to reflect an updated terminology, and it does not fundamentally alter the system design, logic, or processing requirements. Hence, it qualifies as a low-impact edit according to the given context.",5189
21,,src/RF010 - Gerenciar Periodos Avaliativos.claret,exp01_gti-competencias_v0.1,exp01_gti-competencias_v1.0,"-  	step 1 usuarioNA ""acessa a funcionalidade de gestao de perfis de competencias a partir do menu inicial""
-  	step 2 system ""exibe a listagem dos perfis de competencias cadastrados apenas para visualizacao com a opcao 'Ajuda'""
","+  	step 1 usuarioNA ""acessa a funcionalidade de gestao de Periodos Avaliativos a partir do menu inicial""
+  	step 2 system ""exibe a listagem dos Periodos Avaliativos cadastrados apenas para visualizacao com a opcao 'Ajuda'""
",LOW,0,1,10,{'TC1'},11,HIGH,"The change involves modifying the functionality accessed and the type of data displayed within the system, which indicates a shift in the scope of the system's requirements. This can have significant implications on system design, testing, and user documentation, thereby classifying it as a high-impact edit.",4899
22,,src/RF010 - Gerenciar Periodos Avaliativos.claret,exp01_gti-competencias_v0.1,exp01_gti-competencias_v1.0,"-  postCondition ""A gestao de perfis de competencias e realizada com sucesso.""
","+  postCondition ""A gestao de Periodos Avaliativos e realizada com sucesso.""
",LOW,0,2,9,"{'TC7', 'TC11'}",11,HIGH,"The change involves modifying the post-condition, which likely alters the expected outcome of the use case from managing 'perfils de competencias' to managing 'Periodos Avaliativos'. This signifies a change in the goal or function of the system, potentially affecting design, testing, and documentation, thus constituting a high-impact edit.",4282
23,,src/RF011 - Gerenciar Competencias Portfolio.claret,exp01_gti-competencias_v0.1,exp01_gti-competencias_v1.0,"-				tem permissao para gerenciar competencias (portfolio).""
","+				tem permissao para gerenciar Competencias (Portfolio).""
",LOW,0,35,0,"{'TC25', 'TC27', 'TC1', 'TC17', 'TC22', 'TC26', 'TC24', 'TC3', 'TC23', 'TC32', 'TC30', 'TC21', 'TC6', 'TC18', 'TC29', 'TC19', 'TC5', 'TC13', 'TC33', 'TC9', 'TC20', 'TC7', 'TC11', 'TC31', 'TC28', 'TC8', 'TC14', 'TC15', 'TC16', 'TC2', 'TC10', 'TC4', 'TC12', 'TC34', 'TC35'}",35,LOW,"The update involves capitalization changes in the words 'Competencias' and 'Portfolio'. This is a formatting change that falls under the category of stylistic elements, which is considered a low-impact edit as it does not affect the functionality or design of the system.",5583
24,,src/RF011 - Gerenciar Competencias Portfolio.claret,exp01_gti-competencias_v0.1,exp01_gti-competencias_v1.0,"-    step 1 lider ""acessa a funcionalidade de gestao de competencias (portfolio) a partir do menu inicial"" af[4]
-    step 2 system ""exibe a listagem dos competencias (portfolio) cadastrados com opcoes de 'Novo', 'Editar', 'Excluir' e 'Ajuda'"" 
","+    step 1 lider ""acessa a funcionalidade de gestao de Competencias (Portfolio) a partir do menu inicial"" af[4]
+    step 2 system ""exibe a listagem dos Competencias (Portfolio) cadastrados com opcoes de 'Novo', 'Editar', 'Excluir' e 'Ajuda'"" 
",LOW,0,34,1,"{'TC25', 'TC27', 'TC17', 'TC22', 'TC26', 'TC24', 'TC3', 'TC23', 'TC32', 'TC30', 'TC21', 'TC6', 'TC18', 'TC29', 'TC19', 'TC5', 'TC13', 'TC33', 'TC9', 'TC20', 'TC7', 'TC11', 'TC31', 'TC28', 'TC8', 'TC14', 'TC15', 'TC16', 'TC2', 'TC10', 'TC4', 'TC12', 'TC34', 'TC35'}",35,LOW,"The changes made are related to capitalization of words. They involve rephrasing for clarity or stylistic adjustments, which are typically classified as low-impact edits. These changes do not alter the meaning, logic, or functionality of the use case and therefore do not require comprehensive evaluation or coordination.",4861
25,,src/RF011 - Gerenciar Competencias Portfolio.claret,exp01_gti-competencias_v0.1,exp01_gti-competencias_v1.0,"-    step 4 system ""apresenta o formulario para cadastro e alteracao de competecias (portfolio)""
","+    step 4 system ""apresenta o formulario para cadastro e alteracao de Competencias (Portfolio)""
",LOW,0,32,3,"{'TC25', 'TC27', 'TC17', 'TC22', 'TC26', 'TC24', 'TC23', 'TC32', 'TC30', 'TC21', 'TC6', 'TC18', 'TC29', 'TC19', 'TC5', 'TC13', 'TC33', 'TC9', 'TC20', 'TC7', 'TC11', 'TC31', 'TC28', 'TC8', 'TC14', 'TC15', 'TC16', 'TC10', 'TC4', 'TC12', 'TC34', 'TC35'}",35,LOW,"The changes involve capitalization of words 'Competencias' and 'Portfolio', which is a formatting and stylistic adjustment. Such modifications are considered low-impact as they do not affect the system design, functionality, or require additional development or testing effort.",4529
26,,src/RF011 - Gerenciar Competencias Portfolio.claret,exp01_gti-competencias_v0.1,exp01_gti-competencias_v1.0,"-				   retorna feedback correspondente"" ef[1,2,3]
","+				   retorna feedback correspondente"" ef[1,2]
",HIGH,0,8,27,"{'TC23', 'TC31', 'TC27', 'TC15', 'TC7', 'TC11', 'TC19', 'TC35'}",35,HIGH,"The change involves modifying the expected feedback range, which may require reevaluation of system logic or outputs that depend on this range. This makes it a high-impact edit as it could affect functionality and requires comprehensive evaluation.",4143
27,,src/RF011 - Gerenciar Competencias Portfolio.claret,exp01_gti-competencias_v0.1,exp01_gti-competencias_v1.0,"-  alternative 1 ""Editar competecias (portfolio) Existente"" {
-    step 1 lider ""seleciona um competecias (portfolio) da listagem""
-    step 2 system ""destaca o competecias (portfolio) selecionado na listagem""
-    step 3 lider ""clica na opcao 'Editar' para modificar o competecias (portfolio) selecionado"" bs 4
","+  alternative 1 ""Editar Competencias (Portfolio) Existente"" {
+    step 1 lider ""seleciona um Competencias (Portfolio) da listagem""
+    step 2 system ""destaca o Competencias (Portfolio) selecionado na listagem""
+    step 3 lider ""clica na opcao 'Editar' para modificar o Competencias (Portfolio) selecionado"" bs 4
",LOW,0,16,19,"{'TC5', 'TC13', 'TC9', 'TC8', 'TC14', 'TC15', 'TC17', 'TC16', 'TC11', 'TC6', 'TC18', 'TC7', 'TC10', 'TC4', 'TC12', 'TC19'}",35,LOW,"The changes involve capitalizing the words 'Competencias' and 'Portfolio' for consistency. This is a rephrasing or formatting change for clarity, which falls under routine document maintenance and does not impact the system design, functionality, or affect project timelines.",5022
28,,src/RF011 - Gerenciar Competencias Portfolio.claret,exp01_gti-competencias_v0.1,exp01_gti-competencias_v1.0,"-  alternative 2 ""Confirmar Exclusao do competecias (portfolio)"" {
-  	step 1 lider ""seleciona um competecias (portfolio) da listagem""
-    step 2 system ""destaca o competecias (portfolio) selecionado na listagem""
-    step 3 lider ""clica na opcao 'Excluir' para excluir o competecias (portfolio) selecionado""
","+  alternative 2 ""Confirmar Exclusao do Competencias (Portfolio)"" {
+  	step 1 lider ""seleciona um Competencias (Portfolio) da listagem""
+    step 2 system ""destaca o Competencias (Portfolio) selecionado na listagem""
+    step 3 lider ""clica na opcao 'Excluir' para excluir o Competencias (Portfolio) selecionado""
",LOW,0,2,33,"{'TC3', 'TC2'}",35,LOW,"The update involves changes to capitalization of words within the use case snippet. Such changes fall under formatting and do not impact the functionality, logic, or system requirements. They are meant for clarity or consistency, classifying the edit as low-impact according to the provided context.",5559
29,,src/RF011 - Gerenciar Competencias Portfolio.claret,exp01_gti-competencias_v0.1,exp01_gti-competencias_v1.0,"-    step 6 system ""exibe a listagem dos competencias (portfolio) sem o competecias (portfolio) excluido""
","+    step 6 system ""exibe a listagem dos Competencias (Portfolio) sem o Competencias (Portfolio) excluido"" ef[3]
",HIGH,0,1,34,{'TC3'},35,LOW,"The changes made involve capitalization adjustments and addition of an 'ef[3]', which likely indicates an explanatory footnote or reference. These modifications do not alter the fundamental meaning or functionality described in the step, therefore they are considered low-impact edits.",4307
30,,src/RF011 - Gerenciar Competencias Portfolio.claret,exp01_gti-competencias_v0.1,exp01_gti-competencias_v1.0,"-  alternative 3 ""Negar Exclusao do competecias (portfolio)"" {
-  	step 1 lider ""seleciona um competecias (portfolio) da listagem""
-    step 2 system ""destaca o competecias (portfolio) selecionado na listagem""
-    step 3 lider ""clica na opcao 'Excluir' para excluir o competecias (portfolio) selecionado""
","+  alternative 3 ""Negar Exclusao do Competencias (Portfolio)"" {
+  	step 1 lider ""seleciona um Competencias (Portfolio) da listagem""
+    step 2 system ""destaca o Competencias (Portfolio) selecionado na listagem""
+    step 3 lider ""clica na opcao 'Excluir' para excluir o Competencias (Portfolio) selecionado""
",LOW,0,2,33,"{'TC3', 'TC2'}",35,LOW,"The changes made in the updated snippet involve capitalization corrections for the term 'Competencias (Portfolio)'. These changes fall under rephrasing for clarity and formatting adjustments, which are indicative of low-impact edits as they do not affect the system design, functionality, or require additional development efforts.",5757
31,,src/RF011 - Gerenciar Competencias Portfolio.claret,exp01_gti-competencias_v0.1,exp01_gti-competencias_v1.0,"-    step 6 system ""exibe a listagem dos competencias (portfolio) com o competecias (portfolio) excluido""
","+    step 6 system ""exibe a listagem dos Competencias (Portfolio) com o Competencias (Portfolio) excluido""
",LOW,0,1,34,{'TC2'},35,LOW,"The change involves capitalization of words. This is a formatting change that does not affect the functionality or meaning of the requirement, making it a low-impact edit.",4759
32,,src/RF011 - Gerenciar Competencias Portfolio.claret,exp01_gti-competencias_v0.1,exp01_gti-competencias_v1.0,"-  	step 1 usuarioNA ""acessa a funcionalidade de gestao de competencias (portfolio) a partir do menu inicial""
-  	step 2 system ""exibe a listagem dos competencias (portfolio) cadastrados apenas para visualizacao com a opcao 'Ajuda'""
","+  	step 1 usuarioNA ""acessa a funcionalidade de gestao de Competencias (Portfolio) a partir do menu inicial""
+  	step 2 system ""exibe a listagem dos Competencias (Portfolio) cadastrados apenas para visualizacao com a opcao 'Ajuda'""
",LOW,0,1,34,{'TC1'},35,LOW,"The updated snippet only involves changes in capitalization for clarity and consistency. These are formatting adjustments that do not affect the functionality or behavior of the system described, thus classifying as low-impact edits.",4668
33,,src/RF011 - Gerenciar Competencias Portfolio.claret,exp01_gti-competencias_v0.1,exp01_gti-competencias_v1.0,"-  postCondition ""A gestao de competencias (portfolio) e realizada com sucesso.""
","+  postCondition ""A gestao de Competencias (Portfolio) e realizada com sucesso.""
",LOW,0,8,27,"{'TC23', 'TC31', 'TC27', 'TC15', 'TC7', 'TC11', 'TC19', 'TC35'}",35,LOW,"The update involves only capitalization changes to words within the clause ('competencias' to 'Competencias' and 'portfolio' to 'Portfolio'). These are formatting changes that do not alter the meaning or functionality described in the snippet, classifying it as a low-impact edit.",4560
34,,src/RF012 - Ajuda.claret,exp01_gti-competencias_v0.1,exp01_gti-competencias_v1.0,,"+systemName ""GTI-Competencias""
+
+usecase ""RF012 - Ajuda"" {
+  version ""1.0"" type ""Criacao"" user ""Aislan Fernandes"" date ""20/07/2020""
+  actor lider ""Lider de Pessoas""
+  actor usuarioNA ""Usuario Nao-Autenticado""
+  preCondition ""Lider de Pessoas esta autenticado no sistema""
+
+  basic {
+    step 1 lider ""acessa a funcionalidade de gestao de Perfis de Competencias a partir do menu inicial"" af[1,2,3,4]
+    step 2 system ""exibe a listagem dos Perfis de Competencias cadastrados com opcoes de 'Novo', 'Editar', 'Excluir' e 'Ajuda'"" 
+    step 3 lider ""clica na opcao 'Ajuda' para visualizar a ajuda da gestao de Perfis de Competencias""
+    step 4 system ""apresenta um painel lateral com a ajuda contextual, dividido em quatro partes: 
+				   'Glossario', 'Funcionalidades', 'Validacoes' e 'Permissoes do Usuario'"" 
+  }
+  
+  alternative 1 ""Ajuda contextual na gestao de Periodos Avaliativos"" {
+  	step 1 lider ""acessa a funcionalidade de gestao de Periodos Avaliativos a partir do menu inicial""
+    step 2 system ""exibe a listagem dos Periodos Avaliativos cadastrados com opcoes de 'Novo', 'Editar', 'Excluir' e 'Ajuda'"" 
+    step 3 lider ""clica na opcao 'Ajuda' para visualizar a ajuda da gestao de Periodos Avaliativos"" bs 4
+  }
+  
+  alternative 2 ""Ajuda contextual na gestao de Competencias (portfolio)"" {
+  	step 1 lider ""acessa a funcionalidade de gestao de Competencias (portfolio) a partir do menu inicial""
+    step 2 system ""exibe a listagem das Competencias (portfolio) cadastradas com opcoes de 'Novo', 'Editar', 'Excluir' e 'Ajuda'"" 
+    step 3 lider ""clica na opcao 'Ajuda' para visualizar a ajuda da gestao de Competencias (portfolio)"" bs 4
+  }
+  
+  alternative 3 ""Ajuda contextual na gestao de Avaliacoes"" {
+  	step 1 lider ""acessa a funcionalidade de gestao de Avaliacoes a partir do menu inicial""
+    step 2 system ""exibe a listagem das Avaliacoes cadastradas com opcoes de 'Novo', 'Editar', 'Excluir' e 'Ajuda'"" 
+    step 3 lider ""clica na opcao 'Ajuda' para visualizar a ajuda da gestao de Avaliacoes"" bs 4
+  }
+  
+  alternative 4 ""Ajuda contextual na gestao de Niveis das Competencias"" {
+  	step 1 lider ""acessa a funcionalidade de gestao de Niveis das Competencias a partir do menu inicial""
+    step 2 system ""exibe a listagem dos Niveis das Competencias cadastradas com opcoes de 'Novo', 'Editar', 'Excluir' e 'Ajuda'"" 
+    step 3 lider ""clica na opcao 'Ajuda' para visualizar a ajuda da gestao de Niveis das Competencias"" bs 4
+  }
+ 
+  postCondition ""A Ajuda e apresentada com sucesso.""
+}
",HIGH,5,0,0,"{'TC5', 'TC1', 'TC2', 'TC3', 'TC4'}",5,HIGH,"The update introduces an entirely new use case 'RF012 - Ajuda' including multiple basic and alternative flows, actors, pre and post conditions. This is a high-impact edit as it involves the addition of significant functionality which would require comprehensive evaluation, possible reevaluation of system design, additional development effort, and could affect project timelines and resource allocation.",5049
35,,src/RF013 - Gerenciar Niveis das Competencias.claret,exp01_gti-competencias_v0.1,exp01_gti-competencias_v1.0,,"+systemName ""GTI-Competencias""
+
+usecase ""RF013 - Gerenciar Niveis das Competencias"" {
+  version ""1.0"" type ""Criacao"" user ""Aislan Fernandes"" date ""11/08/2020""
+  actor lider ""Lider de Pessoas""
+  actor usuarioNA ""Usuario Nao-Autenticado""
+  preCondition ""Lider de Pessoas esta autenticado no sistema e 
+				tem permissao para gerenciar Niveis das Competencias.""
+
+  basic {
+    step 1 lider ""acessa a funcionalidade de gestao de Niveis das Competencias a partir do menu inicial"" af[4]
+    step 2 system ""exibe a listagem dos Niveis das Competencias cadastrados com opcoes de 'Novo', 'Editar', 'Excluir' e 'Ajuda'"" 
+    step 3 lider ""clica na opcao 'Novo' para criar um novo Niveis das Competencias"" af[1,2,3]
+    step 4 system ""apresenta o formulario para cadastro e alteracao de Niveis das Competencias""
+    step 5 lider ""preenche o campo 'Nome' com dados validos""
+    step 6 system ""apresenta o campo 'Nome' preenchido corretamente""
+    step 7 lider ""preenche o campo 'Valor' com um numero inteiro referente a pontuacao a ser obtida no atendimento do respectivo nivel""
+    step 8 system ""apresenta o campo 'Valor' preenchido corretamente""
+    step 9 lider ""preenche o campo 'Descricao' com a descricao do nivel de competencia""
+    step 10 system ""apresenta o campo 'Descricao' preenchido corretamente""
+	step 11 lider ""clica na opcao 'Salvar'""
+    step 12 system ""realiza a acao conforme a opcao selecionada pelo usuario e 
+				   retorna feedback correspondente"" ef[1,2]
+  }
+
+  alternative 1 ""Editar Nivel das Competencias Existente"" {
+    step 1 lider ""seleciona um Nivel das Competencias da listagem""
+    step 2 system ""destaca o Nivel das Competencias selecionado na listagem""
+    step 3 lider ""clica na opcao 'Editar' para modificar o Nivel das Competencias selecionado"" bs 4
+  }
+  
+  alternative 2 ""Confirmar Exclusao do Nivel das Competencias"" {
+  	step 1 lider ""seleciona um Nivel das Competencias da listagem""
+    step 2 system ""destaca o Nivel das Competencias selecionado na listagem""
+    step 3 lider ""clica na opcao 'Excluir' para excluir o Nivel das Competencias selecionado""
+    step 4 system ""solicita confirmacao de exclusao""
+    step 5 lider ""confirma a exclusao do Nivel das Competencias""
+    step 6 system ""exibe a listagem dos Niveis das Competencias sem o Nivel das Competencias excluido"" ef[3]
+  }
+
+  alternative 3 ""Negar Exclusao do Nivel das Competencias"" {
+  	step 1 lider ""seleciona um Nivel das Competencias da listagem""
+    step 2 system ""destaca o Nivel das Competencias selecionado na listagem""
+    step 3 lider ""clica na opcao 'Excluir' para excluir o Nivel das Competencias selecionado""
+    step 4 system ""solicita confirmacao de exclusao""
+    step 5 lider ""nao confirma a exclusao do Nivel das Competencias""
+    step 6 system ""exibe a listagem dos Niveis das Competencias com o Nivel das Competencias excluido""
+  }
+  
+  alternative 4 ""Modo de visualizacao para usuarios nao-autenticados"" {
+  	step 1 usuarioNA ""acessa a funcionalidade de gestao de Niveis das Competencias a partir do menu inicial""
+  	step 2 system ""exibe a listagem dos Niveis das Competencias cadastrados apenas para visualizacao com a opcao 'Ajuda'""
+  }
+
+  exception 1 ""Falha ao Salvar o Novo Nivel das Competencias"" {
+    step 1 system ""exibe uma mensagem de erro ao tentar salvar o novo Nivel das Competencias, informando o campo ou a validacao que falhou""
+  }
+
+  exception 2 ""Erro ao Editar Nivel das Competencias"" {
+    step 1 system ""exibe uma mensagem de erro ao tentar editar o Nivel das Competencias, informando o campo ou a validacao que falhou""
+  }
+
+  exception 3 ""Falha na Exclusao do Nivel das Competencias"" {
+    step 1 system ""exibe uma mensagem de erro ao tentar excluir o Nivel das Competencias""
+  }
+
+  postCondition ""A gestao de Niveis das Competencias e realizada com sucesso.""
+}
",HIGH,10,0,0,"{'TC5', 'TC9', 'TC8', 'TC1', 'TC2', 'TC6', 'TC7', 'TC10', 'TC4', 'TC3'}",10,HIGH,"The updated snippet represents the creation of a new use case in CLARET notation that involves multiple actors, a system and various steps for managing 'Niveis das Competencias' with detailed scenarios including basic, alternative, and exception flows. Such introductions potentially require reevaluation of system design, additional development effort, regression testing, and updates to user documentation, all of which classify as high-impact changes.",5360
36,,src/RF005 - Visualizar Status do Processo.claret,exp01_gti-competencias_v1.0,exp01_gti-competencias_v1.1,,"+systemName ""GTI-Competencias""
+
+usecase ""RF005 - Visualizar Status do Processo"" {
+  version ""1.1"" type ""Criacao"" user ""Aislan Fernandes"" date ""08/10/2020""
+  actor usuarioNA ""Usuario Nao-Autenticado""
+  preCondition ""Usuario nao-autenticado no sistema se encontra na tela inicial do sistema""  
+  basic {
+    step 1 usuarioNA ""acessa a funcionalidade para visualizar o status do PGDC""
+    step 2 system ""apresenta o campo 'Periodo Avaliativo' para ser escolhido pelo usuario"" ef[1]
+    step 3 usuarioNA ""escolhe no campo 'Periodo Avaliativo' o ano correspondente""
+    step 4 system ""exibe na pagina uma tabela contendo as informacoes (basicamente listagem dos perfis de competencias - cf. RF006): 
+                   Perfil de Competencias; Unidade de Trabalho; Gerente do Desempenho; e, Situacao.""
+  }
+  exception 1 ""Nao existem Periodos Avaliativos Cadastrados"" {
+  	step 1 system ""exibe uma mensagem de erro informando que nao existem Periodos Avaliativos cadastrados""
+  }
+  postCondition ""Usuario visualiza a tabela das Permissoes concedidas ao seu usuario""
+}
",HIGH,2,0,0,"{'TC2', 'TC1'}",2,HIGH,"The change involves the creation of a new use case, which includes defining system behavior, user interactions, and exception handling. This requires reevaluation of system design, possibly additional development and testing effort, and could affect project timelines and resources. These aspects align with high-impact changes as they necessitate comprehensive evaluation and coordination.",4259
37,,src/RF008 - Gerenciar Respostas de Avaliacoes.claret,exp01_gti-competencias_v1.0,exp01_gti-competencias_v1.1,,"+systemName ""GTI-Competencias""
+
+usecase ""RF008 - Gerenciar Respostas de Avaliacoes"" {
+  version ""1.1"" type ""Criacao"" user ""Aislan Fernandes"" date ""03/12/2020""
+  actor avaliador ""Avaliador de Pessoas""
+  preCondition ""Avaliador de Pessoas esta autenticado no sistema; e, tem permissao para gerenciar Respostas de Avaliacoes""
+
+  basic {
+    step 1 avaliador ""acessa a funcionalidade de Avaliacoes a partir do menu inicial""
+    step 2 system ""exibe a listagem das Avaliacoes cadastradas com a opcao 'Formulario' dentre as varias listadas"" 
+    step 3 avaliador ""com uma avaliacao selecionada, clica na opcao 'Formulario' para criar uma nova Avaliacao""
+    step 4 system ""apresenta o formulario para cadastro e alteracao de Respostas de Avaliacao"" ef[1]
+    step 5 avaliador  ""seleciona o 'Nivel da Competencia' da Avaliacao (1 a 4) para cada Perfil de Competencias avaliado""
+    step 6 system ""apresenta o campo 'Nivel da Competencia' preenchido corretamente""
+    step 7 avaliador ""adiciona 'Apontamentos' sobre a avaliacao para cada Perfil de Competencias avaliado""
+    step 8 system ""apresenta os 'Apontamentos' preenchidos corretamente""
+	step 9 avaliador ""clica na opcao 'Salvar'"" af[1]
+    step 10 system ""realiza a acao conforme a opcao selecionada pelo usuario e 
+				   retorna feedback correspondente"" ef[2,3]
+  }
+
+  exception 1 ""Nao e um dos avaliadores"" {
+    step 1 system ""exibe uma mensagem de erro informando ao usuario que nao e um dos avaliadores""
+  }
+  
+  exception 2 ""Falha ao Salvar a nova Avaliacao"" {
+    step 1 system ""exibe uma mensagem de erro ao tentar salvar, informando o campo ou a validacao que falhou""
+  }
+
+  exception 3 ""Erro ao Editar Avaliacao"" {
+    step 1 system ""exibe uma mensagem de erro ao tentar editar, informando o campo ou a validacao que falhou""
+  }
+  
+  alternative 1 ""Resolve 'limpar' a Resposta de Avaliacao"" {
+    step 1 avaliador ""clica na opcao 'Excluir' para cada Perfil de Competencias avaliado""
+    step 2 system ""limpa os campos apresentados 'Nivel da Competencia' e 'Apontamentos' apresentados na tela para cada Perfil de Competencias avaliado""
+    step 5 avaliador ""verifica que os campos 'Nivel da Competencia' e 'Apontamentos' estao limpos"" bs 5 
+  }
+
+  postCondition ""A gestao de Respostas de Avaliacoes e realizada com sucesso.""
+}
",HIGH,7,0,0,"{'TC5', 'TC1', 'TC2', 'TC6', 'TC7', 'TC3', 'TC4'}",7,HIGH,"The updated snippet includes the creation of a new use case in the system, which describes specific steps and conditions for managing responses to evaluations. This change requires a comprehensive evaluation of impacts on system design, user interaction, and potential additional development work, and may involve new features or modifications to existing functionality. Therefore, it is classified as a high-impact edit due to the potential implications on project timelines and resource allocation.",4301
38,,src/RF009 - Gerenciar Resultados de Avaliacoes.claret,exp01_gti-competencias_v1.0,exp01_gti-competencias_v1.1,,"+systemName ""GTI-Competencias""
+
+usecase ""RF009 - Gerenciar Resultados de Avaliacoes"" {
+  version ""1.1"" type ""Criacao"" user ""Aislan Fernandes"" date ""30/11/2020""
+  actor lider ""Lider de Pessoas""
+  preCondition ""Lider de Pessoas esta autenticado no sistema; e, tem permissao para gerenciar Resultados de Avaliacoes""
+
+  basic {
+    step 1 lider ""acessa a funcionalidade de Avaliacoes a partir do menu inicial""
+    step 2 system ""exibe a listagem das Avaliacoes cadastradas com a opcao 'Resultado' dentre as varias listadas"" 
+    step 3 lider ""com uma avaliacao selecionada, clica na opcao 'Resultados' para efetivar o feedback""
+    step 4 system ""apresenta o formulario para cadastro da Ata de Reuniao""
+    step 5 lider  ""seleciona o 'Ata de Reuniao de Feedback' da Avaliacao (1 a 4) para cada Perfil de Competencias avaliado""
+    step 6 system ""apresenta o campo 'Ata de Reuniao de Feedback' preenchido corretamente""
+	step 7 lider ""clica na opcao 'Salvar'"" af[1]
+    step 8 system ""realiza a acao conforme a opcao selecionada pelo usuario e 
+				   retorna feedback correspondente"" ef[1,2]
+  }
+
+  exception 1 ""Falha ao Salvar a nova Avaliacao"" {
+    step 1 system ""exibe uma mensagem de erro ao tentar salvar, informando o campo ou a validacao que falhou""
+  }
+
+  exception 2 ""Erro ao Editar Avaliacao"" {
+    step 1 system ""exibe uma mensagem de erro ao tentar editar, informando o campo ou a validacao que falhou""
+  }
+  
+  alternative 1 ""Encerrar definitivamente"" {
+    step 1 lider ""clica na opcao 'Encerrar' para a Avaliacao de Competencias""
+    step 2 system ""apresenta o campo 'Ata de Reuniao de Feedback'""
+  }
+
+  postCondition ""A gestao de Resultados de Avaliacoes e realizada com sucesso.""
+}
",HIGH,4,0,0,"{'TC3', 'TC4', 'TC2', 'TC1'}",4,HIGH,"The change involves the creation of a new use case in the system, which typically requires additional development effort, system design reevaluation, potential updates to user documentation, and might affect project timelines and resource allocation. These changes imply a significant impact on the system, hence classified as high-impact.",4622
39,,src/RF011 - Gerenciar Competencias Portfolio.claret,exp01_gti-competencias_v1.0,exp01_gti-competencias_v1.1,"-    step 2 system ""exibe a listagem dos Competencias (Portfolio) cadastrados com opcoes de 'Novo', 'Editar', 'Excluir' e 'Ajuda'"" 
","+    step 2 system ""exibe a listagem das Competencias (Portfolio) cadastradas com opcoes de 'Novo', 'Editar', 'Excluir' e 'Ajuda'"" 
",LOW,0,27,1,"{'TC25', 'TC27', 'TC17', 'TC22', 'TC26', 'TC24', 'TC3', 'TC21', 'TC6', 'TC18', 'TC19', 'TC5', 'TC13', 'TC9', 'TC20', 'TC7', 'TC11', 'TC28', 'TC8', 'TC14', 'TC15', 'TC16', 'TC2', 'TC10', 'TC4', 'TC12', 'TC23'}",28,LOW,"The change involves a minor grammatical correction from 'dos' to 'das' without altering the functionality or system behavior described in the use case. Such a change is primarily for clarity and does not impact the underlying system design, development effort, or other high-impact factors.",4257
40,,src/RF011 - Gerenciar Competencias Portfolio.claret,exp01_gti-competencias_v1.0,exp01_gti-competencias_v1.1,"-    step 2 system ""destaca o Competencias (Portfolio) selecionado na listagem""
-    step 3 lider ""clica na opcao 'Editar' para modificar o Competencias (Portfolio) selecionado"" bs 4
","+    step 2 system ""destaca a Competencia (Portfolio) selecionada na listagem""
+    step 3 lider ""clica na opcao 'Editar' para modificar a Competencia (Portfolio) selecionada"" bs 4
",LOW,0,12,16,"{'TC5', 'TC13', 'TC9', 'TC8', 'TC14', 'TC15', 'TC16', 'TC11', 'TC6', 'TC7', 'TC10', 'TC12'}",28,LOW,"The changes made involve rewording the text for clarity by correcting the gender of the words in Portuguese ('o' to 'a'), which aligns with rephrasing for clarity. These edits do not alter the use case's functionality or intended behavior, thus qualifying as low-impact changes.",4639
41,,src/RF011 - Gerenciar Competencias Portfolio.claret,exp01_gti-competencias_v1.0,exp01_gti-competencias_v1.1,"-    step 2 system ""destaca o Competencias (Portfolio) selecionado na listagem""
-    step 3 lider ""clica na opcao 'Excluir' para excluir o Competencias (Portfolio) selecionado""
","+    step 2 system ""destaca a Competencia (Portfolio) selecionada na listagem""
+    step 3 lider ""clica na opcao 'Excluir' para excluir a Competencia (Portfolio) selecionada""
",LOW,0,3,25,"{'TC3', 'TC4', 'TC2'}",28,LOW,"The change involves minor language adjustments to improve grammatical agreement in Portuguese, changing 'Competencias' to 'Competencia' and 'selecionado' to 'selecionada', without altering the use case's functionality or intent. These are rephrasing changes for clarity, which are typically considered low-impact edits.",5313
42,,src/RF011 - Gerenciar Competencias Portfolio.claret,exp01_gti-competencias_v1.0,exp01_gti-competencias_v1.1,"-    step 6 system ""exibe a listagem dos Competencias (Portfolio) sem o Competencias (Portfolio) excluido"" ef[3]
","+    step 6 system ""exibe a listagem das Competencias (Portfolio) sem a Competencia (Portfolio) excluida"" ef[3]
",LOW,0,1,27,{'TC3'},28,LOW,"The change involves minor rephrasing for clarity by adjusting the grammar in the text, specifically changing 'dos Competencias' to 'das Competencias' and ensuring agreement in number and gender. This is a low-impact edit as it does not alter the functionality, logic, or system design but improves clarity.",4272
43,,src/RF011 - Gerenciar Competencias Portfolio.claret,exp01_gti-competencias_v1.0,exp01_gti-competencias_v1.1,"-    step 2 system ""destaca o Competencias (Portfolio) selecionado na listagem""
-    step 3 lider ""clica na opcao 'Excluir' para excluir o Competencias (Portfolio) selecionado""
","+    step 2 system ""destaca a Competencia (Portfolio) selecionada na listagem""
+    step 3 lider ""clica na opcao 'Excluir' para excluir a Competencia (Portfolio) selecionada""
",LOW,0,3,25,"{'TC3', 'TC4', 'TC2'}",28,LOW,"The change involves rephrasing for clarity and grammatical correctness, changing 'Competencias' to 'Competencia' and adjusting the associated articles. This is a linguistic adjustment that does not affect the system's functionality or requirements, fitting the category of low-impact edits like rewording for better understanding.",4589
44,,src/RF011 - Gerenciar Competencias Portfolio.claret,exp01_gti-competencias_v1.0,exp01_gti-competencias_v1.1,"-    step 6 system ""exibe a listagem dos Competencias (Portfolio) com o Competencias (Portfolio) excluido""
","+    step 6 system ""exibe a listagem das Competencias (Portfolio) com a Competencia (Portfolio) excluida""
",LOW,0,1,27,{'TC2'},28,LOW,"The edit involves rephrasing for clarity by changing the article from 'dos' to 'das' and 'Competencias' to 'Competencia'. This change does not affect the system design, functionality, or require additional development effort, thus it is a low-impact edit.",5153
45,,src/RF011 - Gerenciar Competencias Portfolio.claret,exp01_gti-competencias_v1.0,exp01_gti-competencias_v1.1,"-  	step 2 system ""exibe a listagem dos Competencias (Portfolio) cadastrados apenas para visualizacao com a opcao 'Ajuda'""
","+  	step 2 system ""exibe a listagem das Competencias (Portfolio) cadastradas apenas para visualizacao com a opcao 'Ajuda'""
",LOW,0,1,27,{'TC1'},28,LOW,"The change involves a minor grammatical correction from 'cadastrados' to 'cadastradas', which does not affect the system functionality, requirements, or behavior. Such grammatical updates are considered low-impact as they aim for clarity or accuracy without altering the system's operations.",4063
46,,src/RF014 - Administrador de Dados.claret,exp01_gti-competencias_v1.0,exp01_gti-competencias_v1.1,,"+systemName ""GTI-Competencias""
+
+usecase ""RF014 - Administrador de Dados"" {
+  version ""1.1"" type ""Criacao"" user ""Aislan Fernandes"" date ""02/12/2020""
+  actor admin ""Administrador""
+  preCondition ""Administrador esta autenticado no sistema; e, tem permissao para alterar Gerente de Desempenho""
+
+  basic {
+    step 1 admin ""acessa a funcionalidade de Catalogo (Perfis) de Competencias a partir do menu inicial""
+    step 2 system ""exibe a listagem das Catalogo (Perfis) de Competencias cadastradas com a opcao 'Alterar Gerente' dentre as varias listadas"" 
+    step 3 admin ""com um perfil selecionado, clica na opcao 'Alterar Gerente' para efetivar a mudanca""
+    step 4 system ""apresenta o formulario para cadastro do novo Gerente de Desempenho""
+    step 5 admin  ""preenche o campo 'Login do Novo Gerente de Desempenho' do novo Gerente de Desempenho para o Perfil de Competencias ""
+    step 6 system ""apresenta o campo 'Login do Novo Gerente de Desempenho' preenchido corretamente""
+	step 7 admin ""clica na opcao 'Confirmar'"" af[1]
+    step 8 system ""realiza a acao conforme a opcao selecionada pelo usuario e 
+				   retorna feedback correspondente"" ef[1,2]
+  }
+
+  exception 1 ""Falha ao Salvar o novo Gerente de Desempenho"" {
+    step 1 system ""exibe uma mensagem de erro ao tentar salvar, informando o campo ou a validacao que falhou""
+  }
+  
+  alternative 1 ""Encerrar definitivamente"" {
+    step 1 admin ""clica na opcao 'Cancelar'""
+    step 2 system ""apresenta o Catalogo (Perfis) de Competencias cadastradas sem nenhuma alteracao""
+  }
+
+  postCondition ""A alteracao do Gerente de Desempenho e realizada com sucesso.""
+}
",HIGH,3,0,0,"{'TC3', 'TC2', 'TC1'}",3,HIGH,"The updated snippet introduces a new use case in CLARET notation, which represents a functional requirement for the system. This involves changes to system functionality and interactions, requiring evaluation of system design, development effort, and possible updates to user documentation. Such changes typically necessitate comprehensive evaluation and coordination, indicating a high-impact edit.",4988
47,src/RF005 - Visualizar Status do Processo.claret,src/RF004 - Visualizar Painel do Desempenho.claret,exp01_gti-competencias_v1.1,exp01_gti-competencias_v1.2,"-  preCondition ""Usuario nao-autenticado no sistema se encontra na tela inicial do sistema""  
","+  preCondition ""Usuario nao-autenticado no sistema""  
",LOW,0,2,0,"{'TC2', 'TC1'}",2,LOW,"The change involves a minor rephrasing of the original precondition. The removal of 'se encontra na tela inicial do sistema' does not significantly alter the functional understanding or implementation requirements of the use case. Such changes fall under rephrasing for clarity, which is categorized as a low-impact edit.",4259
48,src/RF005 - Visualizar Status do Processo.claret,src/RF004 - Visualizar Painel do Desempenho.claret,exp01_gti-competencias_v1.1,exp01_gti-competencias_v1.2,"-    step 1 usuarioNA ""acessa a funcionalidade para visualizar o status do PGDC""
","+    step 1 usuarioNA ""acessa a tela inicial do sistema"" af[1]
",HIGH,0,2,0,"{'TC2', 'TC1'}",2,LOW,"The change involves rephrasing the user's action within the software interface. It modifies the description of the step without altering the core functionality or requirements, classifying it as a low-impact edit.",4751
49,src/RF005 - Visualizar Status do Processo.claret,src/RF004 - Visualizar Painel do Desempenho.claret,exp01_gti-competencias_v1.1,exp01_gti-competencias_v1.2,,"+  
+  alternative 1 ""Retornando a tela inicial pelo menu do sistema"" {
+  	step 1 usuarioNA ""acessa a opcao 'Inicio (Painel)'"" bs 2
+  }
+  
",HIGH,2,0,2,"{'TC2', 'TC1'}",4,HIGH,"The updated snippet introduces a new alternative path in the use case, which indicates a change in the system behavior. This type of change typically requires additional development effort, testing, and potential updates to the system documentation, thus classifying it as a high-impact edit.",4002
50,,src/RF009 - Gerenciar Resultados de Avaliacoes.claret,exp01_gti-competencias_v1.1,exp01_gti-competencias_v1.2,"-    step 3 lider ""com uma avaliacao selecionada, clica na opcao 'Resultados' para efetivar o feedback""
","+    step 3 lider ""com uma avaliacao selecionada, clica na opcao 'Resultado' para efetivar o feedback""
",LOW,0,4,0,"{'TC3', 'TC4', 'TC2', 'TC1'}",4,LOW,"The change involves a minor text alteration from 'Resultados' to 'Resultado' which appears to be a singular/plural adjustment. This falls under rephrasing for clarity or minor changes in wording, which are categorized as low-impact as they do not alter the system design or functionality.",4467
51,,src/RF009 - Gerenciar Resultados de Avaliacoes.claret,exp01_gti-competencias_v1.1,exp01_gti-competencias_v1.2,"-	step 7 lider ""clica na opcao 'Salvar'"" af[1]
-    step 8 system ""realiza a acao conforme a opcao selecionada pelo usuario e 
","+    step 7 lider ""verifica a presenca (somente leitura) do detalhe de cada competencia avaliada""
+    step 8 system ""apresenta os detalhes de cada competencia, incluindo: 
+                   - a descricao da competencia;
+                   - o valor da autoavaliacao, a media das notas dos avaliadores e o valor da meta do avaliado;
+                   - os niveis de avaliacao para aquela competencia; e,
+                   - os apontamentos.""
+	step 9 lider ""clica na opcao 'Salvar'"" af[1]
+    step 10 system ""realiza a acao conforme a opcao selecionada pelo usuario e 
",HIGH,0,3,1,"{'TC3', 'TC4', 'TC2'}",4,HIGH,"The update changes the functionality of the use case significantly by adding new steps and details about the competencies evaluated, which impacts the system's behavior and user interaction. These changes likely require reevaluation of system design, additional development effort, and possible updates to documentation and training materials, aligning with high-impact criteria.",5299
52,,src/RF014 - Administrador de Dados.claret,exp01_gti-competencias_v1.1,exp01_gti-competencias_v1.2,"-    step 1 admin ""acessa a funcionalidade de Catalogo (Perfis) de Competencias a partir do menu inicial""
-    step 2 system ""exibe a listagem das Catalogo (Perfis) de Competencias cadastradas com a opcao 'Alterar Gerente' dentre as varias listadas"" 
","+    step 1 admin ""acessa a funcionalidade de 'Catalogo (Perfis) de Competencias' a partir do menu inicial""
+    step 2 system ""exibe a listagem do Catalogo (Perfis) de Competencias cadastradas com a opcao 'Alterar Gerente' dentre as varias listadas"" 
",LOW,0,3,0,"{'TC3', 'TC2', 'TC1'}",3,LOW,"The changes in the updated snippet involve rephrasing for clarity without altering the functionality or impact of the use case. The addition of quotation marks to 'Catalogo (Perfis) de Competencias' is a minor formatting change. Such changes are considered low-impact as they do not affect system design, require additional development effort, or impact project timelines.",5031
53,,src/RF015 - Gerenciar Planos de Capacitacao de TI.claret,exp01_gti-competencias_v1.1,exp01_gti-competencias_v1.2,,"+systemName ""GTI-Competencias""
+
+usecase ""RF015 - Gerenciar Planos de Capacitacao de TI"" {
+  version ""1.2"" type ""Criacao"" user ""Aislan Fernandes"" date ""23/05/2021""
+  actor lider ""Lider de Pessoas""
+  actor usuarioNA ""Usuario Nao-Autenticado""
+  preCondition ""Lider de Pessoas esta autenticado no sistema e 
+				tem permissao para gerenciar Planos de Capacitacao de TI.""
+
+  basic {
+    step 1 lider ""acessa a funcionalidade de gestao de Planos de Capacitacao de TI a partir do menu inicial"" af[4]
+    step 2 system ""exibe a listagem das Planos de Capacitacao de TI cadastradas com opcoes de 'Novo', 'Editar', 'Excluir' e 'Ajuda'"" 
+    step 3 lider ""clica na opcao 'Novo' para criar uma nova Capacitacao de TI"" af[1,2,3]
+    step 4 system ""apresenta o formulario para cadastro e alteracao de Planos de Capacitacao de TI""
+    step 5 lider ""escolha o 'Periodo Avaliativo' apropriado no campo de selecao""
+	step 6 system ""exibe o 'Periodo Avaliativo' selecionado corretamente""
+	step 7 lider ""selecione a 'Unidade' correspondente no campo de selecao de unidade""
+	step 8 system ""exibe o campo 'Unidade' preenchido corretamente""
+	step 9 lider ""preencha o campo 'Possiveis Capacitacoes' com informacoes sobre capacitacoes adicionais""
+	step 10 system ""exibe o campo 'Possiveis Capacitacoes' preenchido corretamente""
+	step 11 lider ""preencha o campo 'Observacao' com informacoes adicionais ou relevantes sobre o plano de capacitacao""
+	step 12 system ""exibe o campo 'Observacao' preenchido corretamente""
+	step 13 lider ""seleciona as 'Pessoas' que farao parte do plano de capacitacao""
+	step 14 system ""exibe as 'Pessoas' escolhidas corretamente na lista 'Selecionadas'""
+	step 15 lider ""seleciona as 'Competencias' a serem trabalhadas no plano de capacitacao""
+	step 16 system ""exibe as 'Competencias' selecionadas corretamente na lista 'Selecionadas'""
+	step 17 lider ""clica na opcao 'Salvar'""
+    step 18 system ""realiza a acao conforme a opcao selecionada pelo usuario e 
+				   retorna feedback correspondente"" ef[1,2]
+  }
+
+  alternative 1 ""Editar Planos de Capacitacao de TI Existente"" {
+    step 1 lider ""seleciona um Planos de Capacitacao de TI da listagem""
+    step 2 system ""destaca a Capacitacao de TI selecionada na listagem""
+    step 3 lider ""clica na opcao 'Editar' para modificar a Capacitacao de TI selecionada"" bs 4
+  }
+  
+  alternative 2 ""Confirmar Exclusao da Capacitacao de TI"" {
+  	step 1 lider ""seleciona um Planos de Capacitacao de TI da listagem""
+    step 2 system ""destaca a Capacitacao de TI selecionada na listagem""
+    step 3 lider ""clica na opcao 'Excluir' para excluir a Capacitacao de TI selecionada""
+    step 4 system ""solicita confirmacao de exclusao mostrando o nome da Capacitacao de TI""
+    step 5 lider ""confirma a exclusao da Capacitacao de TI""
+    step 6 system ""exibe a listagem das Planos de Capacitacao de TI sem a Capacitacao de TI excluida"" ef[3,4]
+  }
+
+  alternative 3 ""Negar Exclusao da Capacitacao de TI"" {
+  	step 1 lider ""seleciona um Planos de Capacitacao de TI da listagem""
+    step 2 system ""destaca a Capacitacao de TI selecionada na listagem""
+    step 3 lider ""clica na opcao 'Excluir' para excluir a Capacitacao de TI selecionada""
+    step 4 system ""solicita confirmacao de exclusao mostrando o nome da Capacitacao de TI""
+    step 5 lider ""nao confirma a exclusao da Capacitacao de TI""
+    step 6 system ""exibe a listagem das Planos de Capacitacao de TI com a Capacitacao de TI excluida""
+  }
+  
+  alternative 4 ""Modo de visualizacao para usuarios nao-autenticados"" {
+  	step 1 usuarioNA ""acessa a funcionalidade de gestao de Planos de Capacitacao de TI a partir do menu inicial""
+  	step 2 system ""exibe a listagem das Planos de Capacitacao de TI cadastradas apenas para visualizacao com a opcao 'Ajuda'""
+  }
+
+  exception 1 ""Falha ao Salvar a nova Capacitacao de TI"" {
+    step 1 system ""exibe uma mensagem de erro ao tentar salvar a nova Capacitacao de TI, informando o campo ou a validacao que falhou""
+  }
+
+  exception 2 ""Erro ao Editar Capacitacao de TI"" {
+    step 1 system ""exibe uma mensagem de erro ao tentar editar a Capacitacao de TI, informando o campo ou a validacao que falhou""
+  }
+
+  exception 3 ""Falha na Exclusao da Capacitacao de TI"" {
+    step 1 system ""exibe uma mensagem de erro ao tentar excluir a Capacitacao de TI""
+  }
+  
+  exception 4 ""Falha na Exclusao do Avaliacao: nao e o lider"" {
+    step 1 system ""exibe uma mensagem de erro ao tentar excluir a Avaliacao informando que o usuario nao e o lider""
+  }
+
+  postCondition ""A gestao de Planos de Capacitacao de TI e realizada com sucesso.""
+}
",HIGH,11,0,0,"{'TC5', 'TC9', 'TC8', 'TC1', 'TC2', 'TC11', 'TC6', 'TC7', 'TC10', 'TC4', 'TC3'}",11,HIGH,"The updated snippet represents the creation of a new use case for managing 'Planos de Capacitacao de TI' in the system, including multiple actors, steps, alternatives, exceptions, and pre-/post-conditions. This introduction of a comprehensive new functionality and related processes necessitates reevaluation of system design, additional development effort, regression testing, and potentially impacts project timelines and resource allocation, characterizing it as a high-impact change.",6049
54,,src/RF018 - Gerenciar Metas de Desempenho.claret,exp01_gti-competencias_v1.1,exp01_gti-competencias_v1.2,,"+systemName ""GTI-Competencias""
+
+usecase ""RF018 - Gerenciar Metas de Desempenho"" {
+  version ""1.2"" type ""Criacao"" user ""Aislan Fernandes"" date ""13/05/2021""
+  actor lider ""Lider de Pessoas""
+  preCondition ""Lider de Pessoas esta autenticado no sistema; e, tem permissao para gerenciar Metas de Desempenho""
+
+  basic {
+    step 1 lider ""acessa a funcionalidade de Avaliacoes a partir do menu inicial""
+    step 2 system ""exibe a listagem das Avaliacoes cadastradas com a opcao 'Editar' dentre as varias listadas"" 
+    step 3 lider ""com uma avaliacao selecionada, clica na opcao 'Editar' modificar a Avaliacao de Desempenho""
+    step 4 system ""apresenta o formulario com o campo 'Metas' constando cada Competencia do perfil avaliado""
+    step 5 lider  ""altera o valor da 'Meta' para cada Competencia listada do perfil avaliado na Avaliacao atual (valores padrao de 1 a 4)""
+    step 6 system ""apresenta o campo 'Meta' para cada Competencia listada do perfil avaliado na Avaliacao preenchido corretamente""
+	step 7 lider ""clica na opcao 'Salvar'""
+    step 8 system ""realiza a acao conforme a opcao selecionada pelo usuario e 
+				   retorna feedback correspondente"" ef[1]
+  }
+
+  exception 1 ""Erro ao Editar Avaliacao"" {
+    step 1 system ""exibe uma mensagem de erro ao tentar editar, informando o campo ou a validacao que falhou""
+  }
+
+  postCondition ""A gestao de Metas de Desempenho e realizada com sucesso.""
+}
",HIGH,2,0,0,"{'TC2', 'TC1'}",2,HIGH,"The changes introduced a new use case, 'RF018 - Gerenciar Metas de Desempenho', including multiple steps, pre-conditions, post-conditions, actors, and exceptions. These modifications likely require reevaluation of system design, additional development efforts, regression testing, and updates to documentation, all indicative of a high-impact edit.",6004
55,,src/RF001 - Autenticar Usuario.claret,exp01_gti-competencias_v1.3,exp01_gti-competencias_v1.4,"-    step 1 sysUser ""inicia a tela de login atraves da opcao de Login no canto superior direito""
","+    step 1 sysUser ""abre a tela de login atraves da opcao de Login no canto superior direito""
",LOW,0,14,0,"{'TC5', 'TC13', 'TC9', 'TC8', 'TC14', 'TC1', 'TC2', 'TC11', 'TC6', 'TC7', 'TC10', 'TC4', 'TC12', 'TC3'}",14,LOW,"The change involves rephrasing for clarity by substituting the word 'inicia' with 'abre', which is a synonym in this context. This type of edit falls under rephrasing for clarity, and therefore, it has a low impact as it does not affect the system's functionality, design, or requirements but rather enhances understanding.",5333
56,,src/RF002 - Realizar logout.claret,exp01_gti-competencias_v1.3,exp01_gti-competencias_v1.4,"-    step 1 sysUser ""clica na opcao de Logout atraves da opcao disponivel no canto superior direito""
","+    step 1 sysUser ""clica na opcao de Logout disponivel no canto superior direito""
",LOW,0,1,0,{'TC1'},1,LOW,"The change involves removing a redundant phrase ('atraves da opcao') from the original snippet for clarity. The meaning and function of the step remain the same, indicating a low-impact edit primarily focused on simplifying the text without altering the system's functionality.",4050
57,,src/RF007 - Gerenciar Avaliacoes.claret,exp01_gti-competencias_v1.3,exp01_gti-competencias_v1.4,"-    step 2 system ""exibe a listagem dos Avaliacoes cadastrados com opcoes de 'Novo', 'Editar', 'Excluir' e 'Ajuda'"" 
","+    step 2 system ""exibe a listagem das Avaliacoes cadastradas com opcoes de 'Novo', 'Editar', 'Excluir' e 'Ajuda'"" 
",LOW,0,10,0,"{'TC5', 'TC9', 'TC8', 'TC1', 'TC2', 'TC6', 'TC7', 'TC10', 'TC4', 'TC3'}",10,LOW,"The change involves a grammatical correction from 'dos Avaliacoes cadastrados' to 'das Avaliacoes cadastradas', which is a rephrasing for clarity and correctness. This change does not alter the system functionality or logic, making it a low-impact edit.",4398
58,,src/RF007 - Gerenciar Avaliacoes.claret,exp01_gti-competencias_v1.3,exp01_gti-competencias_v1.4,"-    step 12 system ""apresenta em 'Metas' os campos 'Nivel' preenchido corretamente""              
","+    step 12 system ""apresenta em 'Metas' os campos 'Nivel' preenchidos corretamente""              
",LOW,0,3,7,"{'TC9', 'TC8', 'TC10'}",10,LOW,"The change involves correcting the grammatical agreement in the wording of the requirement ('preenchido' to 'preenchidos'). This is a low-impact edit, as it does not alter the functionality or requirements of the system but improves clarity and correctness of the language.",4879
59,,src/RF007 - Gerenciar Avaliacoes.claret,exp01_gti-competencias_v1.3,exp01_gti-competencias_v1.4,"-    step 4 system ""apresenta o formulario para e alteracao de Avaliacao""
-    step 5 lider ""verifica que os campos 'Periodo Avaliativo', 'Perfil' e 'Avaliado' somente leitura"" bs 11
","+    step 4 system ""apresenta o formulario para e alteracao da Avaliacao""
+    step 5 lider ""verifica que os campos 'Periodo Avaliativo', 'Perfil' e 'Avaliado' estao em modo somente leitura"" bs 11
",LOW,0,3,7,"{'TC7', 'TC5', 'TC6'}",10,LOW,The changes in the updated snippet consist of minor rephrasing for clarity and do not affect the functional behavior or system requirements. Such changes are generally considered low-impact edits as they improve readability without introducing new development or testing requirements.,4097
60,,src/RF007 - Gerenciar Avaliacoes.claret,exp01_gti-competencias_v1.3,exp01_gti-competencias_v1.4,"-    step 6 system ""exibe a listagem dos Avaliacoes sem o Avaliacao excluido"" ef[3,4]
","+    step 6 system ""exibe a listagem das Avaliacoes sem a Avaliacao excluida"" ef[3,4]
",LOW,0,1,9,{'TC2'},10,LOW,"The change involves rephrasing for clarity by correcting grammatical agreement in the Portuguese phrase, changing 'o Avaliacao excluido' to 'a Avaliacao excluida.' This is a minor syntactical adjustment that does not affect the system's behavior, logic, or flow, therefore classifying it as a low-impact edit.",5553
61,,src/RF007 - Gerenciar Avaliacoes.claret,exp01_gti-competencias_v1.3,exp01_gti-competencias_v1.4,"-    step 6 system ""exibe a listagem dos Avaliacoes com o Avaliacao excluido""
","+    step 6 system ""exibe a listagem das Avaliacoes com a Avaliacao nao excluida""
",LOW,0,1,9,{'TC1'},10,HIGH,"The change alters the functional behavior of the system by changing the inclusion criteria of 'Avaliacoes', from excluding to including an 'Avaliacao'. This implies a potential change in the underlying logic or data handling, thus requiring reevaluation of system design and testing.",4928
62,,src/RF008 - Gerenciar Respostas de Avaliacoes.claret,exp01_gti-competencias_v1.3,exp01_gti-competencias_v1.4,"-  preCondition ""Avaliador de Pessoas esta autenticado no sistema; e, tem permissao para gerenciar Respostas de Avaliacoes""
","+  preCondition ""Avaliador de Pessoas esta autenticado no sistema e tem permissao para gerenciar Respostas de Avaliacoes""
",LOW,0,7,0,"{'TC5', 'TC1', 'TC2', 'TC6', 'TC7', 'TC3', 'TC4'}",7,LOW,"The change involves removing a semicolon and conjunction, which is a formatting and punctuation adjustment. This does not alter the core functionality or intent of the requirement and is consistent with a low-impact edit.",14067
63,,src/RF008 - Gerenciar Respostas de Avaliacoes.claret,exp01_gti-competencias_v1.3,exp01_gti-competencias_v1.4,"-				   retorna feedback correspondente"" ef[2,3]
","+				    retorna feedback correspondente"" ef[2,3]
",LOW,0,2,5,"{'TC7', 'TC4'}",7,LOW,"The change involves only formatting adjustments with the alignment or spacing in the snippet. It does not impact the functional content, purpose, or logic of the use case. Therefore, it is classified as a low-impact edit based on the context description of formatting and punctuation adjustments.",4786
64,,src/RF008 - Gerenciar Respostas de Avaliacoes.claret,exp01_gti-competencias_v1.3,exp01_gti-competencias_v1.4,"-    step 2 system ""limpa os campos apresentados 'Nivel da Competencia' e 'Apontamentos' apresentados na tela para cada Perfil de Competencias avaliado""
-    step 5 avaliador ""verifica que os campos 'Nivel da Competencia' e 'Apontamentos' estao limpos"" bs 5 
","+    step 2 system ""limpa os campos 'Nivel da Competencia' e 'Apontamentos' exibidos na tela para cada Perfil de Competencias avaliado""
+    step 3 avaliador ""verifica que os campos 'Nivel da Competencia' e 'Apontamentos' estao limpos"" bs 5 
",LOW,0,3,4,"{'TC3', 'TC4', 'TC2'}",7,LOW,"The changes involve rephrasing for clarity and a minor adjustment in step numbering. These are consistent with low-impact edits, such as rewording for better understanding and formatting, which do not affect the overall system design or functionality.",14856
65,,src/RF009 - Gerenciar Resultados de Avaliacoes.claret,exp01_gti-competencias_v1.3,exp01_gti-competencias_v1.4,"-    step 5 lider  ""seleciona o 'Ata de Reuniao de Feedback' da Avaliacao (1 a 4) para cada Perfil de Competencias avaliado""
","+    step 5 lider  ""preenche a 'Ata de Reuniao de Feedback' da Avaliacao para cada Perfil de Competencias avaliado""
",LOW,0,4,0,"{'TC3', 'TC4', 'TC2', 'TC1'}",4,HIGH,"The change modifies the action performed in step 5 from selecting a document to filling it out, indicating an alteration in the functionality or task required, which can impact the system design, development effort, and potentially the user interface or workflow.",4952
66,,src/RF010 - Gerenciar Periodos Avaliativos.claret,exp01_gti-competencias_v1.3,exp01_gti-competencias_v1.4,"-    step 7 lider ""preenche o campo 'Data Inicial e Data Final' informando as respectivas datas referente ao periodo""
-    step 8 system ""apresenta o campo 'Data Inicial e Data Final' preenchido corretamente""
-	step 17 lider ""clica na opcao 'Salvar'""
-    step 18 system ""realiza a acao conforme a opcao selecionada pelo usuario e 
","+    step 7 lider ""preenche o campo 'Data Inicial' e 'Data Final' informando as respectivas datas referentes ao periodo""
+    step 8 system ""apresenta o campo 'Data Inicial' e 'Data Final' preenchido corretamente""
+	step 9 lider ""clica na opcao 'Salvar'""
+    step 10 system ""realiza a acao conforme a opcao selecionada pelo usuario e 
",LOW,0,6,4,"{'TC5', 'TC9', 'TC8', 'TC6', 'TC7', 'TC10'}",10,LOW,"The changes made involve minor textual adjustments and do not affect the functionality, system design, or requirements complexity. The provided steps have been reordered and clarified with minor rephrasing. These modifications are indicative of low-impact edits as they primarily concern readability and format rather than substantive changes to the use case's functionality or structure.",4979
67,,src/RF010 - Gerenciar Periodos Avaliativos.claret,exp01_gti-competencias_v1.3,exp01_gti-competencias_v1.4,"-    step 6 system ""exibe a listagem dos Periodos Avaliativos com o Periodo Avaliativo excluido""
","+    step 6 system ""exibe a listagem dos Periodos Avaliativos com o Periodo Avaliativo nao excluido""
",LOW,0,1,9,{'TC2'},10,HIGH,"The change alters the logic of the use case, impacting the system behavior by changing 'excluido' (excluded) to 'nao excluido' (not excluded). This modification likely affects system operations, requiring reevaluation of system design and potentially impacting project timelines and resource allocation.",4818
68,,src/RF011 - Gerenciar Competencias Portfolio.claret,exp01_gti-competencias_v1.3,exp01_gti-competencias_v1.4,"-    step 3 lider ""clica na opcao 'Novo' para criar um nova Competencia (portfolio)"" af[1,2,3]
","+    step 3 lider ""clica na opcao 'Novo' para criar uma nova Competencia (portfolio)"" af[1,2,3]
",LOW,0,12,16,"{'TC25', 'TC23', 'TC28', 'TC27', 'TC17', 'TC22', 'TC26', 'TC21', 'TC20', 'TC18', 'TC24', 'TC19'}",28,LOW,"The change involves correcting a grammatical error from 'um nova' to 'uma nova', which is a rephrasing for clarity. This type of edit falls under routine document maintenance, as it does not affect the system design, functionality, or project scope.",4215
69,,src/RF011 - Gerenciar Competencias Portfolio.claret,exp01_gti-competencias_v1.3,exp01_gti-competencias_v1.4,"-    step 1 lider ""seleciona um Competencias (Portfolio) da listagem""
","+    step 1 lider ""seleciona uma Competencias (Portfolio) da listagem""
",LOW,0,15,13,"{'TC5', 'TC13', 'TC9', 'TC8', 'TC14', 'TC15', 'TC16', 'TC2', 'TC11', 'TC6', 'TC7', 'TC10', 'TC4', 'TC12', 'TC3'}",28,LOW,"The change involves a minor grammatical adjustment from 'um' to 'uma', which is a rephrasing for clarity and does not impact the system design, functionality, or require additional development resources. It is consistent with changes related to formatting and punctuation, which are typically low-impact edits.",5506
70,,src/RF011 - Gerenciar Competencias Portfolio.claret,exp01_gti-competencias_v1.3,exp01_gti-competencias_v1.4,"-  	step 1 lider ""seleciona um Competencias (Portfolio) da listagem""
","+  	step 1 lider ""seleciona uma Competencias (Portfolio) da listagem""
",LOW,0,15,13,"{'TC5', 'TC13', 'TC9', 'TC8', 'TC14', 'TC15', 'TC16', 'TC2', 'TC11', 'TC6', 'TC7', 'TC10', 'TC4', 'TC12', 'TC3'}",28,LOW,"The change from 'um' to 'uma' is a grammatical correction that does not alter the functionality or understanding of the use case, making it a low-impact edit.",4364
71,,src/RF011 - Gerenciar Competencias Portfolio.claret,exp01_gti-competencias_v1.3,exp01_gti-competencias_v1.4,"-  alternative 3 ""Negar Exclusao da Competencia (Portfolio)"" {
-  	step 1 lider ""seleciona um Competencias (Portfolio) da listagem""
","+  alternative 3 ""Nao Confirmar Exclusao da Competencia (Portfolio)"" {
+  	step 1 lider ""seleciona uma Competencias (Portfolio) da listagem""
",LOW,0,15,13,"{'TC5', 'TC13', 'TC9', 'TC8', 'TC14', 'TC15', 'TC16', 'TC2', 'TC11', 'TC6', 'TC7', 'TC10', 'TC4', 'TC12', 'TC3'}",28,LOW,The changes involve rephrasing for clarity ('Negar Exclusao' to 'Nao Confirmar Exclusao') and grammatical correction ('um Competencias' to 'uma Competencias'). These are considered low-impact edits as they improve understanding and correct language without altering the fundamental requirements or system design.,5075
72,,src/RF011 - Gerenciar Competencias Portfolio.claret,exp01_gti-competencias_v1.3,exp01_gti-competencias_v1.4,"-    step 6 system ""exibe a listagem das Competencias (Portfolio) com a Competencia (Portfolio) excluida""
","+    step 6 system ""exibe a listagem das Competencias (Portfolio) com a Competencia (Portfolio) nao excluida""
",LOW,0,1,27,{'TC2'},28,HIGH,"The change alters the functionality of the system from displaying a list of competencies with a competency excluded to including it. This likely requires amendments to the system design, testing, and possibly impacts on user documentation and system behavior, which are characteristics of high-impact edits.",4635
73,,src/RF012 - Ajuda.claret,exp01_gti-competencias_v1.3,exp01_gti-competencias_v1.4,"-    step 2 system ""exibe a listagem dos Niveis das Competencias cadastradas com opcoes de 'Novo', 'Editar', 'Excluir' e 'Ajuda'"" 
","+    step 2 system ""exibe a listagem dos Niveis das Competencias cadastrados com opcoes de 'Novo', 'Editar', 'Excluir' e 'Ajuda'"" 
",LOW,0,1,4,{'TC1'},5,LOW,"The change involves a minor rephrasing from 'cadastradas' to 'cadastrados', which is likely a grammatical or typographical correction. This is considered a low-impact edit as it does not alter the functionality or underlying requirements of the system, nor does it require reevaluation of system design or affect project timelines.",5932
74,,src/RF013 - Gerenciar Niveis das Competencias.claret,exp01_gti-competencias_v1.3,exp01_gti-competencias_v1.4,"-    step 3 lider ""clica na opcao 'Novo' para criar um novo Niveis das Competencias"" af[1,2,3]
","+    step 3 lider ""clica na opcao 'Novo' para criar um novo Nivel das Competencias"" af[1,2,3]
",LOW,0,3,7,"{'TC9', 'TC8', 'TC10'}",10,LOW,The update changes the term 'Niveis' to 'Nivel' which is a minor grammatical correction and does not alter the functionality or requirements of the use case. This falls under rephrasing for clarity and does not impact system design or project resources significantly.,4403
75,,src/RF013 - Gerenciar Niveis das Competencias.claret,exp01_gti-competencias_v1.3,exp01_gti-competencias_v1.4,"-    step 6 system ""exibe a listagem dos Niveis das Competencias com o Nivel das Competencias excluido""
","+    step 6 system ""exibe a listagem dos Niveis das Competencias com o Nivel das Competencias nao excluido""
",LOW,0,1,9,{'TC2'},10,LOW,The change involves a minor rephrasing that clarifies the status of the 'Nivel das Competencias' as 'nao excluido' (not excluded). This alteration does not impact the functionality or design of the system but rather enhances the clarity of the requirement.,5147
76,,src/RF014 - Administrador de Dados.claret,exp01_gti-competencias_v1.3,exp01_gti-competencias_v1.4,"-  preCondition ""Administrador esta autenticado no sistema; e, tem permissao para alterar Gerente de Desempenho""
","+  preCondition ""Administrador esta autenticado no sistema e tem permissao para alterar Gerente de Desempenho""
",LOW,0,3,0,"{'TC3', 'TC2', 'TC1'}",3,LOW,"The change involves the removal of punctuation (a semicolon and a conjunction) for improved clarity, which aligns with formatting and punctuation adjustments, categorized under low-impact edits. Such changes do not affect the system design, functionality, or project timeline and require minimal effort to implement.",5442
77,,src/RF014 - Administrador de Dados.claret,exp01_gti-competencias_v1.3,exp01_gti-competencias_v1.4,"-    step 2 system ""exibe a listagem do Catalogo (Perfis) de Competencias cadastradas com a opcao 'Alterar Gerente' dentre as varias listadas"" 
","+    step 2 system ""exibe a listagem dos Perfis de Competencias cadastrados com a opcao 'Alterar Gerente' dentre as varias listadas"" 
",LOW,0,3,0,"{'TC3', 'TC2', 'TC1'}",3,LOW,"The change involves rephrasing for clarity by removing 'do Catalogo' from the original sentence, which does not alter the meaning of the requirement. This type of modification is typically considered a low-impact edit as it doesn't necessitate reevaluation of system design or additional development effort.",6768
78,,src/RF014 - Administrador de Dados.claret,exp01_gti-competencias_v1.3,exp01_gti-competencias_v1.4,"-    step 5 admin  ""preenche o campo 'Login do Novo Gerente de Desempenho' do novo Gerente de Desempenho para o Perfil de Competencias ""
","+    step 5 admin  ""preenche o campo 'Login do Novo Gerente de Desempenho' para o Perfil de Competencias""
",LOW,0,3,0,"{'TC3', 'TC2', 'TC1'}",3,LOW,"The change involves removing a redundant phrase 'do novo Gerente de Desempenho' which does not affect the functionality or design of the system. It seems to be a rephrasing for clarity or conciseness, thus making it a low-impact edit.",7954
79,,src/RF014 - Administrador de Dados.claret,exp01_gti-competencias_v1.3,exp01_gti-competencias_v1.4,"-    step 2 system ""apresenta o Catalogo (Perfis) de Competencias cadastradas sem nenhuma alteracao""
","+    step 2 system ""apresenta o Catalogo (Perfis) de Competencias sem nenhuma alteracao""
",LOW,0,1,2,{'TC1'},3,LOW,"The update involves removing the phrase 'cadastradas', which is a minor change related to wording. It does not alter the fundamental functionality or requirements of the system. Such rephrasing for clarity is typically considered low-impact as it does not affect system design, development effort, or project timelines.",4935
80,,src/RF015 - Gerenciar Planos de Capacitacao de TI.claret,exp01_gti-competencias_v1.3,exp01_gti-competencias_v1.4,"-    step 2 system ""exibe a listagem das Planos de Capacitacao de TI cadastradas com opcoes de 'Novo', 'Editar', 'Excluir' e 'Ajuda'"" 
","+    step 2 system ""exibe a listagem dos Planos de Capacitacao de TI cadastrados com opcoes de 'Novo', 'Editar', 'Excluir' e 'Ajuda'"" 
",LOW,0,10,1,"{'TC5', 'TC9', 'TC8', 'TC2', 'TC11', 'TC6', 'TC7', 'TC10', 'TC4', 'TC3'}",11,LOW,"The change involves a grammatical correction from 'das Planos' to 'dos Planos'. This rephrasing does not alter the meaning or functionality of the system, and therefore is considered a low-impact edit.",16712
81,,src/RF015 - Gerenciar Planos de Capacitacao de TI.claret,exp01_gti-competencias_v1.3,exp01_gti-competencias_v1.4,"-    step 5 lider ""escolha o 'Periodo Avaliativo' apropriado no campo de selecao""
","+    step 5 lider ""escolhe o 'Periodo Avaliativo' apropriado no campo de selecao""
",LOW,0,6,5,"{'TC9', 'TC8', 'TC11', 'TC6', 'TC7', 'TC10'}",11,LOW,"The change involves a minor grammatical correction, switching from 'escolha' to 'escolhe,' which is considered a rephrasing for clarity. This change does not alter the functionality or intent of the requirement, thus classifying it as low-impact.",6088
82,,src/RF015 - Gerenciar Planos de Capacitacao de TI.claret,exp01_gti-competencias_v1.3,exp01_gti-competencias_v1.4,"-	step 7 lider ""selecione a 'Unidade' correspondente no campo de selecao de unidade""
","+	step 7 lider ""seleciona a 'Unidade' correspondente no campo de selecao de unidade""
",LOW,0,6,5,"{'TC9', 'TC8', 'TC11', 'TC6', 'TC7', 'TC10'}",11,LOW,"The change involves a minor grammatical adjustment from 'selecione' to 'seleciona', which does not alter the functionality, design, or system behavior. It is a rephrasing for clarity and therefore qualifies as a low-impact edit.",8260
83,,src/RF015 - Gerenciar Planos de Capacitacao de TI.claret,exp01_gti-competencias_v1.3,exp01_gti-competencias_v1.4,"-	step 9 lider ""preencha o campo 'Possiveis Capacitacoes' com informacoes sobre capacitacoes adicionais""
","+	step 9 lider ""preenche o campo 'Possiveis Capacitacoes' com informacoes sobre capacitacoes adicionais""
",LOW,0,6,5,"{'TC9', 'TC8', 'TC11', 'TC6', 'TC7', 'TC10'}",11,LOW,"The change involves a minor rewording of the verb from 'preencha' to 'preenche'. This slight alteration does not affect the overall meaning, functionality, or requirements of the use case and thus qualifies as a low-impact edit focused on clarity rather than substantive modification.",4855
84,,src/RF015 - Gerenciar Planos de Capacitacao de TI.claret,exp01_gti-competencias_v1.3,exp01_gti-competencias_v1.4,"-	step 11 lider ""preencha o campo 'Observacao' com informacoes adicionais ou relevantes sobre o plano de capacitacao""
","+	step 11 lider ""preenche o campo 'Observacao' com informacoes adicionais ou relevantes sobre o plano de capacitacao""
",LOW,0,6,5,"{'TC9', 'TC8', 'TC11', 'TC6', 'TC7', 'TC10'}",11,LOW,"The change from 'preencha' to 'preenche' in the step description represents a minor grammatical adjustment. This alteration does not affect the functionality, logic, or flow of the use case. Therefore, it is classified as a low-impact edit focused on readability or clarity without significant implications on system behavior or requirements management.",4296
85,,src/RF015 - Gerenciar Planos de Capacitacao de TI.claret,exp01_gti-competencias_v1.3,exp01_gti-competencias_v1.4,"-    step 1 lider ""seleciona um Planos de Capacitacao de TI da listagem""
","+    step 1 lider ""seleciona um Plano de Capacitacao de TI da listagem""
",LOW,0,7,4,"{'TC5', 'TC8', 'TC2', 'TC6', 'TC7', 'TC3', 'TC4'}",11,LOW,"The change involves correcting a pluralization error from 'Planos' to 'Plano', which falls under rephrasing for clarity. This is a minor textual adjustment that does not impact the overall functionality or logic of the use case.",5788
86,,src/RF015 - Gerenciar Planos de Capacitacao de TI.claret,exp01_gti-competencias_v1.3,exp01_gti-competencias_v1.4,"-  	step 1 lider ""seleciona um Planos de Capacitacao de TI da listagem""
","+  	step 1 lider ""seleciona um Plano de Capacitacao de TI da listagem""
",LOW,0,7,4,"{'TC5', 'TC8', 'TC2', 'TC6', 'TC7', 'TC3', 'TC4'}",11,LOW,"The change involves correcting a minor grammatical error from 'Planos' to 'Plano', which is a rephrasing for clarity and does not affect the functionality or requirements of the system. It's a modification for better understanding and readability without substantial impact on the system design, development effort, or project timelines.",5476
87,,src/RF015 - Gerenciar Planos de Capacitacao de TI.claret,exp01_gti-competencias_v1.3,exp01_gti-competencias_v1.4,"-    step 6 system ""exibe a listagem das Planos de Capacitacao de TI sem a Capacitacao de TI excluida"" ef[3,4]
","+    step 6 system ""exibe a listagem dos Planos de Capacitacao de TI sem a Capacitacao de TI excluida"" ef[3,4]
",LOW,0,1,10,{'TC3'},11,LOW,"The change involves correcting a minor grammatical error, changing 'a listagem das' to 'a listagem dos', which does not affect the functionality or requirements of the system. This is a low-impact edit as it is similar to rephrasing for clarity or adjusting formatting.",5196
88,,src/RF015 - Gerenciar Planos de Capacitacao de TI.claret,exp01_gti-competencias_v1.3,exp01_gti-competencias_v1.4,"-  alternative 3 ""Negar Exclusao da Capacitacao de TI"" {
-  	step 1 lider ""seleciona um Planos de Capacitacao de TI da listagem""
","+  alternative 3 ""Nao Confirmar Exclusao da Capacitacao de TI"" {
+  	step 1 lider ""seleciona um Plano de Capacitacao de TI da listagem""
",LOW,0,7,4,"{'TC5', 'TC8', 'TC2', 'TC6', 'TC7', 'TC3', 'TC4'}",11,LOW,"The changes made in the updated snippet involve rephrasing for clarity and correcting a minor typographical error ('Planos' to 'Plano'). These adjustments do not impact the functionality or logic of the use case and can be considered as routine document maintenance. Hence, the changes are classified as low-impact.",4958
89,,src/RF015 - Gerenciar Planos de Capacitacao de TI.claret,exp01_gti-competencias_v1.3,exp01_gti-competencias_v1.4,"-    step 6 system ""exibe a listagem das Planos de Capacitacao de TI com a Capacitacao de TI excluida""
","+    step 6 system ""exibe a listagem dos Planos de Capacitacao de TI com a Capacitacao de TI nao excluida""
",LOW,0,1,10,{'TC2'},11,HIGH,"The change alters the functionality described in the use case, specifically regarding whether a Capacitação de TI is excluded or not. This likely impacts the system's behavior, requiring reevaluation and potential adjustments to design, development, and testing processes.",5400
90,,src/RF015 - Gerenciar Planos de Capacitacao de TI.claret,exp01_gti-competencias_v1.3,exp01_gti-competencias_v1.4,"-  	step 2 system ""exibe a listagem das Planos de Capacitacao de TI cadastradas apenas para visualizacao com a opcao 'Ajuda'""
","+  	step 2 system ""exibe a listagem dos Planos de Capacitacao de TI cadastrados apenas para visualizacao com a opcao 'Ajuda'""
",LOW,0,1,10,{'TC1'},11,LOW,"The change involves a grammatical correction from 'cadastradas' to 'cadastrados' to match the gender of 'Planos', which is a minor textual adjustment. This type of change falls under rephrasing for clarity and does not affect system design, functionality, or project scope, making it low-impact.",11588
91,,src/RF018 - Gerenciar Metas de Desempenho.claret,exp01_gti-competencias_v1.3,exp01_gti-competencias_v1.4,"-  preCondition ""Lider de Pessoas esta autenticado no sistema; e, tem permissao para gerenciar Metas de Desempenho""
","+  preCondition ""Lider de Pessoas esta autenticado no sistema e tem permissao para gerenciar Metas de Desempenho""
",LOW,0,2,0,"{'TC2', 'TC1'}",2,LOW,"The change involved removing punctuation (a semicolon and conjunction change from 'e, tem' to 'e tem') in the precondition statement, which is a formatting change aimed at improving readability and clarity. This is consistent with low-impact edits, such as formatting and punctuation adjustments, which do not affect the underlying functional requirements or system design.",4930
92,,src/RF018 - Gerenciar Metas de Desempenho.claret,exp01_gti-competencias_v1.3,exp01_gti-competencias_v1.4,"-    step 3 lider ""com uma avaliacao selecionada, clica na opcao 'Editar' modificar a Avaliacao de Desempenho""
-    step 4 system ""apresenta o formulario com o campo 'Metas' constando cada Competencia do perfil avaliado""
","+    step 3 lider ""com uma avaliacao selecionada, clica na opcao 'Editar' para modificar a Avaliacao de Desempenho""
+    step 4 system ""apresenta o formulario com o campo 'Metas' contendo cada Competencia do perfil avaliado""
",LOW,0,2,0,"{'TC2', 'TC1'}",2,LOW,"The changes involve minor rephrasing and synonym replacement for clarity, such as adding the word 'para' and using 'contendo' instead of 'constando'. These alterations do not affect the system's functionality or require reevaluation of design, testing, or documentation, making them low-impact edits.",4858
93,,src/RF008 - Gerenciar Respostas de Avaliacoes.claret,exp01_gti-competencias_v1.4,exp01_gti-competencias_v1.5,"-    step 2 system ""exibe a listagem das Avaliacoes cadastradas com a opcao 'Formulario' dentre as varias listadas"" 
-    step 3 avaliador ""com uma avaliacao selecionada, clica na opcao 'Formulario' para criar uma nova Avaliacao""
","+    step 2 system ""exibe a listagem das Avaliacoes cadastradas com a opcao 'Formulario' dentre as varias exibidas"" 
+    step 3 avaliador ""com uma avaliacao selecionada, clica na opcao 'Formulario' para responder a uma Avaliacao ou Autoavaliacao""
",LOW,0,7,0,"{'TC5', 'TC1', 'TC2', 'TC6', 'TC7', 'TC3', 'TC4'}",7,HIGH,"The change in step 3 modifies the functionality from 'create a new Avaliacao' to 'respond to an Avaliacao or Autoavaliacao', which likely affects the system's design and user processes. This requires comprehensive evaluation as it impacts the core workflow and could necessitate additional development and testing, thus classifying it as a high-impact edit.",4919
94,,src/RF008 - Gerenciar Respostas de Avaliacoes.claret,exp01_gti-competencias_v1.4,exp01_gti-competencias_v1.5,"-    step 5 avaliador  ""seleciona o 'Nivel da Competencia' da Avaliacao (1 a 4) para cada Perfil de Competencias avaliado""
-    step 6 system ""apresenta o campo 'Nivel da Competencia' preenchido corretamente""
-    step 7 avaliador ""adiciona 'Apontamentos' sobre a avaliacao para cada Perfil de Competencias avaliado""
-    step 8 system ""apresenta os 'Apontamentos' preenchidos corretamente""
-	step 9 avaliador ""clica na opcao 'Salvar'"" af[1]
-    step 10 system ""realiza a acao conforme a opcao selecionada pelo usuario e 
-				    retorna feedback correspondente"" ef[2,3]
","+    step 5 avaliador  ""seleciona o 'Nivel de Interacao' para cada Perfil de Competencias avaliado""
+    step 6 system ""apresenta o campo 'Nivel de Interacao' preenchido corretamente""
+    step 7 avaliador  ""seleciona que e 'Capaz de Avaliar a Competencia' para cada Perfil de Competencias avaliado"" af[2]
+    step 8 system ""apresenta o campo 'Capaz de Avaliar' preenchido como 'SIM'""
+    step 9 avaliador  ""seleciona o 'Nivel da Competencia' da Avaliacao (1 a 4) para cada Perfil de Competencias avaliado""
+    step 10 system ""apresenta o campo 'Nivel da Competencia' preenchido corretamente""
+    step 11 avaliador ""adiciona 'Apontamentos' sobre a avaliacao para cada Perfil de Competencias avaliado""
+    step 12 system ""apresenta os 'Apontamentos' preenchidos corretamente""
+	step 13 avaliador ""clica na opcao 'Salvar'"" af[1]
+    step 14 system ""realiza a acao conforme a opcao selecionada pelo usuario e 
+				    retorna feedback correspondente"" ef[2,3,4]
",HIGH,0,6,1,"{'TC5', 'TC2', 'TC6', 'TC7', 'TC3', 'TC4'}",7,HIGH,"The changes involve modifying the actions and steps significantly, including the introduction of new steps, changing step sequences, and altering the logic by introducing new variables such as 'Nivel de Interacao' and 'Capaz de Avaliar a Competencia'. These changes likely impact system design, require testing, and update to user documentation, which aligns with the criteria for high-impact changes.",5255
95,,src/RF008 - Gerenciar Respostas de Avaliacoes.claret,exp01_gti-competencias_v1.4,exp01_gti-competencias_v1.5,,"+  exception 4 ""Sem Justificativa"" {
+    step 1 system ""exibe uma mensagem de erro informando ao usuario que nao informou justificativa""
+  }
+  
",HIGH,4,0,13,"{'TC8', 'TC16', 'TC12', 'TC4'}",17,HIGH,"The addition of an exception involves a new error handling scenario that was not previously considered in the original use case. This change could impact the system design, require development effort to implement the new behavior, and potentially necessitate regression testing to ensure existing functionalities are not affected. Therefore, it is classified as a high-impact edit.",4820
96,,src/RF008 - Gerenciar Respostas de Avaliacoes.claret,exp01_gti-competencias_v1.4,exp01_gti-competencias_v1.5,,"+  
+  alternative 2 ""Nao e Capaz de Avaliar a Competencia"" {
+  	step 1 avaliador  ""seleciona que nao e 'Capaz de Avaliar a Competencia' para cada Perfil de Competencias avaliado""
+    step 2 system ""apresenta o campo 'Capaz de Avaliar' preenchido como 'NAO'""
+    step 3 avaliador ""preenche o campo de 'Justificativas' para cada Perfil de Competencias avaliado""
+    step 4 system ""apresenta o campo de 'Capaz de Avaliar' preenchido corretamente""
+    step 5 avaliador ""clica no botao 'Justificar'"" bs 14
+  }
",HIGH,8,0,9,"{'TC5', 'TC9', 'TC8', 'TC2', 'TC6', 'TC7', 'TC3', 'TC4'}",17,HIGH,"The updated snippet introduces a new alternative flow with multiple steps, indicating a significant change in the system's behavior and user interaction. This requires reevaluation of the system design, potential additional development effort, and could affect project timelines, classifying it as a high-impact edit.",4534
97,,src/RF009 - Gerenciar Resultados de Avaliacoes.claret,exp01_gti-competencias_v1.4,exp01_gti-competencias_v1.5,"-    step 2 system ""exibe a listagem das Avaliacoes cadastradas com a opcao 'Resultado' dentre as varias listadas"" 
","+    step 2 system ""exibe a listagem das Avaliacoes cadastradas com a opcao 'Resultado' dentre as varias exibidas"" 
",LOW,0,4,0,"{'TC3', 'TC4', 'TC2', 'TC1'}",4,LOW,"The update involves a minor rephrasing by changing 'listadas' to 'exibidas', which does not alter the functionality or requirements of the system. This is a low-impact edit as it is akin to rephrasing for clarity.",4709
98,,src/RF016 - Copiar Itens de Avaliacao.claret,exp01_gti-competencias_v1.4,exp01_gti-competencias_v1.5,,"+systemName ""GTI-Competencias""
+
+usecase ""RF016 - Copiar Itens de Avaliacao"" {
+  version ""1.5"" type ""Criacao"" user ""Carlos Diego"" date ""03/06/2022""
+  actor lider ""Lider de Pessoas""
+  preCondition ""Lider de Pessoas esta autenticado no sistema e tem permissao para copiar itens de avaliacoes""
+
+  basic {
+    step 1 lider ""acessa a funcionalidade 'Avaliacoes' a partir do menu inicial"" af[1]
+    step 2 system ""exibe a listagem das Avaliacoes cadastradas com a opcao 'Copiar' dentre as varias exibidas"" 
+    step 3 lider ""com uma Avaliacao selecionada, clica na opcao 'Copiar' para copia-la""
+    step 4 system ""apresenta o formulario para copiar a Avaliacao com os valores atuais ja preenchidos, exceto o 'Avaliado', que deve estar vazio""
+    step 5 lider  ""seleciona o 'Periodo Avaliativo' da Avaliacao""
+    step 6 system ""apresenta o campo 'Periodo Avaliativo' preenchido corretamente""
+    step 7 lider ""seleciona o colaborador a ser 'Avaliado' na Avaliacao""
+    step 8 system ""apresenta o campo 'Avaliado' preenchido corretamente""
+    step 9 lider ""escolhe que deseja 'fazer uma copia' do Perfil de Competencias"" af[2]
+    step 10 system ""apresenta o campo 'fazer uma copia' do Perfil de Competencias com a opcao 'SIM' selecionada""
+    step 11 lider ""preenche o 'nome' do novo Perfil de Competencias da Avaliacao""
+    step 12 system ""apresenta o campo 'nome' do novo Perfil de Competencias da Avaliacao preenchido corretamente""
+    step 13 lider ""clica na opcao 'Confirmar'"" af[3]
+    step 14 system ""apresenta uma mensagem de confirmacao referente a criacao do novo Perfil de Competencias""
+    step 15 lider ""confirma a operacao de criacao do novo Perfil de Competencias"" af[4]
+    step 16 system ""realiza a acao conforme a opcao selecionada pelo usuario e 
+				    retorna feedback correspondente"" ef[1,2]
+  }
+
+  alternative 1 ""Copiar Perfil de Competencias"" {
+    step 1 lider ""acessa a funcionalidade 'Catalogo (Perfis) de Competencias' a partir do menu inicial""
+    step 2 system ""exibe a listagem dos Perfis de Competencias com a opcao 'Copiar' dentre as varias exibidas""
+    step 3 lider ""com um Perfil de Competencias selecionado, clica na opcao 'Copiar' para copia-lo""
+    step 4 system ""apresenta o formulario para copiar o Perfil de Competencias com os valores atuais ja preenchidos""
+    step 5 lider  ""seleciona o 'Periodo Avaliativo' da Avaliacao""
+    step 6 system ""apresenta o campo 'Periodo Avaliativo' preenchido corretamente""
+    step 7 lider ""preenche o 'nome' do novo Perfil de Competencias da Avaliacao""
+    step 8 system ""apresenta o campo 'nome' do novo Perfil de Competencias preenchido corretamente"" 
+    step 9 lider ""clica na opcao 'Confirmar'"" bs 16
+  }
+  
+  alternative 2 ""Nao Fazer uma Copia do Perfil de Competencias"" {
+  	step 1 lider ""escolhe que nao deseja 'fazer uma copia' do Perfil de Competencias""
+    step 2 system ""apresenta o campo 'fazer uma copia' do Perfil de Competencias com a opcao 'NAO' selecionada""
+    step 3 lider ""seleciona um Perfil de Competencias dentre os disponiveis""
+    step 4 system ""apresenta o 'nome' do Perfil de Competencias existente escolhido"" 
+    step 5 lider ""clica na opcao 'Confirmar'"" bs 16
+  }
+  
+  alternative 3 ""Nao Confirmar a Copia do Perfil de Competencias"" {
+  	step 1 lider ""nao confirma a operacao de criacao do novo Perfil de Competencias""
+    step 2 system ""apresenta o formulario para copiar a Avaliacao com os valores ja preenchidos""
+  }
+  
+  alternative 4 ""Cancelar Copia do Perfil de Competencias"" {
+  	step 1 lider ""nao confirma a operacao de criacao do novo Perfil de Competencias""
+    step 2 system ""exibe a listagem de Avaliacoes sem uma nova avaliacao copiada""
+  }
+
+  exception 1 ""Falha ao Salvar a nova Avaliacao"" {
+    step 1 system ""exibe uma mensagem de erro ao tentar salvar a nova Avaliacao, informando o campo ou a validacao que falhou""
+  }
+
+  exception 2 ""Falha ao Fazer uma Copia do Perfil de Competencias"" {
+    step 1 system ""exibe uma mensagem de erro ao tentar copiar a Avaliacao, informando que o Perfil de Competencias com este nome ja existe""
+  }
+
+  postCondition ""A copia de itens de avaliacao e realizada com sucesso.""
+}
",HIGH,11,0,0,"{'TC5', 'TC9', 'TC8', 'TC1', 'TC2', 'TC11', 'TC6', 'TC7', 'TC10', 'TC4', 'TC3'}",11,HIGH,"The use case 'RF016 - Copiar Itens de Avaliacao' represents a new system functionality that was added, involving multiple steps of interaction between the user and the system. This includes creating, modifying, and copying evaluation items and competency profiles, with various branches for alternative and exception paths. Such changes typically require re-evaluation of system design, may impact development efforts, testing, and could affect project timelines, thus categorizing it as a high-impact edit.",5108
99,src/RF018 - Gerenciar Metas de Desempenho.claret,src/RF017 - Gerenciar Metas de Desempenho.claret,exp01_gti-competencias_v1.4,exp01_gti-competencias_v1.5,"-    step 2 system ""exibe a listagem das Avaliacoes cadastradas com a opcao 'Editar' dentre as varias listadas"" 
","+    step 2 system ""exibe a listagem das Avaliacoes cadastradas com a opcao 'Editar' dentre as varias exibidas"" 
",LOW,0,2,0,"{'TC2', 'TC1'}",2,LOW,"The change involves rewording for clarity by replacing 'listadas' with 'exibidas', which is a synonym. This is considered a low-impact edit as it does not alter the system's functionality or require any reevaluation or modification of the system design.",4313
