index,previous_filename,filename,base_tag,head_tag,base_tag_lines_txt,head_tag_lines_txt,edit_classification_truth,new_ct,obsolete_ct,reusable_ct,affected_cts,total_ct,edit_classification,decision_rationale,elapsed_time_ms
0,,src/RF001 - Autenticar Usuario.claret,exp01_gti-competencias_v0.1,exp01_gti-competencias_v1.0,"-    step 1 sysUser ""inicia a tela de login atraves da opcao de login no canto superior direito""
","+    step 1 sysUser ""inicia a tela de login atraves da opcao de Login no canto superior direito""
",LOW,0,14,0,"{'TC5', 'TC13', 'TC9', 'TC8', 'TC14', 'TC1', 'TC2', 'TC11', 'TC6', 'TC7', 'TC10', 'TC4', 'TC12', 'TC3'}",14,LOW,The change involves adjusting the capitalization of the word 'Login' which is a formatting edit and does not affect the functionality or behavior of the system. Such a change is considered low-impact as it pertains to stylistic elements rather than technical or structural alterations.,4570
1,,src/RF002 - Realizar logout.claret,exp01_gti-competencias_v0.1,exp01_gti-competencias_v1.0,"-    step 1 sysUser ""clica na opcao de logout atraves da opcao disponivel no canto superior direito""
","+    step 1 sysUser ""clica na opcao de Logout atraves da opcao disponivel no canto superior direito""
",LOW,0,1,0,{'TC1'},1,LOW,"The change involves rephrasing for clarity by capitalizing the word 'Logout'. This is considered a stylistic adjustment and does not alter the system's functionality or impact system design, development effort, or project timelines.",4087
2,,src/RF003 - Visualizar Permissoes do Usuario.claret,exp01_gti-competencias_v0.1,exp01_gti-competencias_v1.0,"-    step 2 system ""exibe a tela com a tabela das permissoes concedidas ao seu usuario""
","+    step 2 system ""exibe a tela com a tabela das Permissoes concedidas ao seu usuario""
",LOW,0,1,0,{'TC1'},1,LOW,"The change involves only a capitalization adjustment from 'permissoes' to 'Permissoes', which is a formatting change and does not affect the functionality, design, or understanding of the requirement. It is considered a low-impact edit because it is primarily focused on stylistic elements.",6334
3,,src/RF003 - Visualizar Permissoes do Usuario.claret,exp01_gti-competencias_v0.1,exp01_gti-competencias_v1.0,"-  postCondition ""Usuario visualiza a tabela das permissoes concedidas ao seu usuario""
","+  postCondition ""Usuario visualiza a tabela das Permissoes concedidas ao seu usuario""
",LOW,0,1,0,{'TC1'},1,LOW,"The change involves capitalizing a word in the text. This is a stylistic or formatting adjustment that does not alter the meaning or functionality of the requirement, thus it is considered a low-impact edit.",3909
4,,src/RF006 - Gerenciar Perfis de Competencias.claret,exp01_gti-competencias_v0.1,exp01_gti-competencias_v1.0,"-				tem permissao para gerenciar perfis de competencias.""
","+				tem permissao para gerenciar Perfis de Competencias.""
",LOW,0,11,0,"{'TC5', 'TC9', 'TC8', 'TC1', 'TC2', 'TC11', 'TC6', 'TC7', 'TC10', 'TC4', 'TC3'}",11,LOW,"The change involves capitalization of words 'Perfis de Competencias' for stylistic purposes, which is a minor modification that does not affect system design, functionality, or requirements. Thus, it's classified as a low-impact edit.",4460
5,,src/RF006 - Gerenciar Perfis de Competencias.claret,exp01_gti-competencias_v0.1,exp01_gti-competencias_v1.0,"-    step 1 lider ""acessa a funcionalidade de gestao de perfis de competencias a partir do menu inicial"" af[4]
-    step 2 system ""exibe a listagem dos perfis de competencias cadastrados com opcoes de 'Novo', 'Editar', 'Excluir' e 'Ajuda'"" 
-    step 3 lider ""clica na opcao 'Novo' para criar um novo perfil"" af[1,2,3]
","+    step 1 lider ""acessa a funcionalidade de gestao de Perfis de Competencias a partir do menu inicial"" af[4]
+    step 2 system ""exibe a listagem dos Perfis de Competencias cadastrados com opcoes de 'Novo', 'Editar', 'Excluir' e 'Ajuda'"" 
+    step 3 lider ""clica na opcao 'Novo' para criar um Novo Perfil de Competencias"" af[1,2,3]
",LOW,0,4,7,"{'TC9', 'TC11', 'TC8', 'TC10'}",11,LOW,"The updates made to the use case snippets involve changes in capitalization and minor rewording of terms for consistency and clarity, such as 'Perfis de Competencias' and 'Novo Perfil de Competencias'. These changes are aligned with rephrasing for clarity, impacting readability rather than the functionality or design of the system. Thus, they are considered low-impact edits.",5829
6,,src/RF006 - Gerenciar Perfis de Competencias.claret,exp01_gti-competencias_v0.1,exp01_gti-competencias_v1.0,"-				   retorna feedback correspondente"" ef[1,2,3]
","+				   retorna feedback correspondente"" ef[1,2]
",HIGH,0,2,9,"{'TC7', 'TC11'}",11,HIGH,"The update modifies the ef (likely an effect or condition, typically numerical in use cases) list from [1,2,3] to [1,2], which could impact the functionality, conditions, or expected outcomes of the system, necessitating a reevaluation of system design.",4767
7,,src/RF006 - Gerenciar Perfis de Competencias.claret,exp01_gti-competencias_v0.1,exp01_gti-competencias_v1.0,"-    step 6 system ""exibe a listagem dos perfis de competencias sem o perfil de competencias excluido""
","+    step 6 system ""exibe a listagem dos Perfis de Competencias sem o perfil de competencias excluido"" ef[3]
",HIGH,0,1,10,{'TC3'},11,LOW,"The change involves altering the capitalization of terms within the text and adding an 'ef[3]' marker, which appears to be a form of annotation or comment. These changes align with rephrasing and formatting edits, which are typically considered low-impact as they do not alter the functionality or requirements of the system but rather enhance clarity or document organization.",4399
8,,src/RF006 - Gerenciar Perfis de Competencias.claret,exp01_gti-competencias_v0.1,exp01_gti-competencias_v1.0,"-    step 6 system ""exibe a listagem dos perfis de competencias com o perfil de competencias excluido""
","+    step 6 system ""exibe a listagem dos Perfis de Competencias com o perfil de competencias excluido""
",LOW,0,1,10,{'TC2'},11,LOW,"The change constitutes a rephrasing for clarity by capitalizing the words 'Perfis de Competencias,' which aligns with stylistic adjustments. Such a change is often categorized as low-impact because it does not affect system functionality or require additional development effort.",5698
9,,src/RF006 - Gerenciar Perfis de Competencias.claret,exp01_gti-competencias_v0.1,exp01_gti-competencias_v1.0,"-  	step 1 usuarioNA ""acessa a funcionalidade de gestao de perfis de competencias a partir do menu inicial""
-  	step 2 system ""exibe a listagem dos perfis de competencias cadastrados apenas para visualizacao com a opcao 'Ajuda'""
","+  	step 1 usuarioNA ""acessa a funcionalidade de gestao de Perfis de Competencias a partir do menu inicial""
+  	step 2 system ""exibe a listagem dos Perfis de Competencias cadastrados apenas para visualizacao com a opcao 'Ajuda'""
",LOW,0,1,10,{'TC1'},11,LOW,"The changes made in the updated snippet involve capitalization of letters, which is a stylistic adjustment. This is considered a formatting change that does not impact the functionality or requirements of the system, classifying it as a low-impact edit.",4182
10,,src/RF006 - Gerenciar Perfis de Competencias.claret,exp01_gti-competencias_v0.1,exp01_gti-competencias_v1.0,"-  exception 1 ""Falha ao Salvar o Novo Perfil"" {
-    step 1 system ""exibe uma mensagem de erro ao tentar salvar o novo perfil, informando o campo ou a validacao que falhou""
","+  exception 1 ""Falha ao Salvar o Novo Perfil de Competencias"" {
+    step 1 system ""exibe uma mensagem de erro ao tentar salvar o novo Perfil de Competencias, informando o campo ou a validacao que falhou""
",LOW,0,2,9,"{'TC8', 'TC4'}",11,LOW,"The change involves rephrasing to specify the type of profile ('Perfil de Competencias') in both the exception name and system message. This is a change for clarity and does not affect system design, functionality, or require additional resources, hence it's a low-impact edit.",4623
11,,src/RF006 - Gerenciar Perfis de Competencias.claret,exp01_gti-competencias_v0.1,exp01_gti-competencias_v1.0,"-  exception 2 ""Erro ao Editar Perfil"" {
-    step 1 system ""exibe uma mensagem de erro ao tentar editar o perfil, informando o campo ou a validacao que falhou""
","+  exception 2 ""Erro ao Editar Perfil de Competencias"" {
+    step 1 system ""exibe uma mensagem de erro ao tentar editar o Perfil de Competencias, informando o campo ou a validacao que falhou""
",LOW,0,2,9,"{'TC5', 'TC9'}",11,LOW,"The update involves a minor change in the wording to specify the type of profile ('Perfil de Competencias') without altering the overall functionality or the logical steps of the use case. This change is likely to improve clarity and understanding, qualifying it as a low-impact edit, which does not require substantial changes in system design or implementation.",4224
12,,src/RF006 - Gerenciar Perfis de Competencias.claret,exp01_gti-competencias_v0.1,exp01_gti-competencias_v1.0,"-  exception 3 ""Falha na Exclusao do Perfil"" {
-    step 1 system ""exibe uma mensagem de erro ao tentar excluir o perfil""
","+  exception 3 ""Falha na Exclusao do Perfil de Competencias"" {
+    step 1 system ""exibe uma mensagem de erro ao tentar excluir o Perfil de Competencias""
",LOW,0,2,9,"{'TC10', 'TC6'}",11,LOW,"The changes involve rephrasing for clarity by specifying 'Perfil de Competencias' instead of 'Perfil'. This is likely a contextual or terminological update that aligns with rephrasing for better understanding without affecting system design, functionality, or project scope.",4785
13,,src/RF006 - Gerenciar Perfis de Competencias.claret,exp01_gti-competencias_v0.1,exp01_gti-competencias_v1.0,"-  postCondition ""A gestao de perfis de competencias e realizada com sucesso.""
","+  postCondition ""A gestao de Perfis de Competencias e realizada com sucesso.""
",LOW,0,2,9,"{'TC7', 'TC11'}",11,LOW,"The change involves only the capitalization of words in the postCondition statement, which is a formatting adjustment and does not affect the functionality or meaning of the requirement. Therefore, it is considered a low-impact edit.",4777
14,,src/RF007 - Gerenciar Avaliacoes.claret,exp01_gti-competencias_v0.1,exp01_gti-competencias_v1.0,,"+systemName ""GTI-Competencias""
+
+usecase ""RF007 - Gerenciar Avaliacoes"" {
+  version ""1.0"" type ""Criacao"" user ""Aislan Fernandes"" date ""03/08/2020""
+  actor lider ""Lider de Pessoas""
+  preCondition ""Lider de Pessoas esta autenticado no sistema; 
+				tem permissao para gerenciar Avaliacoes""
+
+  basic {
+    step 1 lider ""acessa a funcionalidade de gestao de Avaliacoes a partir do menu inicial""
+    step 2 system ""exibe a listagem dos Avaliacoes cadastrados com opcoes de 'Novo', 'Editar', 'Excluir' e 'Ajuda'"" 
+    step 3 lider ""clica na opcao 'Novo' para criar uma nova Avaliacao"" af[1,2,3]
+    step 4 system ""apresenta o formulario para cadastro e alteracao de Avaliacao""
+    step 5 lider  ""seleciona o 'Periodo Avaliativo' da Avaliacao""
+    step 6 system ""apresenta o campo 'Periodo Avaliativo' preenchido corretamente""
+    step 7 lider ""seleciona o 'Perfil' de competencias da Avaliacao""
+    step 8 system ""apresenta o campo 'Perfil' de competencias preenchido corretamente e
+                   apresenta o campo 'Metas' com as respectivas competencias, cada uma preenchida com nivel igual 1 (um)""
+    step 9 lider ""seleciona o colaborador a ser 'Avaliado' na Avaliacao""
+    step 10 system ""apresenta o campo 'Avaliado' preenchido corretamente""
+    step 11 lider ""Em 'Metas', insere o 'Nivel' esperado para cada competencia do perfil selecionado na Avaliacao""
+    step 12 system ""apresenta em 'Metas' os campos 'Nivel' preenchido corretamente""              
+    step 13 lider ""seleciona 'Avaliadores' da Avaliacao""
+    step 14 system ""apresenta a lista de 'Avaliadores' preenchida corretamente""
+	step 15 lider ""clica na opcao 'Salvar'""
+    step 16 system ""realiza a acao conforme a opcao selecionada pelo usuario e 
+				   retorna feedback correspondente"" ef[1,2]
+  }
+
+  alternative 1 ""Editar Avaliacao Existente"" {
+    step 1 lider ""seleciona uma Avaliacao da listagem""
+    step 2 system ""destaca a Avaliacao selecionada na listagem""
+    step 3 lider ""clica na opcao 'Editar' para modificar a Avaliacao selecionada""
+    step 4 system ""apresenta o formulario para e alteracao de Avaliacao""
+    step 5 lider ""verifica que os campos 'Periodo Avaliativo', 'Perfil' e 'Avaliado' somente leitura"" bs 11
+  }
+  
+  alternative 2 ""Confirmar Exclusao do Avaliacao"" {
+  	step 1 lider ""seleciona uma Avaliacao da listagem""
+    step 2 system ""destaca a Avaliacao selecionada na listagem""
+    step 3 lider ""clica na opcao 'Excluir' para excluir a Avaliacao selecionada"" 
+    step 4 system ""solicita confirmacao de exclusao da Avaliacao""
+    step 5 lider ""confirma a exclusao do Avaliacao""
+    step 6 system ""exibe a listagem dos Avaliacoes sem o Avaliacao excluido"" ef[3,4]
+  }
+
+  alternative 3 ""Negar Exclusao do Avaliacao"" {
+  	step 1 lider ""seleciona uma Avaliacao da listagem""
+    step 2 system ""destaca a Avaliacao selecionada na listagem""
+    step 3 lider ""clica na opcao 'Excluir' para excluir a Avaliacao selecionada""
+    step 4 system ""solicita confirmacao de exclusao da Avaliacao""
+    step 5 lider ""nao confirma a exclusao do Avaliacao""
+    step 6 system ""exibe a listagem dos Avaliacoes com o Avaliacao excluido""
+  }
+
+  exception 1 ""Falha ao Salvar a nova Avaliacao"" {
+    step 1 system ""exibe uma mensagem de erro ao tentar salvar a nova Avaliacao, informando o campo ou a validacao que falhou""
+  }
+
+  exception 2 ""Erro ao Editar Avaliacao"" {
+    step 1 system ""exibe uma mensagem de erro ao tentar editar a Avaliacao, informando o campo ou a validacao que falhou""
+  }
+
+  exception 3 ""Falha na Exclusao do Avaliacao"" {
+    step 1 system ""exibe uma mensagem de erro ao tentar excluir a Avaliacao""
+  }
+  
+  exception 4 ""Falha na Exclusao do Avaliacao: nao e o lider"" {
+    step 1 system ""exibe uma mensagem de erro ao tentar excluir a Avaliacao informando que o usuario nao e o lider""
+  }
+
+  postCondition ""A gestao de Avaliacoes e realizada com sucesso.""
+}
",HIGH,10,0,0,"{'TC5', 'TC9', 'TC8', 'TC1', 'TC2', 'TC6', 'TC7', 'TC10', 'TC4', 'TC3'}",10,HIGH,"The change introduces a new use case in CLARET notation for managing evaluations in a system. This addition includes multiple steps in the basic flow, several alternative scenarios, and exception handling that must be implemented and verified. It potentially requires significant system design reevaluation, additional development effort, testing, and user documentation updates. Thus, it qualifies as a high-impact edit.",5194
15,,src/RF010 - Gerenciar Periodos Avaliativos.claret,exp01_gti-competencias_v0.1,exp01_gti-competencias_v1.0,"-				tem permissao para gerenciar perfis de competencias.""
","+				tem permissao para gerenciar Periodos Avaliativos.""
",LOW,0,11,0,"{'TC5', 'TC9', 'TC8', 'TC1', 'TC2', 'TC11', 'TC6', 'TC7', 'TC10', 'TC4', 'TC3'}",11,HIGH,"The change alters the core functionality from managing 'competencias' (competencies) to managing 'Periodos Avaliativos' (evaluation periods), which could require system design reevaluation, additional development, impact on project timelines, and resource allocation adjustments.",4639
16,,src/RF010 - Gerenciar Periodos Avaliativos.claret,exp01_gti-competencias_v0.1,exp01_gti-competencias_v1.0,"-    step 1 lider ""acessa a funcionalidade de gestao de perfis de competencias a partir do menu inicial"" af[4]
-    step 2 system ""exibe a listagem dos perfis de competencias cadastrados com opcoes de 'Novo', 'Editar', 'Excluir' e 'Ajuda'"" 
","+    step 1 lider ""acessa a funcionalidade de gestao de Periodos Avaliativos a partir do menu inicial"" af[4]
+    step 2 system ""exibe a listagem dos Periodos Avaliativos cadastrados com opcoes de 'Novo', 'Editar', 'Excluir' e 'Ajuda'"" 
",LOW,0,10,1,"{'TC5', 'TC9', 'TC8', 'TC2', 'TC11', 'TC6', 'TC7', 'TC10', 'TC4', 'TC3'}",11,HIGH,"The change alters the core business domain from 'gestao de perfis de competencias' to 'gestao de Periodos Avaliativos', which likely impacts system design, functionality, and user interaction. This requires reevaluation and might affect project timelines and resource allocation.",4687
17,,src/RF010 - Gerenciar Periodos Avaliativos.claret,exp01_gti-competencias_v0.1,exp01_gti-competencias_v1.0,"-    step 7 lider ""preenche o campo 'Data Inicial e Data Final' selecionando um lider da lista""
","+    step 7 lider ""preenche o campo 'Data Inicial e Data Final' informando as respectivas datas referente ao periodo""
",LOW,0,8,3,"{'TC5', 'TC9', 'TC8', 'TC11', 'TC6', 'TC7', 'TC10', 'TC4'}",11,HIGH,"The change impacts the functionality by altering how the 'Data Inicial e Data Final' fields are populated—from selecting a leader from a list to directly entering the respective dates. This likely necessitates changes in system design, user interface, and potentially affects data handling and validation processes, indicating a high impact.",5237
18,,src/RF010 - Gerenciar Periodos Avaliativos.claret,exp01_gti-competencias_v0.1,exp01_gti-competencias_v1.0,"-				   retorna feedback correspondente"" ef[1,2,3]
","+				   retorna feedback correspondente"" ef[1,2]
",HIGH,0,2,9,"{'TC7', 'TC11'}",11,LOW,"The change involves adjusting the enumeration of feedback elements from ef[1,2,3] to ef[1,2], which is likely a typo correction or a minor scope adjustment that does not require a reevaluation of system design or significant changes to project timelines or resources.",6785
19,,src/RF010 - Gerenciar Periodos Avaliativos.claret,exp01_gti-competencias_v0.1,exp01_gti-competencias_v1.0,"-    step 6 system ""exibe a listagem dos perfis de competencias sem o Periodo Avaliativo excluido""
","+    step 6 system ""exibe a listagem dos Periodos Avaliativos sem o Periodo Avaliativo excluido"" ef[3]
",HIGH,0,1,10,{'TC3'},11,HIGH,"The update modifies the content displayed by the system from 'perfis de competencias' to 'Periodos Avaliativos'. This change likely alters the functionality or information output by the system, which could impact system design, user expectations, and documentation. As such, it requires comprehensive evaluation and coordination, fitting the criteria for high-impact edits.",6056
20,,src/RF010 - Gerenciar Periodos Avaliativos.claret,exp01_gti-competencias_v0.1,exp01_gti-competencias_v1.0,"-    step 6 system ""exibe a listagem dos perfis de competencias com o Periodo Avaliativo excluido""
","+    step 6 system ""exibe a listagem dos Periodos Avaliativos com o Periodo Avaliativo excluido""
",LOW,0,1,10,{'TC2'},11,LOW,"The change involves rephrasing for clarity by specifically altering the description of 'perfis de competencias' to 'Periodos Avaliativos'. This appears to be a change in terminology or focus rather than in functionality or behavior of the system, thus classifying it as a low-impact edit.",4872
21,,src/RF010 - Gerenciar Periodos Avaliativos.claret,exp01_gti-competencias_v0.1,exp01_gti-competencias_v1.0,"-  	step 1 usuarioNA ""acessa a funcionalidade de gestao de perfis de competencias a partir do menu inicial""
-  	step 2 system ""exibe a listagem dos perfis de competencias cadastrados apenas para visualizacao com a opcao 'Ajuda'""
","+  	step 1 usuarioNA ""acessa a funcionalidade de gestao de Periodos Avaliativos a partir do menu inicial""
+  	step 2 system ""exibe a listagem dos Periodos Avaliativos cadastrados apenas para visualizacao com a opcao 'Ajuda'""
",LOW,0,1,10,{'TC1'},11,HIGH,"The change involves altering the subject of the use case steps from 'gestao de perfis de competencias' to 'gestao de Periodos Avaliativos'. This represents a significant modification in the functionality being described, likely affecting the system design, functionality, and possibly end-user interactions, necessitating comprehensive evaluation and coordination.",4939
22,,src/RF010 - Gerenciar Periodos Avaliativos.claret,exp01_gti-competencias_v0.1,exp01_gti-competencias_v1.0,"-  postCondition ""A gestao de perfis de competencias e realizada com sucesso.""
","+  postCondition ""A gestao de Periodos Avaliativos e realizada com sucesso.""
",LOW,0,2,9,"{'TC7', 'TC11'}",11,HIGH,"The change alters the core functionality being described in the postCondition, shifting the focus from 'gestao de perfis de competencias' to 'gestao de Periodos Avaliativos.' This impacts the system's behavior, potentially requiring reevaluation of system design, affecting development and testing efforts, thus classifying the change as high-impact.",4562
23,,src/RF011 - Gerenciar Competencias Portfolio.claret,exp01_gti-competencias_v0.1,exp01_gti-competencias_v1.0,"-				tem permissao para gerenciar competencias (portfolio).""
","+				tem permissao para gerenciar Competencias (Portfolio).""
",LOW,0,35,0,"{'TC25', 'TC27', 'TC1', 'TC17', 'TC22', 'TC26', 'TC24', 'TC3', 'TC23', 'TC32', 'TC30', 'TC21', 'TC6', 'TC18', 'TC29', 'TC19', 'TC5', 'TC13', 'TC33', 'TC9', 'TC20', 'TC7', 'TC11', 'TC31', 'TC28', 'TC8', 'TC14', 'TC15', 'TC16', 'TC2', 'TC10', 'TC4', 'TC12', 'TC34', 'TC35'}",35,LOW,"The change involves only capitalization in the updated snippet, which does not alter the meaning or functionality of the requirement. It is a cosmetic alteration akin to formatting adjustments, thus classifying it as a low-impact edit.",4330
24,,src/RF011 - Gerenciar Competencias Portfolio.claret,exp01_gti-competencias_v0.1,exp01_gti-competencias_v1.0,"-    step 1 lider ""acessa a funcionalidade de gestao de competencias (portfolio) a partir do menu inicial"" af[4]
-    step 2 system ""exibe a listagem dos competencias (portfolio) cadastrados com opcoes de 'Novo', 'Editar', 'Excluir' e 'Ajuda'"" 
","+    step 1 lider ""acessa a funcionalidade de gestao de Competencias (Portfolio) a partir do menu inicial"" af[4]
+    step 2 system ""exibe a listagem dos Competencias (Portfolio) cadastrados com opcoes de 'Novo', 'Editar', 'Excluir' e 'Ajuda'"" 
",LOW,0,34,1,"{'TC25', 'TC27', 'TC17', 'TC22', 'TC26', 'TC24', 'TC3', 'TC23', 'TC32', 'TC30', 'TC21', 'TC6', 'TC18', 'TC29', 'TC19', 'TC5', 'TC13', 'TC33', 'TC9', 'TC20', 'TC7', 'TC11', 'TC31', 'TC28', 'TC8', 'TC14', 'TC15', 'TC16', 'TC2', 'TC10', 'TC4', 'TC12', 'TC34', 'TC35'}",35,LOW,"The change primarily involves capitalization adjustments for the words 'Competencias' and 'Portfolio'. These are formatting changes that do not alter the functionality or behavior of the system, thus classified as low-impact edits.",3816
25,,src/RF011 - Gerenciar Competencias Portfolio.claret,exp01_gti-competencias_v0.1,exp01_gti-competencias_v1.0,"-    step 4 system ""apresenta o formulario para cadastro e alteracao de competecias (portfolio)""
","+    step 4 system ""apresenta o formulario para cadastro e alteracao de Competencias (Portfolio)""
",LOW,0,32,3,"{'TC25', 'TC27', 'TC17', 'TC22', 'TC26', 'TC24', 'TC23', 'TC32', 'TC30', 'TC21', 'TC6', 'TC18', 'TC29', 'TC19', 'TC5', 'TC13', 'TC33', 'TC9', 'TC20', 'TC7', 'TC11', 'TC31', 'TC28', 'TC8', 'TC14', 'TC15', 'TC16', 'TC10', 'TC4', 'TC12', 'TC34', 'TC35'}",35,LOW,"The changes made involve only capitalization of letters, which falls under formatting and punctuation adjustments. This type of change is considered low-impact as it does not affect the functionality or design of the system.",6650
26,,src/RF011 - Gerenciar Competencias Portfolio.claret,exp01_gti-competencias_v0.1,exp01_gti-competencias_v1.0,"-				   retorna feedback correspondente"" ef[1,2,3]
","+				   retorna feedback correspondente"" ef[1,2]
",HIGH,0,8,27,"{'TC23', 'TC31', 'TC27', 'TC15', 'TC7', 'TC11', 'TC19', 'TC35'}",35,HIGH,"The change involves modifying the feedback condition by removing a condition (ef[3]). This is likely to require reevaluation of system logic and thorough validation, as it affects the functional behavior of the system.",3713
27,,src/RF011 - Gerenciar Competencias Portfolio.claret,exp01_gti-competencias_v0.1,exp01_gti-competencias_v1.0,"-  alternative 1 ""Editar competecias (portfolio) Existente"" {
-    step 1 lider ""seleciona um competecias (portfolio) da listagem""
-    step 2 system ""destaca o competecias (portfolio) selecionado na listagem""
-    step 3 lider ""clica na opcao 'Editar' para modificar o competecias (portfolio) selecionado"" bs 4
","+  alternative 1 ""Editar Competencias (Portfolio) Existente"" {
+    step 1 lider ""seleciona um Competencias (Portfolio) da listagem""
+    step 2 system ""destaca o Competencias (Portfolio) selecionado na listagem""
+    step 3 lider ""clica na opcao 'Editar' para modificar o Competencias (Portfolio) selecionado"" bs 4
",LOW,0,16,19,"{'TC5', 'TC13', 'TC9', 'TC8', 'TC14', 'TC15', 'TC17', 'TC16', 'TC11', 'TC6', 'TC18', 'TC7', 'TC10', 'TC4', 'TC12', 'TC19'}",35,LOW,"The changes made in the updated snippet are related to capitalization of words. This falls under formatting adjustments and does not affect the functionality, design, or underlying logic of the use case. As such, it is classified as a low-impact edit based on the context provided, which states that formatting changes are considered low-impact.",5177
28,,src/RF011 - Gerenciar Competencias Portfolio.claret,exp01_gti-competencias_v0.1,exp01_gti-competencias_v1.0,"-  alternative 2 ""Confirmar Exclusao do competecias (portfolio)"" {
-  	step 1 lider ""seleciona um competecias (portfolio) da listagem""
-    step 2 system ""destaca o competecias (portfolio) selecionado na listagem""
-    step 3 lider ""clica na opcao 'Excluir' para excluir o competecias (portfolio) selecionado""
","+  alternative 2 ""Confirmar Exclusao do Competencias (Portfolio)"" {
+  	step 1 lider ""seleciona um Competencias (Portfolio) da listagem""
+    step 2 system ""destaca o Competencias (Portfolio) selecionado na listagem""
+    step 3 lider ""clica na opcao 'Excluir' para excluir o Competencias (Portfolio) selecionado""
",LOW,0,2,33,"{'TC3', 'TC2'}",35,LOW,"The changes made in the updated snippet are capitalization corrections and do not affect the functionality or logic of the use case. These are formatting changes that fall under the category of adjusting stylistic elements, which are considered low-impact edits.",4596
29,,src/RF011 - Gerenciar Competencias Portfolio.claret,exp01_gti-competencias_v0.1,exp01_gti-competencias_v1.0,"-    step 6 system ""exibe a listagem dos competencias (portfolio) sem o competecias (portfolio) excluido""
","+    step 6 system ""exibe a listagem dos Competencias (Portfolio) sem o Competencias (Portfolio) excluido"" ef[3]
",HIGH,0,1,34,{'TC3'},35,LOW,"The change involves capitalization and a minor addition of notation 'ef[3]', which appears to be a stylistic or formatting modification rather than altering the functionality or requirements of the system. Such changes are typically classified as low-impact as they do not affect the system design or require significant testing or reevaluation.",5288
30,,src/RF011 - Gerenciar Competencias Portfolio.claret,exp01_gti-competencias_v0.1,exp01_gti-competencias_v1.0,"-  alternative 3 ""Negar Exclusao do competecias (portfolio)"" {
-  	step 1 lider ""seleciona um competecias (portfolio) da listagem""
-    step 2 system ""destaca o competecias (portfolio) selecionado na listagem""
-    step 3 lider ""clica na opcao 'Excluir' para excluir o competecias (portfolio) selecionado""
","+  alternative 3 ""Negar Exclusao do Competencias (Portfolio)"" {
+  	step 1 lider ""seleciona um Competencias (Portfolio) da listagem""
+    step 2 system ""destaca o Competencias (Portfolio) selecionado na listagem""
+    step 3 lider ""clica na opcao 'Excluir' para excluir o Competencias (Portfolio) selecionado""
",LOW,0,2,33,"{'TC3', 'TC2'}",35,LOW,"The changes involve capitalization adjustments, altering 'competecias (portfolio)' to 'Competencias (Portfolio)' for consistency and clarity. These edits fall under rephrasing for clarity and formatting, which are typically considered low-impact as they do not alter the technical or functional aspects of the requirements.",4046
31,,src/RF011 - Gerenciar Competencias Portfolio.claret,exp01_gti-competencias_v0.1,exp01_gti-competencias_v1.0,"-    step 6 system ""exibe a listagem dos competencias (portfolio) com o competecias (portfolio) excluido""
","+    step 6 system ""exibe a listagem dos Competencias (Portfolio) com o Competencias (Portfolio) excluido""
",LOW,0,1,34,{'TC2'},35,LOW,"The change involves capitalization of terms ('Competencias' and 'Portfolio') in the system message, which is a formatting and stylistic modification. Such adjustments are considered low-impact as they do not alter the functionality, logic, or requirements of the system.",5565
32,,src/RF011 - Gerenciar Competencias Portfolio.claret,exp01_gti-competencias_v0.1,exp01_gti-competencias_v1.0,"-  	step 1 usuarioNA ""acessa a funcionalidade de gestao de competencias (portfolio) a partir do menu inicial""
-  	step 2 system ""exibe a listagem dos competencias (portfolio) cadastrados apenas para visualizacao com a opcao 'Ajuda'""
","+  	step 1 usuarioNA ""acessa a funcionalidade de gestao de Competencias (Portfolio) a partir do menu inicial""
+  	step 2 system ""exibe a listagem dos Competencias (Portfolio) cadastrados apenas para visualizacao com a opcao 'Ajuda'""
",LOW,0,1,34,{'TC1'},35,LOW,"The changes made to the updated snippet involve capitalization of certain words within the same sentences. These changes are stylistic and do not affect the functionality, content, or structure of the use case, thus classifying them as low-impact edits.",4106
33,,src/RF011 - Gerenciar Competencias Portfolio.claret,exp01_gti-competencias_v0.1,exp01_gti-competencias_v1.0,"-  postCondition ""A gestao de competencias (portfolio) e realizada com sucesso.""
","+  postCondition ""A gestao de Competencias (Portfolio) e realizada com sucesso.""
",LOW,0,8,27,"{'TC23', 'TC31', 'TC27', 'TC15', 'TC7', 'TC11', 'TC19', 'TC35'}",35,LOW,"The update consists of capitalizing 'Competencias' and 'Portfolio', which is a change in formatting and typography that does not alter the functional behavior or requirements of the document. This is considered a low-impact edit as it does not require further evaluation or changes to the system design.",4371
34,,src/RF012 - Ajuda.claret,exp01_gti-competencias_v0.1,exp01_gti-competencias_v1.0,,"+systemName ""GTI-Competencias""
+
+usecase ""RF012 - Ajuda"" {
+  version ""1.0"" type ""Criacao"" user ""Aislan Fernandes"" date ""20/07/2020""
+  actor lider ""Lider de Pessoas""
+  actor usuarioNA ""Usuario Nao-Autenticado""
+  preCondition ""Lider de Pessoas esta autenticado no sistema""
+
+  basic {
+    step 1 lider ""acessa a funcionalidade de gestao de Perfis de Competencias a partir do menu inicial"" af[1,2,3,4]
+    step 2 system ""exibe a listagem dos Perfis de Competencias cadastrados com opcoes de 'Novo', 'Editar', 'Excluir' e 'Ajuda'"" 
+    step 3 lider ""clica na opcao 'Ajuda' para visualizar a ajuda da gestao de Perfis de Competencias""
+    step 4 system ""apresenta um painel lateral com a ajuda contextual, dividido em quatro partes: 
+				   'Glossario', 'Funcionalidades', 'Validacoes' e 'Permissoes do Usuario'"" 
+  }
+  
+  alternative 1 ""Ajuda contextual na gestao de Periodos Avaliativos"" {
+  	step 1 lider ""acessa a funcionalidade de gestao de Periodos Avaliativos a partir do menu inicial""
+    step 2 system ""exibe a listagem dos Periodos Avaliativos cadastrados com opcoes de 'Novo', 'Editar', 'Excluir' e 'Ajuda'"" 
+    step 3 lider ""clica na opcao 'Ajuda' para visualizar a ajuda da gestao de Periodos Avaliativos"" bs 4
+  }
+  
+  alternative 2 ""Ajuda contextual na gestao de Competencias (portfolio)"" {
+  	step 1 lider ""acessa a funcionalidade de gestao de Competencias (portfolio) a partir do menu inicial""
+    step 2 system ""exibe a listagem das Competencias (portfolio) cadastradas com opcoes de 'Novo', 'Editar', 'Excluir' e 'Ajuda'"" 
+    step 3 lider ""clica na opcao 'Ajuda' para visualizar a ajuda da gestao de Competencias (portfolio)"" bs 4
+  }
+  
+  alternative 3 ""Ajuda contextual na gestao de Avaliacoes"" {
+  	step 1 lider ""acessa a funcionalidade de gestao de Avaliacoes a partir do menu inicial""
+    step 2 system ""exibe a listagem das Avaliacoes cadastradas com opcoes de 'Novo', 'Editar', 'Excluir' e 'Ajuda'"" 
+    step 3 lider ""clica na opcao 'Ajuda' para visualizar a ajuda da gestao de Avaliacoes"" bs 4
+  }
+  
+  alternative 4 ""Ajuda contextual na gestao de Niveis das Competencias"" {
+  	step 1 lider ""acessa a funcionalidade de gestao de Niveis das Competencias a partir do menu inicial""
+    step 2 system ""exibe a listagem dos Niveis das Competencias cadastradas com opcoes de 'Novo', 'Editar', 'Excluir' e 'Ajuda'"" 
+    step 3 lider ""clica na opcao 'Ajuda' para visualizar a ajuda da gestao de Niveis das Competencias"" bs 4
+  }
+ 
+  postCondition ""A Ajuda e apresentada com sucesso.""
+}
",HIGH,5,0,0,"{'TC5', 'TC1', 'TC2', 'TC3', 'TC4'}",5,HIGH,"The updated snippet involves the creation of a new use case, which includes the system name, actors, preconditions, a detailed series of steps within the basic flow, multiple alternative flows, and a post-condition. This constitutes a high-impact change due to the comprehensive nature of the addition, requiring reevaluation of system design, potential additional development effort, and updates to user documentation as it significantly impacts functionality and interactions within the system.",4713
35,,src/RF013 - Gerenciar Niveis das Competencias.claret,exp01_gti-competencias_v0.1,exp01_gti-competencias_v1.0,,"+systemName ""GTI-Competencias""
+
+usecase ""RF013 - Gerenciar Niveis das Competencias"" {
+  version ""1.0"" type ""Criacao"" user ""Aislan Fernandes"" date ""11/08/2020""
+  actor lider ""Lider de Pessoas""
+  actor usuarioNA ""Usuario Nao-Autenticado""
+  preCondition ""Lider de Pessoas esta autenticado no sistema e 
+				tem permissao para gerenciar Niveis das Competencias.""
+
+  basic {
+    step 1 lider ""acessa a funcionalidade de gestao de Niveis das Competencias a partir do menu inicial"" af[4]
+    step 2 system ""exibe a listagem dos Niveis das Competencias cadastrados com opcoes de 'Novo', 'Editar', 'Excluir' e 'Ajuda'"" 
+    step 3 lider ""clica na opcao 'Novo' para criar um novo Niveis das Competencias"" af[1,2,3]
+    step 4 system ""apresenta o formulario para cadastro e alteracao de Niveis das Competencias""
+    step 5 lider ""preenche o campo 'Nome' com dados validos""
+    step 6 system ""apresenta o campo 'Nome' preenchido corretamente""
+    step 7 lider ""preenche o campo 'Valor' com um numero inteiro referente a pontuacao a ser obtida no atendimento do respectivo nivel""
+    step 8 system ""apresenta o campo 'Valor' preenchido corretamente""
+    step 9 lider ""preenche o campo 'Descricao' com a descricao do nivel de competencia""
+    step 10 system ""apresenta o campo 'Descricao' preenchido corretamente""
+	step 11 lider ""clica na opcao 'Salvar'""
+    step 12 system ""realiza a acao conforme a opcao selecionada pelo usuario e 
+				   retorna feedback correspondente"" ef[1,2]
+  }
+
+  alternative 1 ""Editar Nivel das Competencias Existente"" {
+    step 1 lider ""seleciona um Nivel das Competencias da listagem""
+    step 2 system ""destaca o Nivel das Competencias selecionado na listagem""
+    step 3 lider ""clica na opcao 'Editar' para modificar o Nivel das Competencias selecionado"" bs 4
+  }
+  
+  alternative 2 ""Confirmar Exclusao do Nivel das Competencias"" {
+  	step 1 lider ""seleciona um Nivel das Competencias da listagem""
+    step 2 system ""destaca o Nivel das Competencias selecionado na listagem""
+    step 3 lider ""clica na opcao 'Excluir' para excluir o Nivel das Competencias selecionado""
+    step 4 system ""solicita confirmacao de exclusao""
+    step 5 lider ""confirma a exclusao do Nivel das Competencias""
+    step 6 system ""exibe a listagem dos Niveis das Competencias sem o Nivel das Competencias excluido"" ef[3]
+  }
+
+  alternative 3 ""Negar Exclusao do Nivel das Competencias"" {
+  	step 1 lider ""seleciona um Nivel das Competencias da listagem""
+    step 2 system ""destaca o Nivel das Competencias selecionado na listagem""
+    step 3 lider ""clica na opcao 'Excluir' para excluir o Nivel das Competencias selecionado""
+    step 4 system ""solicita confirmacao de exclusao""
+    step 5 lider ""nao confirma a exclusao do Nivel das Competencias""
+    step 6 system ""exibe a listagem dos Niveis das Competencias com o Nivel das Competencias excluido""
+  }
+  
+  alternative 4 ""Modo de visualizacao para usuarios nao-autenticados"" {
+  	step 1 usuarioNA ""acessa a funcionalidade de gestao de Niveis das Competencias a partir do menu inicial""
+  	step 2 system ""exibe a listagem dos Niveis das Competencias cadastrados apenas para visualizacao com a opcao 'Ajuda'""
+  }
+
+  exception 1 ""Falha ao Salvar o Novo Nivel das Competencias"" {
+    step 1 system ""exibe uma mensagem de erro ao tentar salvar o novo Nivel das Competencias, informando o campo ou a validacao que falhou""
+  }
+
+  exception 2 ""Erro ao Editar Nivel das Competencias"" {
+    step 1 system ""exibe uma mensagem de erro ao tentar editar o Nivel das Competencias, informando o campo ou a validacao que falhou""
+  }
+
+  exception 3 ""Falha na Exclusao do Nivel das Competencias"" {
+    step 1 system ""exibe uma mensagem de erro ao tentar excluir o Nivel das Competencias""
+  }
+
+  postCondition ""A gestao de Niveis das Competencias e realizada com sucesso.""
+}
",HIGH,10,0,0,"{'TC5', 'TC9', 'TC8', 'TC1', 'TC2', 'TC6', 'TC7', 'TC10', 'TC4', 'TC3'}",10,HIGH,"The updated snippet introduces a new use case for managing competency levels, including detailed steps and alternatives for actions like creating, editing, and deleting competencies. This change likely requires reevaluation of system design, additional development effort, and regression testing, fitting the criteria for a high-impact edit.",4244
36,,src/RF005 - Visualizar Status do Processo.claret,exp01_gti-competencias_v1.0,exp01_gti-competencias_v1.1,,"+systemName ""GTI-Competencias""
+
+usecase ""RF005 - Visualizar Status do Processo"" {
+  version ""1.1"" type ""Criacao"" user ""Aislan Fernandes"" date ""08/10/2020""
+  actor usuarioNA ""Usuario Nao-Autenticado""
+  preCondition ""Usuario nao-autenticado no sistema se encontra na tela inicial do sistema""  
+  basic {
+    step 1 usuarioNA ""acessa a funcionalidade para visualizar o status do PGDC""
+    step 2 system ""apresenta o campo 'Periodo Avaliativo' para ser escolhido pelo usuario"" ef[1]
+    step 3 usuarioNA ""escolhe no campo 'Periodo Avaliativo' o ano correspondente""
+    step 4 system ""exibe na pagina uma tabela contendo as informacoes (basicamente listagem dos perfis de competencias - cf. RF006): 
+                   Perfil de Competencias; Unidade de Trabalho; Gerente do Desempenho; e, Situacao.""
+  }
+  exception 1 ""Nao existem Periodos Avaliativos Cadastrados"" {
+  	step 1 system ""exibe uma mensagem de erro informando que nao existem Periodos Avaliativos cadastrados""
+  }
+  postCondition ""Usuario visualiza a tabela das Permissoes concedidas ao seu usuario""
+}
",HIGH,2,0,0,"{'TC2', 'TC1'}",2,HIGH,"The update introduces a new use case 'RF005 - Visualizar Status do Processo', which includes multiple components such as actors, preconditions, basic steps, exceptions, and postconditions. This addition likely requires reevaluation of system design, development effort for implementation, and possibly affects existing functionalities, making it a high-impact change.",4815
37,,src/RF008 - Gerenciar Respostas de Avaliacoes.claret,exp01_gti-competencias_v1.0,exp01_gti-competencias_v1.1,,"+systemName ""GTI-Competencias""
+
+usecase ""RF008 - Gerenciar Respostas de Avaliacoes"" {
+  version ""1.1"" type ""Criacao"" user ""Aislan Fernandes"" date ""03/12/2020""
+  actor avaliador ""Avaliador de Pessoas""
+  preCondition ""Avaliador de Pessoas esta autenticado no sistema; e, tem permissao para gerenciar Respostas de Avaliacoes""
+
+  basic {
+    step 1 avaliador ""acessa a funcionalidade de Avaliacoes a partir do menu inicial""
+    step 2 system ""exibe a listagem das Avaliacoes cadastradas com a opcao 'Formulario' dentre as varias listadas"" 
+    step 3 avaliador ""com uma avaliacao selecionada, clica na opcao 'Formulario' para criar uma nova Avaliacao""
+    step 4 system ""apresenta o formulario para cadastro e alteracao de Respostas de Avaliacao"" ef[1]
+    step 5 avaliador  ""seleciona o 'Nivel da Competencia' da Avaliacao (1 a 4) para cada Perfil de Competencias avaliado""
+    step 6 system ""apresenta o campo 'Nivel da Competencia' preenchido corretamente""
+    step 7 avaliador ""adiciona 'Apontamentos' sobre a avaliacao para cada Perfil de Competencias avaliado""
+    step 8 system ""apresenta os 'Apontamentos' preenchidos corretamente""
+	step 9 avaliador ""clica na opcao 'Salvar'"" af[1]
+    step 10 system ""realiza a acao conforme a opcao selecionada pelo usuario e 
+				   retorna feedback correspondente"" ef[2,3]
+  }
+
+  exception 1 ""Nao e um dos avaliadores"" {
+    step 1 system ""exibe uma mensagem de erro informando ao usuario que nao e um dos avaliadores""
+  }
+  
+  exception 2 ""Falha ao Salvar a nova Avaliacao"" {
+    step 1 system ""exibe uma mensagem de erro ao tentar salvar, informando o campo ou a validacao que falhou""
+  }
+
+  exception 3 ""Erro ao Editar Avaliacao"" {
+    step 1 system ""exibe uma mensagem de erro ao tentar editar, informando o campo ou a validacao que falhou""
+  }
+  
+  alternative 1 ""Resolve 'limpar' a Resposta de Avaliacao"" {
+    step 1 avaliador ""clica na opcao 'Excluir' para cada Perfil de Competencias avaliado""
+    step 2 system ""limpa os campos apresentados 'Nivel da Competencia' e 'Apontamentos' apresentados na tela para cada Perfil de Competencias avaliado""
+    step 5 avaliador ""verifica que os campos 'Nivel da Competencia' e 'Apontamentos' estao limpos"" bs 5 
+  }
+
+  postCondition ""A gestao de Respostas de Avaliacoes e realizada com sucesso.""
+}
",HIGH,7,0,0,"{'TC5', 'TC1', 'TC2', 'TC6', 'TC7', 'TC3', 'TC4'}",7,HIGH,"The updated snippet represents the creation of a completely new use case in the system, specifying actors, steps, conditions, exceptions, and alternatives. This introduction of substantial functionality is considered a high-impact edit as it affects system design, requires additional development and testing, and likely necessitates updates to related documentation and project management plans.",6292
38,,src/RF009 - Gerenciar Resultados de Avaliacoes.claret,exp01_gti-competencias_v1.0,exp01_gti-competencias_v1.1,,"+systemName ""GTI-Competencias""
+
+usecase ""RF009 - Gerenciar Resultados de Avaliacoes"" {
+  version ""1.1"" type ""Criacao"" user ""Aislan Fernandes"" date ""30/11/2020""
+  actor lider ""Lider de Pessoas""
+  preCondition ""Lider de Pessoas esta autenticado no sistema; e, tem permissao para gerenciar Resultados de Avaliacoes""
+
+  basic {
+    step 1 lider ""acessa a funcionalidade de Avaliacoes a partir do menu inicial""
+    step 2 system ""exibe a listagem das Avaliacoes cadastradas com a opcao 'Resultado' dentre as varias listadas"" 
+    step 3 lider ""com uma avaliacao selecionada, clica na opcao 'Resultados' para efetivar o feedback""
+    step 4 system ""apresenta o formulario para cadastro da Ata de Reuniao""
+    step 5 lider  ""seleciona o 'Ata de Reuniao de Feedback' da Avaliacao (1 a 4) para cada Perfil de Competencias avaliado""
+    step 6 system ""apresenta o campo 'Ata de Reuniao de Feedback' preenchido corretamente""
+	step 7 lider ""clica na opcao 'Salvar'"" af[1]
+    step 8 system ""realiza a acao conforme a opcao selecionada pelo usuario e 
+				   retorna feedback correspondente"" ef[1,2]
+  }
+
+  exception 1 ""Falha ao Salvar a nova Avaliacao"" {
+    step 1 system ""exibe uma mensagem de erro ao tentar salvar, informando o campo ou a validacao que falhou""
+  }
+
+  exception 2 ""Erro ao Editar Avaliacao"" {
+    step 1 system ""exibe uma mensagem de erro ao tentar editar, informando o campo ou a validacao que falhou""
+  }
+  
+  alternative 1 ""Encerrar definitivamente"" {
+    step 1 lider ""clica na opcao 'Encerrar' para a Avaliacao de Competencias""
+    step 2 system ""apresenta o campo 'Ata de Reuniao de Feedback'""
+  }
+
+  postCondition ""A gestao de Resultados de Avaliacoes e realizada com sucesso.""
+}
",HIGH,4,0,0,"{'TC3', 'TC4', 'TC2', 'TC1'}",4,HIGH,"The updated snippet indicates the creation of a new use case in CLARET notation, specifically for managing evaluation results. This addition involves defining actors, steps for user interaction, system responses, exceptions, and an alternative flow, which constitute significant changes requiring reevaluation of system design, testing, and possibly affecting project timelines and resources. Therefore, it is classified as high-impact.",5105
39,,src/RF011 - Gerenciar Competencias Portfolio.claret,exp01_gti-competencias_v1.0,exp01_gti-competencias_v1.1,"-    step 2 system ""exibe a listagem dos Competencias (Portfolio) cadastrados com opcoes de 'Novo', 'Editar', 'Excluir' e 'Ajuda'"" 
","+    step 2 system ""exibe a listagem das Competencias (Portfolio) cadastradas com opcoes de 'Novo', 'Editar', 'Excluir' e 'Ajuda'"" 
",LOW,0,27,1,"{'TC25', 'TC27', 'TC17', 'TC22', 'TC26', 'TC24', 'TC3', 'TC21', 'TC6', 'TC18', 'TC19', 'TC5', 'TC13', 'TC9', 'TC20', 'TC7', 'TC11', 'TC28', 'TC8', 'TC14', 'TC15', 'TC16', 'TC2', 'TC10', 'TC4', 'TC12', 'TC23'}",28,LOW,"The change involves a minor grammatical adjustment from 'cadastrados' to 'cadastradas', ensuring correct gender agreement in Portuguese. This does not affect the system's functionality, requirements, or project scope, thus classifying it as a low-impact edit.",4010
40,,src/RF011 - Gerenciar Competencias Portfolio.claret,exp01_gti-competencias_v1.0,exp01_gti-competencias_v1.1,"-    step 2 system ""destaca o Competencias (Portfolio) selecionado na listagem""
-    step 3 lider ""clica na opcao 'Editar' para modificar o Competencias (Portfolio) selecionado"" bs 4
","+    step 2 system ""destaca a Competencia (Portfolio) selecionada na listagem""
+    step 3 lider ""clica na opcao 'Editar' para modificar a Competencia (Portfolio) selecionada"" bs 4
",LOW,0,12,16,"{'TC5', 'TC13', 'TC9', 'TC8', 'TC14', 'TC15', 'TC16', 'TC11', 'TC6', 'TC7', 'TC10', 'TC12'}",28,LOW,"The change involves rephrasing for clarity by adjusting the article and noun from 'o Competencias' to 'a Competencia'. This type of edit is a low-impact change as it primarily aims to improve readability and understanding without affecting the system's functionality or requirements, aligning with 'Rephrasing for Clarity' in the provided context.",5211
41,,src/RF011 - Gerenciar Competencias Portfolio.claret,exp01_gti-competencias_v1.0,exp01_gti-competencias_v1.1,"-    step 2 system ""destaca o Competencias (Portfolio) selecionado na listagem""
-    step 3 lider ""clica na opcao 'Excluir' para excluir o Competencias (Portfolio) selecionado""
","+    step 2 system ""destaca a Competencia (Portfolio) selecionada na listagem""
+    step 3 lider ""clica na opcao 'Excluir' para excluir a Competencia (Portfolio) selecionada""
",LOW,0,3,25,"{'TC3', 'TC4', 'TC2'}",28,LOW,"The changes involve minor rephrasing for clarity, specifically changing 'Competencias' to 'Competencia' to possibly correct a grammatical error. Such edits are categorized as low-impact as they do not affect the functionality or logic of the use case.",8480
42,,src/RF011 - Gerenciar Competencias Portfolio.claret,exp01_gti-competencias_v1.0,exp01_gti-competencias_v1.1,"-    step 6 system ""exibe a listagem dos Competencias (Portfolio) sem o Competencias (Portfolio) excluido"" ef[3]
","+    step 6 system ""exibe a listagem das Competencias (Portfolio) sem a Competencia (Portfolio) excluida"" ef[3]
",LOW,0,1,27,{'TC3'},28,LOW,"The change involves a minor linguistic correction, altering the plural 'Competencias' to its singular form 'Competencia' and adjusting the corresponding terms for grammatical consistency. It does not impact system functionality or require a reevaluation of design, development effort, or testing, classifying it as a low-impact edit.",4620
43,,src/RF011 - Gerenciar Competencias Portfolio.claret,exp01_gti-competencias_v1.0,exp01_gti-competencias_v1.1,"-    step 2 system ""destaca o Competencias (Portfolio) selecionado na listagem""
-    step 3 lider ""clica na opcao 'Excluir' para excluir o Competencias (Portfolio) selecionado""
","+    step 2 system ""destaca a Competencia (Portfolio) selecionada na listagem""
+    step 3 lider ""clica na opcao 'Excluir' para excluir a Competencia (Portfolio) selecionada""
",LOW,0,3,25,"{'TC3', 'TC4', 'TC2'}",28,LOW,"The changes involve grammatical adjustments for gender agreement in the text ('o Competencias' to 'a Competencia' and 'selecionado' to 'selecionada'). These are rephrasing changes for clarity and do not affect the functionality, system design, or require additional development efforts, fitting the description of low-impact edits.",6019
44,,src/RF011 - Gerenciar Competencias Portfolio.claret,exp01_gti-competencias_v1.0,exp01_gti-competencias_v1.1,"-    step 6 system ""exibe a listagem dos Competencias (Portfolio) com o Competencias (Portfolio) excluido""
","+    step 6 system ""exibe a listagem das Competencias (Portfolio) com a Competencia (Portfolio) excluida""
",LOW,0,1,27,{'TC2'},28,LOW,"The update involves minor grammatical changes in the text, changing 'Competencias' to 'Competencia' to match the singular form for agreement with 'excluida'. This type of change falls under rephrasing for clarity and does not affect system functionality or requirements; hence, it is classified as low-impact.",6026
45,,src/RF011 - Gerenciar Competencias Portfolio.claret,exp01_gti-competencias_v1.0,exp01_gti-competencias_v1.1,"-  	step 2 system ""exibe a listagem dos Competencias (Portfolio) cadastrados apenas para visualizacao com a opcao 'Ajuda'""
","+  	step 2 system ""exibe a listagem das Competencias (Portfolio) cadastradas apenas para visualizacao com a opcao 'Ajuda'""
",LOW,0,1,27,{'TC1'},28,LOW,"The change involves a grammatical correction from 'cadastrados' to 'cadastradas', which is a rephrasing for clarity and does not alter the functionality or requirements of the system. Such edits are considered low-impact as they do not require reevaluation of the system design, additional development effort, or affect project timelines and resources.",4686
46,,src/RF014 - Administrador de Dados.claret,exp01_gti-competencias_v1.0,exp01_gti-competencias_v1.1,,"+systemName ""GTI-Competencias""
+
+usecase ""RF014 - Administrador de Dados"" {
+  version ""1.1"" type ""Criacao"" user ""Aislan Fernandes"" date ""02/12/2020""
+  actor admin ""Administrador""
+  preCondition ""Administrador esta autenticado no sistema; e, tem permissao para alterar Gerente de Desempenho""
+
+  basic {
+    step 1 admin ""acessa a funcionalidade de Catalogo (Perfis) de Competencias a partir do menu inicial""
+    step 2 system ""exibe a listagem das Catalogo (Perfis) de Competencias cadastradas com a opcao 'Alterar Gerente' dentre as varias listadas"" 
+    step 3 admin ""com um perfil selecionado, clica na opcao 'Alterar Gerente' para efetivar a mudanca""
+    step 4 system ""apresenta o formulario para cadastro do novo Gerente de Desempenho""
+    step 5 admin  ""preenche o campo 'Login do Novo Gerente de Desempenho' do novo Gerente de Desempenho para o Perfil de Competencias ""
+    step 6 system ""apresenta o campo 'Login do Novo Gerente de Desempenho' preenchido corretamente""
+	step 7 admin ""clica na opcao 'Confirmar'"" af[1]
+    step 8 system ""realiza a acao conforme a opcao selecionada pelo usuario e 
+				   retorna feedback correspondente"" ef[1,2]
+  }
+
+  exception 1 ""Falha ao Salvar o novo Gerente de Desempenho"" {
+    step 1 system ""exibe uma mensagem de erro ao tentar salvar, informando o campo ou a validacao que falhou""
+  }
+  
+  alternative 1 ""Encerrar definitivamente"" {
+    step 1 admin ""clica na opcao 'Cancelar'""
+    step 2 system ""apresenta o Catalogo (Perfis) de Competencias cadastradas sem nenhuma alteracao""
+  }
+
+  postCondition ""A alteracao do Gerente de Desempenho e realizada com sucesso.""
+}
",HIGH,3,0,0,"{'TC3', 'TC2', 'TC1'}",3,HIGH,"The introduction of a new use case in CLARET notation suggests significant functional enhancements to the system. The changes include new interactions between the system and actors, the addition of a new functionality for managing 'Gerente de Desempenho', and various system responses to actions taken by an administrator. This type of update typically necessitates reevaluation of system design, development effort, regression testing, and documentation updates, making it a high-impact change.",4926
47,src/RF005 - Visualizar Status do Processo.claret,src/RF004 - Visualizar Painel do Desempenho.claret,exp01_gti-competencias_v1.1,exp01_gti-competencias_v1.2,"-  preCondition ""Usuario nao-autenticado no sistema se encontra na tela inicial do sistema""  
","+  preCondition ""Usuario nao-autenticado no sistema""  
",LOW,0,2,0,"{'TC2', 'TC1'}",2,LOW,"The change removed part of the pre-condition specification, but the essential meaning—un-authenticated user—remains the same. This change likely aims for greater clarity or simplicity without altering the requirements' core functionality, making it a low-impact edit.",4416
48,src/RF005 - Visualizar Status do Processo.claret,src/RF004 - Visualizar Painel do Desempenho.claret,exp01_gti-competencias_v1.1,exp01_gti-competencias_v1.2,"-    step 1 usuarioNA ""acessa a funcionalidade para visualizar o status do PGDC""
","+    step 1 usuarioNA ""acessa a tela inicial do sistema"" af[1]
",HIGH,0,2,0,"{'TC2', 'TC1'}",2,HIGH,"The change alters the functionality being accessed by the user from 'visualizar o status do PGDC' to 'acessa a tela inicial do sistema'. This modification likely impacts the system's behavior, as it changes the scope or context of the interaction, suggesting a potential reevaluation of system design and user experience, thus classifying it as a high-impact edit.",5200
49,src/RF005 - Visualizar Status do Processo.claret,src/RF004 - Visualizar Painel do Desempenho.claret,exp01_gti-competencias_v1.1,exp01_gti-competencias_v1.2,,"+  
+  alternative 1 ""Retornando a tela inicial pelo menu do sistema"" {
+  	step 1 usuarioNA ""acessa a opcao 'Inicio (Painel)'"" bs 2
+  }
+  
",HIGH,2,0,2,"{'TC2', 'TC1'}",4,LOW,"The change involves adding an alternative flow without affecting the main steps or logic of the use case. This is likely a minor enhancement to user experience or a documentation update, classified as a low-impact edit.",4060
50,,src/RF009 - Gerenciar Resultados de Avaliacoes.claret,exp01_gti-competencias_v1.1,exp01_gti-competencias_v1.2,"-    step 3 lider ""com uma avaliacao selecionada, clica na opcao 'Resultados' para efetivar o feedback""
","+    step 3 lider ""com uma avaliacao selecionada, clica na opcao 'Resultado' para efetivar o feedback""
",LOW,0,4,0,"{'TC3', 'TC4', 'TC2', 'TC1'}",4,LOW,"The change involves a minor edit for linguistic consistency, modifying 'Resultados' to 'Resultado'. This change is related to phrasing and does not impact the functionality, logic, or system requirements, making it a low-impact edit as it aligns with rephrasing for clarity and does not require significant reevaluation of the system design or additional testing.",5575
51,,src/RF009 - Gerenciar Resultados de Avaliacoes.claret,exp01_gti-competencias_v1.1,exp01_gti-competencias_v1.2,"-	step 7 lider ""clica na opcao 'Salvar'"" af[1]
-    step 8 system ""realiza a acao conforme a opcao selecionada pelo usuario e 
","+    step 7 lider ""verifica a presenca (somente leitura) do detalhe de cada competencia avaliada""
+    step 8 system ""apresenta os detalhes de cada competencia, incluindo: 
+                   - a descricao da competencia;
+                   - o valor da autoavaliacao, a media das notas dos avaliadores e o valor da meta do avaliado;
+                   - os niveis de avaliacao para aquela competencia; e,
+                   - os apontamentos.""
+	step 9 lider ""clica na opcao 'Salvar'"" af[1]
+    step 10 system ""realiza a acao conforme a opcao selecionada pelo usuario e 
",HIGH,0,3,1,"{'TC3', 'TC4', 'TC2'}",4,HIGH,"The changes involve significant modifications to the user interaction and system response, including the introduction of new steps and detailed information display. These alterations likely require reevaluation of the system design, additional development effort for new functionality, updates to user documentation, and regression testing. Therefore, the edits have a high impact on the system technically and procedurally.",6433
52,,src/RF014 - Administrador de Dados.claret,exp01_gti-competencias_v1.1,exp01_gti-competencias_v1.2,"-    step 1 admin ""acessa a funcionalidade de Catalogo (Perfis) de Competencias a partir do menu inicial""
-    step 2 system ""exibe a listagem das Catalogo (Perfis) de Competencias cadastradas com a opcao 'Alterar Gerente' dentre as varias listadas"" 
","+    step 1 admin ""acessa a funcionalidade de 'Catalogo (Perfis) de Competencias' a partir do menu inicial""
+    step 2 system ""exibe a listagem do Catalogo (Perfis) de Competencias cadastradas com a opcao 'Alterar Gerente' dentre as varias listadas"" 
",LOW,0,3,0,"{'TC3', 'TC2', 'TC1'}",3,LOW,"The change involves adding quotation marks around text for clarity, which is a rephrasing and formatting adjustment. These are considered low-impact edits as they do not alter the system's functionality, design, or project timelines, but rather improve readability and clarity.",4874
53,,src/RF015 - Gerenciar Planos de Capacitacao de TI.claret,exp01_gti-competencias_v1.1,exp01_gti-competencias_v1.2,,"+systemName ""GTI-Competencias""
+
+usecase ""RF015 - Gerenciar Planos de Capacitacao de TI"" {
+  version ""1.2"" type ""Criacao"" user ""Aislan Fernandes"" date ""23/05/2021""
+  actor lider ""Lider de Pessoas""
+  actor usuarioNA ""Usuario Nao-Autenticado""
+  preCondition ""Lider de Pessoas esta autenticado no sistema e 
+				tem permissao para gerenciar Planos de Capacitacao de TI.""
+
+  basic {
+    step 1 lider ""acessa a funcionalidade de gestao de Planos de Capacitacao de TI a partir do menu inicial"" af[4]
+    step 2 system ""exibe a listagem das Planos de Capacitacao de TI cadastradas com opcoes de 'Novo', 'Editar', 'Excluir' e 'Ajuda'"" 
+    step 3 lider ""clica na opcao 'Novo' para criar uma nova Capacitacao de TI"" af[1,2,3]
+    step 4 system ""apresenta o formulario para cadastro e alteracao de Planos de Capacitacao de TI""
+    step 5 lider ""escolha o 'Periodo Avaliativo' apropriado no campo de selecao""
+	step 6 system ""exibe o 'Periodo Avaliativo' selecionado corretamente""
+	step 7 lider ""selecione a 'Unidade' correspondente no campo de selecao de unidade""
+	step 8 system ""exibe o campo 'Unidade' preenchido corretamente""
+	step 9 lider ""preencha o campo 'Possiveis Capacitacoes' com informacoes sobre capacitacoes adicionais""
+	step 10 system ""exibe o campo 'Possiveis Capacitacoes' preenchido corretamente""
+	step 11 lider ""preencha o campo 'Observacao' com informacoes adicionais ou relevantes sobre o plano de capacitacao""
+	step 12 system ""exibe o campo 'Observacao' preenchido corretamente""
+	step 13 lider ""seleciona as 'Pessoas' que farao parte do plano de capacitacao""
+	step 14 system ""exibe as 'Pessoas' escolhidas corretamente na lista 'Selecionadas'""
+	step 15 lider ""seleciona as 'Competencias' a serem trabalhadas no plano de capacitacao""
+	step 16 system ""exibe as 'Competencias' selecionadas corretamente na lista 'Selecionadas'""
+	step 17 lider ""clica na opcao 'Salvar'""
+    step 18 system ""realiza a acao conforme a opcao selecionada pelo usuario e 
+				   retorna feedback correspondente"" ef[1,2]
+  }
+
+  alternative 1 ""Editar Planos de Capacitacao de TI Existente"" {
+    step 1 lider ""seleciona um Planos de Capacitacao de TI da listagem""
+    step 2 system ""destaca a Capacitacao de TI selecionada na listagem""
+    step 3 lider ""clica na opcao 'Editar' para modificar a Capacitacao de TI selecionada"" bs 4
+  }
+  
+  alternative 2 ""Confirmar Exclusao da Capacitacao de TI"" {
+  	step 1 lider ""seleciona um Planos de Capacitacao de TI da listagem""
+    step 2 system ""destaca a Capacitacao de TI selecionada na listagem""
+    step 3 lider ""clica na opcao 'Excluir' para excluir a Capacitacao de TI selecionada""
+    step 4 system ""solicita confirmacao de exclusao mostrando o nome da Capacitacao de TI""
+    step 5 lider ""confirma a exclusao da Capacitacao de TI""
+    step 6 system ""exibe a listagem das Planos de Capacitacao de TI sem a Capacitacao de TI excluida"" ef[3,4]
+  }
+
+  alternative 3 ""Negar Exclusao da Capacitacao de TI"" {
+  	step 1 lider ""seleciona um Planos de Capacitacao de TI da listagem""
+    step 2 system ""destaca a Capacitacao de TI selecionada na listagem""
+    step 3 lider ""clica na opcao 'Excluir' para excluir a Capacitacao de TI selecionada""
+    step 4 system ""solicita confirmacao de exclusao mostrando o nome da Capacitacao de TI""
+    step 5 lider ""nao confirma a exclusao da Capacitacao de TI""
+    step 6 system ""exibe a listagem das Planos de Capacitacao de TI com a Capacitacao de TI excluida""
+  }
+  
+  alternative 4 ""Modo de visualizacao para usuarios nao-autenticados"" {
+  	step 1 usuarioNA ""acessa a funcionalidade de gestao de Planos de Capacitacao de TI a partir do menu inicial""
+  	step 2 system ""exibe a listagem das Planos de Capacitacao de TI cadastradas apenas para visualizacao com a opcao 'Ajuda'""
+  }
+
+  exception 1 ""Falha ao Salvar a nova Capacitacao de TI"" {
+    step 1 system ""exibe uma mensagem de erro ao tentar salvar a nova Capacitacao de TI, informando o campo ou a validacao que falhou""
+  }
+
+  exception 2 ""Erro ao Editar Capacitacao de TI"" {
+    step 1 system ""exibe uma mensagem de erro ao tentar editar a Capacitacao de TI, informando o campo ou a validacao que falhou""
+  }
+
+  exception 3 ""Falha na Exclusao da Capacitacao de TI"" {
+    step 1 system ""exibe uma mensagem de erro ao tentar excluir a Capacitacao de TI""
+  }
+  
+  exception 4 ""Falha na Exclusao do Avaliacao: nao e o lider"" {
+    step 1 system ""exibe uma mensagem de erro ao tentar excluir a Avaliacao informando que o usuario nao e o lider""
+  }
+
+  postCondition ""A gestao de Planos de Capacitacao de TI e realizada com sucesso.""
+}
",HIGH,11,0,0,"{'TC5', 'TC9', 'TC8', 'TC1', 'TC2', 'TC11', 'TC6', 'TC7', 'TC10', 'TC4', 'TC3'}",11,HIGH,"The addition of a new use case in CLARET notation represents a significant modification that impacts system functionality. This new information includes preconditions, basic flow steps, alternative paths, and exceptions, all of which require reevaluation of system design, potential development efforts, and updates to user documentation and testing. Thus, it qualifies as a high-impact edit.",4441
54,,src/RF018 - Gerenciar Metas de Desempenho.claret,exp01_gti-competencias_v1.1,exp01_gti-competencias_v1.2,,"+systemName ""GTI-Competencias""
+
+usecase ""RF018 - Gerenciar Metas de Desempenho"" {
+  version ""1.2"" type ""Criacao"" user ""Aislan Fernandes"" date ""13/05/2021""
+  actor lider ""Lider de Pessoas""
+  preCondition ""Lider de Pessoas esta autenticado no sistema; e, tem permissao para gerenciar Metas de Desempenho""
+
+  basic {
+    step 1 lider ""acessa a funcionalidade de Avaliacoes a partir do menu inicial""
+    step 2 system ""exibe a listagem das Avaliacoes cadastradas com a opcao 'Editar' dentre as varias listadas"" 
+    step 3 lider ""com uma avaliacao selecionada, clica na opcao 'Editar' modificar a Avaliacao de Desempenho""
+    step 4 system ""apresenta o formulario com o campo 'Metas' constando cada Competencia do perfil avaliado""
+    step 5 lider  ""altera o valor da 'Meta' para cada Competencia listada do perfil avaliado na Avaliacao atual (valores padrao de 1 a 4)""
+    step 6 system ""apresenta o campo 'Meta' para cada Competencia listada do perfil avaliado na Avaliacao preenchido corretamente""
+	step 7 lider ""clica na opcao 'Salvar'""
+    step 8 system ""realiza a acao conforme a opcao selecionada pelo usuario e 
+				   retorna feedback correspondente"" ef[1]
+  }
+
+  exception 1 ""Erro ao Editar Avaliacao"" {
+    step 1 system ""exibe uma mensagem de erro ao tentar editar, informando o campo ou a validacao que falhou""
+  }
+
+  postCondition ""A gestao de Metas de Desempenho e realizada com sucesso.""
+}
",HIGH,2,0,0,"{'TC2', 'TC1'}",2,HIGH,"The update introduces a complete new use case definition in CLARET notation, which includes various functional steps, exceptions, and conditions. Such changes are usually considered high-impact as they may necessitate reevaluation of system design, additional development effort, testing, and updates to associated documentation.",4740
55,,src/RF001 - Autenticar Usuario.claret,exp01_gti-competencias_v1.3,exp01_gti-competencias_v1.4,"-    step 1 sysUser ""inicia a tela de login atraves da opcao de Login no canto superior direito""
","+    step 1 sysUser ""abre a tela de login atraves da opcao de Login no canto superior direito""
",LOW,0,14,0,"{'TC5', 'TC13', 'TC9', 'TC8', 'TC14', 'TC1', 'TC2', 'TC11', 'TC6', 'TC7', 'TC10', 'TC4', 'TC12', 'TC3'}",14,LOW,"The change involves rephrasing for clarity by replacing 'inicia' with 'abre' in the description of the use case step. This modification does not affect the system's functionality or require additional development effort, hence it is classified as a low-impact edit.",4607
56,,src/RF002 - Realizar logout.claret,exp01_gti-competencias_v1.3,exp01_gti-competencias_v1.4,"-    step 1 sysUser ""clica na opcao de Logout atraves da opcao disponivel no canto superior direito""
","+    step 1 sysUser ""clica na opcao de Logout disponivel no canto superior direito""
",LOW,0,1,0,{'TC1'},1,LOW,"The change involved rephrasing the step description for clarity by removing redundant words, which does not alter the functionality or logic of the use case. Therefore, it is a low-impact edit involving improved readability without affecting system design, development effort, or project timelines.",4051
57,,src/RF007 - Gerenciar Avaliacoes.claret,exp01_gti-competencias_v1.3,exp01_gti-competencias_v1.4,"-    step 2 system ""exibe a listagem dos Avaliacoes cadastrados com opcoes de 'Novo', 'Editar', 'Excluir' e 'Ajuda'"" 
","+    step 2 system ""exibe a listagem das Avaliacoes cadastradas com opcoes de 'Novo', 'Editar', 'Excluir' e 'Ajuda'"" 
",LOW,0,10,0,"{'TC5', 'TC9', 'TC8', 'TC1', 'TC2', 'TC6', 'TC7', 'TC10', 'TC4', 'TC3'}",10,LOW,"The change involves correcting the grammatical agreement from 'dos Avaliacoes cadastrados' to 'das Avaliacoes cadastradas'. This is a rephrasing for clarity and does not affect system design, functionality, or project scope, hence, it is a low-impact edit.",6493
58,,src/RF007 - Gerenciar Avaliacoes.claret,exp01_gti-competencias_v1.3,exp01_gti-competencias_v1.4,"-    step 12 system ""apresenta em 'Metas' os campos 'Nivel' preenchido corretamente""              
","+    step 12 system ""apresenta em 'Metas' os campos 'Nivel' preenchidos corretamente""              
",LOW,0,3,7,"{'TC9', 'TC8', 'TC10'}",10,LOW,"The change involves correcting a grammatical error, switching from 'preenchido' to 'preenchidos', which aligns the verb with a plural noun. This is a minor edit related to rephrasing for clarity, without altering the functionality or logic of the use case.",5042
59,,src/RF007 - Gerenciar Avaliacoes.claret,exp01_gti-competencias_v1.3,exp01_gti-competencias_v1.4,"-    step 4 system ""apresenta o formulario para e alteracao de Avaliacao""
-    step 5 lider ""verifica que os campos 'Periodo Avaliativo', 'Perfil' e 'Avaliado' somente leitura"" bs 11
","+    step 4 system ""apresenta o formulario para e alteracao da Avaliacao""
+    step 5 lider ""verifica que os campos 'Periodo Avaliativo', 'Perfil' e 'Avaliado' estao em modo somente leitura"" bs 11
",LOW,0,3,7,"{'TC7', 'TC5', 'TC6'}",10,LOW,"The changes in the updated snippet involve minor text modifications to improve clarity and consistency ('para e alteracao da Avaliacao' and 'estao em modo somente leitura'). These edits do not affect the functionality, logic, or design of the use case, thus classifying them as low-impact edits.",5089
60,,src/RF007 - Gerenciar Avaliacoes.claret,exp01_gti-competencias_v1.3,exp01_gti-competencias_v1.4,"-    step 6 system ""exibe a listagem dos Avaliacoes sem o Avaliacao excluido"" ef[3,4]
","+    step 6 system ""exibe a listagem das Avaliacoes sem a Avaliacao excluida"" ef[3,4]
",LOW,0,1,9,{'TC2'},10,LOW,"The update made is a change in the grammatical gender of the words 'Avaliacao excluido' to 'Avaliacao excluida'. This change can be considered a rephrasing for clarity or grammatical correctness, which falls under formatting and punctuation adjustments. Such changes do not affect the system design, functionality, or any other substantial requirement and are thus considered low-impact.",8439
61,,src/RF007 - Gerenciar Avaliacoes.claret,exp01_gti-competencias_v1.3,exp01_gti-competencias_v1.4,"-    step 6 system ""exibe a listagem dos Avaliacoes com o Avaliacao excluido""
","+    step 6 system ""exibe a listagem das Avaliacoes com a Avaliacao nao excluida""
",LOW,0,1,9,{'TC1'},10,LOW,"The change involves a minor text modification in the requirement for clarity or correction but does not significantly alter the behavior, functionality, or system design. It appears to be clarifying the status of the evaluation item in the list without necessitating additional development, testing, or design reevaluation, thus classifying it as a low-impact edit.",3976
62,,src/RF008 - Gerenciar Respostas de Avaliacoes.claret,exp01_gti-competencias_v1.3,exp01_gti-competencias_v1.4,"-  preCondition ""Avaliador de Pessoas esta autenticado no sistema; e, tem permissao para gerenciar Respostas de Avaliacoes""
","+  preCondition ""Avaliador de Pessoas esta autenticado no sistema e tem permissao para gerenciar Respostas de Avaliacoes""
",LOW,0,7,0,"{'TC5', 'TC1', 'TC2', 'TC6', 'TC7', 'TC3', 'TC4'}",7,LOW,"The change involves removing a punctuation mark (semicolon) in the precondition of the use case. This is a formatting change that does not alter the behavior, meaning, or underlying requirements of the system, thus classifying it as low-impact.",4640
63,,src/RF008 - Gerenciar Respostas de Avaliacoes.claret,exp01_gti-competencias_v1.3,exp01_gti-competencias_v1.4,"-				   retorna feedback correspondente"" ef[2,3]
","+				    retorna feedback correspondente"" ef[2,3]
",LOW,0,2,5,"{'TC7', 'TC4'}",7,LOW,"The edit in the snippet involves a minor adjustment in formatting, as indicated by the change in whitespace characters. This type of change does not impact the system's functionality or require reevaluation of the system design, thus classifying it as a low-impact edit.",5897
64,,src/RF008 - Gerenciar Respostas de Avaliacoes.claret,exp01_gti-competencias_v1.3,exp01_gti-competencias_v1.4,"-    step 2 system ""limpa os campos apresentados 'Nivel da Competencia' e 'Apontamentos' apresentados na tela para cada Perfil de Competencias avaliado""
-    step 5 avaliador ""verifica que os campos 'Nivel da Competencia' e 'Apontamentos' estao limpos"" bs 5 
","+    step 2 system ""limpa os campos 'Nivel da Competencia' e 'Apontamentos' exibidos na tela para cada Perfil de Competencias avaliado""
+    step 3 avaliador ""verifica que os campos 'Nivel da Competencia' e 'Apontamentos' estao limpos"" bs 5 
",LOW,0,3,4,"{'TC3', 'TC4', 'TC2'}",7,LOW,"The change involves rewording for clarity by revising the language used to describe actions in the steps, as well as the renumbering of steps without altering the fundamental functionality or requirements. This aligns with low-impact edits like rephrasing and formatting adjustments, which do not require significant reevaluation of system design or affect project scope and timelines.",4466
65,,src/RF009 - Gerenciar Resultados de Avaliacoes.claret,exp01_gti-competencias_v1.3,exp01_gti-competencias_v1.4,"-    step 5 lider  ""seleciona o 'Ata de Reuniao de Feedback' da Avaliacao (1 a 4) para cada Perfil de Competencias avaliado""
","+    step 5 lider  ""preenche a 'Ata de Reuniao de Feedback' da Avaliacao para cada Perfil de Competencias avaliado""
",LOW,0,4,0,"{'TC3', 'TC4', 'TC2', 'TC1'}",4,HIGH,"The change alters the action performed by the 'lider' from selecting to filling out the 'Ata de Reuniao de Feedback', which suggests a change in the responsibility and potentially impacts the workflow or system behavior, necessitating reevaluation of the use case.",4883
66,,src/RF010 - Gerenciar Periodos Avaliativos.claret,exp01_gti-competencias_v1.3,exp01_gti-competencias_v1.4,"-    step 7 lider ""preenche o campo 'Data Inicial e Data Final' informando as respectivas datas referente ao periodo""
-    step 8 system ""apresenta o campo 'Data Inicial e Data Final' preenchido corretamente""
-	step 17 lider ""clica na opcao 'Salvar'""
-    step 18 system ""realiza a acao conforme a opcao selecionada pelo usuario e 
","+    step 7 lider ""preenche o campo 'Data Inicial' e 'Data Final' informando as respectivas datas referentes ao periodo""
+    step 8 system ""apresenta o campo 'Data Inicial' e 'Data Final' preenchido corretamente""
+	step 9 lider ""clica na opcao 'Salvar'""
+    step 10 system ""realiza a acao conforme a opcao selecionada pelo usuario e 
",LOW,0,6,4,"{'TC5', 'TC9', 'TC8', 'TC6', 'TC7', 'TC10'}",10,LOW,"The changes are primarily rephrasing for clarity, with the addition of 'step' numbers that don't alter the flow or functionality of the use case. This is akin to reordering or minor formatting modifications, indicating a low-impact edit.",3970
67,,src/RF010 - Gerenciar Periodos Avaliativos.claret,exp01_gti-competencias_v1.3,exp01_gti-competencias_v1.4,"-    step 6 system ""exibe a listagem dos Periodos Avaliativos com o Periodo Avaliativo excluido""
","+    step 6 system ""exibe a listagem dos Periodos Avaliativos com o Periodo Avaliativo nao excluido""
",LOW,0,1,9,{'TC2'},10,HIGH,"The change alters the outcome of the system's behavior by switching the status of an item from 'excluded' to 'not excluded'. This affects the business logic and potentially impacts system design, testing, and user documentation, thus requiring thorough evaluation.",4074
68,,src/RF011 - Gerenciar Competencias Portfolio.claret,exp01_gti-competencias_v1.3,exp01_gti-competencias_v1.4,"-    step 3 lider ""clica na opcao 'Novo' para criar um nova Competencia (portfolio)"" af[1,2,3]
","+    step 3 lider ""clica na opcao 'Novo' para criar uma nova Competencia (portfolio)"" af[1,2,3]
",LOW,0,12,16,"{'TC25', 'TC23', 'TC28', 'TC27', 'TC17', 'TC22', 'TC26', 'TC21', 'TC20', 'TC18', 'TC24', 'TC19'}",28,LOW,"The change involves correcting a grammatical error by replacing 'um' with 'uma' for grammatical accuracy. This type of edit is categorized as rephrasing for clarity, which is identified as a low-impact change in the context provided.",5250
69,,src/RF011 - Gerenciar Competencias Portfolio.claret,exp01_gti-competencias_v1.3,exp01_gti-competencias_v1.4,"-    step 1 lider ""seleciona um Competencias (Portfolio) da listagem""
","+    step 1 lider ""seleciona uma Competencias (Portfolio) da listagem""
",LOW,0,15,13,"{'TC5', 'TC13', 'TC9', 'TC8', 'TC14', 'TC15', 'TC16', 'TC2', 'TC11', 'TC6', 'TC7', 'TC10', 'TC4', 'TC12', 'TC3'}",28,LOW,"The change involves a minor grammatical adjustment ('um' to 'uma') for gender agreement in the text, which constitutes a low-impact edit focused on clarity and accuracy, without affecting the core functionality, logic, or system design.",5956
70,,src/RF011 - Gerenciar Competencias Portfolio.claret,exp01_gti-competencias_v1.3,exp01_gti-competencias_v1.4,"-  	step 1 lider ""seleciona um Competencias (Portfolio) da listagem""
","+  	step 1 lider ""seleciona uma Competencias (Portfolio) da listagem""
",LOW,0,15,13,"{'TC5', 'TC13', 'TC9', 'TC8', 'TC14', 'TC15', 'TC16', 'TC2', 'TC11', 'TC6', 'TC7', 'TC10', 'TC4', 'TC12', 'TC3'}",28,LOW,"The change involves a simple grammatical correction in the use of an article ('um' to 'uma'), which enhances the clarity of the text without impacting the system design, functionality, or associated documentation. Therefore, it is considered a low-impact edit.",8443
71,,src/RF011 - Gerenciar Competencias Portfolio.claret,exp01_gti-competencias_v1.3,exp01_gti-competencias_v1.4,"-  alternative 3 ""Negar Exclusao da Competencia (Portfolio)"" {
-  	step 1 lider ""seleciona um Competencias (Portfolio) da listagem""
","+  alternative 3 ""Nao Confirmar Exclusao da Competencia (Portfolio)"" {
+  	step 1 lider ""seleciona uma Competencias (Portfolio) da listagem""
",LOW,0,15,13,"{'TC5', 'TC13', 'TC9', 'TC8', 'TC14', 'TC15', 'TC16', 'TC2', 'TC11', 'TC6', 'TC7', 'TC10', 'TC4', 'TC12', 'TC3'}",28,LOW,The changes involve rephrasing the name of an alternative and correcting a grammatical inconsistency ('um' to 'uma') for consistency. These are considered low-impact edits as they improve clarity and grammatical correctness without altering the fundamental functionality or requirements of the use case.,10579
72,,src/RF011 - Gerenciar Competencias Portfolio.claret,exp01_gti-competencias_v1.3,exp01_gti-competencias_v1.4,"-    step 6 system ""exibe a listagem das Competencias (Portfolio) com a Competencia (Portfolio) excluida""
","+    step 6 system ""exibe a listagem das Competencias (Portfolio) com a Competencia (Portfolio) nao excluida""
",LOW,0,1,27,{'TC2'},28,HIGH,"The change alters the meaning of the action taken by the system, affecting the fundamental behavior of the use case. The original snippet depicted a scenario where a Competencia (Portfolio) is excluded, while the updated snippet specifies it as not excluded. This change likely impacts system functionality, requiring review and potential adjustments in design, testing, and documentation.",9218
73,,src/RF012 - Ajuda.claret,exp01_gti-competencias_v1.3,exp01_gti-competencias_v1.4,"-    step 2 system ""exibe a listagem dos Niveis das Competencias cadastradas com opcoes de 'Novo', 'Editar', 'Excluir' e 'Ajuda'"" 
","+    step 2 system ""exibe a listagem dos Niveis das Competencias cadastrados com opcoes de 'Novo', 'Editar', 'Excluir' e 'Ajuda'"" 
",LOW,0,1,4,{'TC1'},5,LOW,"The change involves a minor grammatical correction, switching the word 'cadastradas' to 'cadastrados', likely to match gender or plurality in the language used. This is a rephrasing for clarity and does not impact system functionality, design, or other critical aspects, classifying it as a low-impact edit.",10854
74,,src/RF013 - Gerenciar Niveis das Competencias.claret,exp01_gti-competencias_v1.3,exp01_gti-competencias_v1.4,"-    step 3 lider ""clica na opcao 'Novo' para criar um novo Niveis das Competencias"" af[1,2,3]
","+    step 3 lider ""clica na opcao 'Novo' para criar um novo Nivel das Competencias"" af[1,2,3]
",LOW,0,3,7,"{'TC9', 'TC8', 'TC10'}",10,LOW,"The update involves fixing a spelling mistake in the word 'Niveis' to 'Nivel', which does not alter the functionality or intent of the use case step. This is considered a low-impact change as it pertains to rephrasing or clarity improvements without affecting the broader system requirements or implementation.",12493
75,,src/RF013 - Gerenciar Niveis das Competencias.claret,exp01_gti-competencias_v1.3,exp01_gti-competencias_v1.4,"-    step 6 system ""exibe a listagem dos Niveis das Competencias com o Nivel das Competencias excluido""
","+    step 6 system ""exibe a listagem dos Niveis das Competencias com o Nivel das Competencias nao excluido""
",LOW,0,1,9,{'TC2'},10,HIGH,"The change alters the behavior of the system by displaying competencies that are not excluded instead of those that are excluded. This likely impacts system logic, user interaction, and potentially the overall workflow, necessitating reevaluation and possibly affecting system design and testing.",12785
76,,src/RF014 - Administrador de Dados.claret,exp01_gti-competencias_v1.3,exp01_gti-competencias_v1.4,"-  preCondition ""Administrador esta autenticado no sistema; e, tem permissao para alterar Gerente de Desempenho""
","+  preCondition ""Administrador esta autenticado no sistema e tem permissao para alterar Gerente de Desempenho""
",LOW,0,3,0,"{'TC3', 'TC2', 'TC1'}",3,LOW,"The change involves removing punctuation between clauses in the precondition statement. It is a formatting adjustment and does not alter the meaning or functionality of the requirement, thus classifying it as a low-impact edit.",14891
77,,src/RF014 - Administrador de Dados.claret,exp01_gti-competencias_v1.3,exp01_gti-competencias_v1.4,"-    step 2 system ""exibe a listagem do Catalogo (Perfis) de Competencias cadastradas com a opcao 'Alterar Gerente' dentre as varias listadas"" 
","+    step 2 system ""exibe a listagem dos Perfis de Competencias cadastrados com a opcao 'Alterar Gerente' dentre as varias listadas"" 
",LOW,0,3,0,"{'TC3', 'TC2', 'TC1'}",3,LOW,"The change involves rephrasing for clarity by removing redundant wording and simplifying the description. The core functionality and requirements of the system remain unchanged, indicating a low-impact edit as it does not necessitate reevaluation of system design or additional development efforts.",14489
78,,src/RF014 - Administrador de Dados.claret,exp01_gti-competencias_v1.3,exp01_gti-competencias_v1.4,"-    step 5 admin  ""preenche o campo 'Login do Novo Gerente de Desempenho' do novo Gerente de Desempenho para o Perfil de Competencias ""
","+    step 5 admin  ""preenche o campo 'Login do Novo Gerente de Desempenho' para o Perfil de Competencias""
",LOW,0,3,0,"{'TC3', 'TC2', 'TC1'}",3,LOW,"The update involves the removal of a redundant phrase ('do novo Gerente de Desempenho'), simplifying the sentence without altering the underlying requirement or system behavior. This is similar to rephrasing for clarity, which is a low-impact edit.",20195
79,,src/RF014 - Administrador de Dados.claret,exp01_gti-competencias_v1.3,exp01_gti-competencias_v1.4,"-    step 2 system ""apresenta o Catalogo (Perfis) de Competencias cadastradas sem nenhuma alteracao""
","+    step 2 system ""apresenta o Catalogo (Perfis) de Competencias sem nenhuma alteracao""
",LOW,0,1,2,{'TC1'},3,LOW,"The change involved removing the phrase 'cadastradas', which does not alter the fundamental functionality or behavior described in the use case. This is a rephrasing change for clarity or simplicity and does not impact the system design, development effort, or testing requirements significantly, making it a low-impact edit.",21941
80,,src/RF015 - Gerenciar Planos de Capacitacao de TI.claret,exp01_gti-competencias_v1.3,exp01_gti-competencias_v1.4,"-    step 2 system ""exibe a listagem das Planos de Capacitacao de TI cadastradas com opcoes de 'Novo', 'Editar', 'Excluir' e 'Ajuda'"" 
","+    step 2 system ""exibe a listagem dos Planos de Capacitacao de TI cadastrados com opcoes de 'Novo', 'Editar', 'Excluir' e 'Ajuda'"" 
",LOW,0,10,1,"{'TC5', 'TC9', 'TC8', 'TC2', 'TC11', 'TC6', 'TC7', 'TC10', 'TC4', 'TC3'}",11,LOW,"The change involves correcting a grammatical error by adjusting the gender agreement between the nouns and adjectives in the sentence. This rephrasing enhances clarity but does not alter the functionality, behavior, or requirements of the system, making it a low-impact edit.",15697
81,,src/RF015 - Gerenciar Planos de Capacitacao de TI.claret,exp01_gti-competencias_v1.3,exp01_gti-competencias_v1.4,"-    step 5 lider ""escolha o 'Periodo Avaliativo' apropriado no campo de selecao""
","+    step 5 lider ""escolhe o 'Periodo Avaliativo' apropriado no campo de selecao""
",LOW,0,6,5,"{'TC9', 'TC8', 'TC11', 'TC6', 'TC7', 'TC10'}",11,LOW,"The change involves rephrasing for clarity by modifying the verb form. This type of edit typically falls under low-impact as it does not alter the workflow or logic of the use case, but rather improves readability and potentially user understanding.",17118
82,,src/RF015 - Gerenciar Planos de Capacitacao de TI.claret,exp01_gti-competencias_v1.3,exp01_gti-competencias_v1.4,"-	step 7 lider ""selecione a 'Unidade' correspondente no campo de selecao de unidade""
","+	step 7 lider ""seleciona a 'Unidade' correspondente no campo de selecao de unidade""
",LOW,0,6,5,"{'TC9', 'TC8', 'TC11', 'TC6', 'TC7', 'TC10'}",11,LOW,"The change from 'selecione' to 'seleciona' in the step description is a minor verb tense adjustment. This rephrasing does not alter the fundamental meaning or function described in the step and is akin to rephrasing for clarity, which is typically categorized as a low-impact edit.",18319
83,,src/RF015 - Gerenciar Planos de Capacitacao de TI.claret,exp01_gti-competencias_v1.3,exp01_gti-competencias_v1.4,"-	step 9 lider ""preencha o campo 'Possiveis Capacitacoes' com informacoes sobre capacitacoes adicionais""
","+	step 9 lider ""preenche o campo 'Possiveis Capacitacoes' com informacoes sobre capacitacoes adicionais""
",LOW,0,6,5,"{'TC9', 'TC8', 'TC11', 'TC6', 'TC7', 'TC10'}",11,LOW,"The change involves a minor adjustment in verb conjugation from 'preencha' to 'preenche', which does not alter the requirement's meaning or intent. Such a change is considered a low-impact edit, as it does not affect system design, development effort, or project management aspects, but rather enhances clarity or readability.",5674
84,,src/RF015 - Gerenciar Planos de Capacitacao de TI.claret,exp01_gti-competencias_v1.3,exp01_gti-competencias_v1.4,"-	step 11 lider ""preencha o campo 'Observacao' com informacoes adicionais ou relevantes sobre o plano de capacitacao""
","+	step 11 lider ""preenche o campo 'Observacao' com informacoes adicionais ou relevantes sobre o plano de capacitacao""
",LOW,0,6,5,"{'TC9', 'TC8', 'TC11', 'TC6', 'TC7', 'TC10'}",11,LOW,"The change from 'preencha' to 'preenche' is a minor grammatical correction that does not alter the functionality, intent, or structure of the use case. It falls under the category of rephrasing for clarity or grammatical correction and is therefore a low-impact edit.",4754
85,,src/RF015 - Gerenciar Planos de Capacitacao de TI.claret,exp01_gti-competencias_v1.3,exp01_gti-competencias_v1.4,"-    step 1 lider ""seleciona um Planos de Capacitacao de TI da listagem""
","+    step 1 lider ""seleciona um Plano de Capacitacao de TI da listagem""
",LOW,0,7,4,"{'TC5', 'TC8', 'TC2', 'TC6', 'TC7', 'TC3', 'TC4'}",11,LOW,"The change involves correcting a plural form to singular ('Planos' to 'Plano'), which is likely a minor rewording for clarity or grammatical accuracy. This type of modification falls under 'Rephrasing for Clarity', a category typically considered low-impact as it does not alter the functional behavior or requirements of the system.",6008
86,,src/RF015 - Gerenciar Planos de Capacitacao de TI.claret,exp01_gti-competencias_v1.3,exp01_gti-competencias_v1.4,"-  	step 1 lider ""seleciona um Planos de Capacitacao de TI da listagem""
","+  	step 1 lider ""seleciona um Plano de Capacitacao de TI da listagem""
",LOW,0,7,4,"{'TC5', 'TC8', 'TC2', 'TC6', 'TC7', 'TC3', 'TC4'}",11,LOW,"The change involves correcting a typographical error, changing 'Planos' to 'Plano', which does not alter the system's functionality or requirements. This type of modification is considered rephrasing for clarity and can be classified as a low-impact edit based on the context provided.",5381
87,,src/RF015 - Gerenciar Planos de Capacitacao de TI.claret,exp01_gti-competencias_v1.3,exp01_gti-competencias_v1.4,"-    step 6 system ""exibe a listagem das Planos de Capacitacao de TI sem a Capacitacao de TI excluida"" ef[3,4]
","+    step 6 system ""exibe a listagem dos Planos de Capacitacao de TI sem a Capacitacao de TI excluida"" ef[3,4]
",LOW,0,1,10,{'TC3'},11,LOW,"The change involves a minor grammatical correction, changing 'a listagem das Planos' to 'a listagem dos Planos'. This does not alter the functionality, logic, or system behavior described in the requirement, and pertains to rephrasing for clarity, making it a low-impact edit.",5064
88,,src/RF015 - Gerenciar Planos de Capacitacao de TI.claret,exp01_gti-competencias_v1.3,exp01_gti-competencias_v1.4,"-  alternative 3 ""Negar Exclusao da Capacitacao de TI"" {
-  	step 1 lider ""seleciona um Planos de Capacitacao de TI da listagem""
","+  alternative 3 ""Nao Confirmar Exclusao da Capacitacao de TI"" {
+  	step 1 lider ""seleciona um Plano de Capacitacao de TI da listagem""
",LOW,0,7,4,"{'TC5', 'TC8', 'TC2', 'TC6', 'TC7', 'TC3', 'TC4'}",11,LOW,"The changes involve rephrasing for clarity, such as replacing 'Negar' with 'Nao Confirmar' and correcting 'Planos' to 'Plano'. These modifications improve understanding and accuracy without altering the system functionality or design, thus they are considered low-impact edits.",5519
89,,src/RF015 - Gerenciar Planos de Capacitacao de TI.claret,exp01_gti-competencias_v1.3,exp01_gti-competencias_v1.4,"-    step 6 system ""exibe a listagem das Planos de Capacitacao de TI com a Capacitacao de TI excluida""
","+    step 6 system ""exibe a listagem dos Planos de Capacitacao de TI com a Capacitacao de TI nao excluida""
",LOW,0,1,10,{'TC2'},11,HIGH,"The change from 'excluida' (excluded) to 'nao excluida' (not excluded) in the use case description alters the functionality and outcome of the system's behavior. This modification impacts the logic and potentially the business rules associated with the use case, requiring a reevaluation of system design and possibly additional development, regression testing, and updates to documentation. As such, it is classified as a high-impact edit.",8011
90,,src/RF015 - Gerenciar Planos de Capacitacao de TI.claret,exp01_gti-competencias_v1.3,exp01_gti-competencias_v1.4,"-  	step 2 system ""exibe a listagem das Planos de Capacitacao de TI cadastradas apenas para visualizacao com a opcao 'Ajuda'""
","+  	step 2 system ""exibe a listagem dos Planos de Capacitacao de TI cadastrados apenas para visualizacao com a opcao 'Ajuda'""
",LOW,0,1,10,{'TC1'},11,LOW,"The change involves a minor grammatical adjustment, correcting the words 'Planos de Capacitacao de TI cadastradas' to 'Planos de Capacitacao de TI cadastrados' for agreement in gender and number. This does not impact system functionality or requirements, thus it is considered a low-impact change.",6639
91,,src/RF018 - Gerenciar Metas de Desempenho.claret,exp01_gti-competencias_v1.3,exp01_gti-competencias_v1.4,"-  preCondition ""Lider de Pessoas esta autenticado no sistema; e, tem permissao para gerenciar Metas de Desempenho""
","+  preCondition ""Lider de Pessoas esta autenticado no sistema e tem permissao para gerenciar Metas de Desempenho""
",LOW,0,2,0,"{'TC2', 'TC1'}",2,LOW,"The change involves the removal of a semicolon and a conjunction word 'e,'. This is a formatting and punctuation edit, which does not affect the system design, development effort, or system functionality, hence it is classified as a low-impact edit.",5019
92,,src/RF018 - Gerenciar Metas de Desempenho.claret,exp01_gti-competencias_v1.3,exp01_gti-competencias_v1.4,"-    step 3 lider ""com uma avaliacao selecionada, clica na opcao 'Editar' modificar a Avaliacao de Desempenho""
-    step 4 system ""apresenta o formulario com o campo 'Metas' constando cada Competencia do perfil avaliado""
","+    step 3 lider ""com uma avaliacao selecionada, clica na opcao 'Editar' para modificar a Avaliacao de Desempenho""
+    step 4 system ""apresenta o formulario com o campo 'Metas' contendo cada Competencia do perfil avaliado""
",LOW,0,2,0,"{'TC2', 'TC1'}",2,LOW,"The changes made to the snippets involve minor modifications in wording for clarity, such as adding 'para' for better explanation of the action in step 3, and substituting 'constando' with 'contendo' in step 4 for better understanding. These edits do not require reevaluation of system design or additional development efforts, hence they are classified as low-impact edits.",5199
93,,src/RF008 - Gerenciar Respostas de Avaliacoes.claret,exp01_gti-competencias_v1.4,exp01_gti-competencias_v1.5,"-    step 2 system ""exibe a listagem das Avaliacoes cadastradas com a opcao 'Formulario' dentre as varias listadas"" 
-    step 3 avaliador ""com uma avaliacao selecionada, clica na opcao 'Formulario' para criar uma nova Avaliacao""
","+    step 2 system ""exibe a listagem das Avaliacoes cadastradas com a opcao 'Formulario' dentre as varias exibidas"" 
+    step 3 avaliador ""com uma avaliacao selecionada, clica na opcao 'Formulario' para responder a uma Avaliacao ou Autoavaliacao""
",LOW,0,7,0,"{'TC5', 'TC1', 'TC2', 'TC6', 'TC7', 'TC3', 'TC4'}",7,HIGH,"The change in step 3 alters the action taken by the 'avaliador' from creating a new 'Avaliacao' to responding to an existing 'Avaliacao' or 'Autoavaliacao'. This modification impacts the requirements and functionality, necessitating a reevaluation of the system design and possibly additional development and testing effort.",5122
94,,src/RF008 - Gerenciar Respostas de Avaliacoes.claret,exp01_gti-competencias_v1.4,exp01_gti-competencias_v1.5,"-    step 5 avaliador  ""seleciona o 'Nivel da Competencia' da Avaliacao (1 a 4) para cada Perfil de Competencias avaliado""
-    step 6 system ""apresenta o campo 'Nivel da Competencia' preenchido corretamente""
-    step 7 avaliador ""adiciona 'Apontamentos' sobre a avaliacao para cada Perfil de Competencias avaliado""
-    step 8 system ""apresenta os 'Apontamentos' preenchidos corretamente""
-	step 9 avaliador ""clica na opcao 'Salvar'"" af[1]
-    step 10 system ""realiza a acao conforme a opcao selecionada pelo usuario e 
-				    retorna feedback correspondente"" ef[2,3]
","+    step 5 avaliador  ""seleciona o 'Nivel de Interacao' para cada Perfil de Competencias avaliado""
+    step 6 system ""apresenta o campo 'Nivel de Interacao' preenchido corretamente""
+    step 7 avaliador  ""seleciona que e 'Capaz de Avaliar a Competencia' para cada Perfil de Competencias avaliado"" af[2]
+    step 8 system ""apresenta o campo 'Capaz de Avaliar' preenchido como 'SIM'""
+    step 9 avaliador  ""seleciona o 'Nivel da Competencia' da Avaliacao (1 a 4) para cada Perfil de Competencias avaliado""
+    step 10 system ""apresenta o campo 'Nivel da Competencia' preenchido corretamente""
+    step 11 avaliador ""adiciona 'Apontamentos' sobre a avaliacao para cada Perfil de Competencias avaliado""
+    step 12 system ""apresenta os 'Apontamentos' preenchidos corretamente""
+	step 13 avaliador ""clica na opcao 'Salvar'"" af[1]
+    step 14 system ""realiza a acao conforme a opcao selecionada pelo usuario e 
+				    retorna feedback correspondente"" ef[2,3,4]
",HIGH,0,6,1,"{'TC5', 'TC2', 'TC6', 'TC7', 'TC3', 'TC4'}",7,HIGH,"The updated snippet introduces significant changes by adding new steps and modifying existing ones, which affect the flow and logic of the use case. These changes likely require reevaluation of system design and additional development effort, making it a high-impact edit.",5297
95,,src/RF008 - Gerenciar Respostas de Avaliacoes.claret,exp01_gti-competencias_v1.4,exp01_gti-competencias_v1.5,,"+  exception 4 ""Sem Justificativa"" {
+    step 1 system ""exibe uma mensagem de erro informando ao usuario que nao informou justificativa""
+  }
+  
",HIGH,4,0,13,"{'TC8', 'TC16', 'TC12', 'TC4'}",17,HIGH,"The addition of an exception implies a change in the system behavior which may require changes in system design, implementation, and testing. This is indicative of a high-impact change as it could affect project timelines and necessitate additional development efforts.",4494
96,,src/RF008 - Gerenciar Respostas de Avaliacoes.claret,exp01_gti-competencias_v1.4,exp01_gti-competencias_v1.5,,"+  
+  alternative 2 ""Nao e Capaz de Avaliar a Competencia"" {
+  	step 1 avaliador  ""seleciona que nao e 'Capaz de Avaliar a Competencia' para cada Perfil de Competencias avaliado""
+    step 2 system ""apresenta o campo 'Capaz de Avaliar' preenchido como 'NAO'""
+    step 3 avaliador ""preenche o campo de 'Justificativas' para cada Perfil de Competencias avaliado""
+    step 4 system ""apresenta o campo de 'Capaz de Avaliar' preenchido corretamente""
+    step 5 avaliador ""clica no botao 'Justificar'"" bs 14
+  }
",HIGH,8,0,9,"{'TC5', 'TC9', 'TC8', 'TC2', 'TC6', 'TC7', 'TC3', 'TC4'}",17,HIGH,"The addition of an entire alternative flow in the use case represents a significant change that likely affects the system design, functionality, and user interaction. This change will require evaluation, additional development, and testing efforts, thus classifying it as a high-impact edit.",5906
97,,src/RF009 - Gerenciar Resultados de Avaliacoes.claret,exp01_gti-competencias_v1.4,exp01_gti-competencias_v1.5,"-    step 2 system ""exibe a listagem das Avaliacoes cadastradas com a opcao 'Resultado' dentre as varias listadas"" 
","+    step 2 system ""exibe a listagem das Avaliacoes cadastradas com a opcao 'Resultado' dentre as varias exibidas"" 
",LOW,0,4,0,"{'TC3', 'TC4', 'TC2', 'TC1'}",4,LOW,"The change involves rephrasing for clarity by substituting the word 'listadas' with 'exibidas,' which is a synonym in this context. This type of edit is considered low-impact as it does not alter the functionality, system design, or project timelines, but rather improves the clarity of the requirement.",6797
98,,src/RF016 - Copiar Itens de Avaliacao.claret,exp01_gti-competencias_v1.4,exp01_gti-competencias_v1.5,,"+systemName ""GTI-Competencias""
+
+usecase ""RF016 - Copiar Itens de Avaliacao"" {
+  version ""1.5"" type ""Criacao"" user ""Carlos Diego"" date ""03/06/2022""
+  actor lider ""Lider de Pessoas""
+  preCondition ""Lider de Pessoas esta autenticado no sistema e tem permissao para copiar itens de avaliacoes""
+
+  basic {
+    step 1 lider ""acessa a funcionalidade 'Avaliacoes' a partir do menu inicial"" af[1]
+    step 2 system ""exibe a listagem das Avaliacoes cadastradas com a opcao 'Copiar' dentre as varias exibidas"" 
+    step 3 lider ""com uma Avaliacao selecionada, clica na opcao 'Copiar' para copia-la""
+    step 4 system ""apresenta o formulario para copiar a Avaliacao com os valores atuais ja preenchidos, exceto o 'Avaliado', que deve estar vazio""
+    step 5 lider  ""seleciona o 'Periodo Avaliativo' da Avaliacao""
+    step 6 system ""apresenta o campo 'Periodo Avaliativo' preenchido corretamente""
+    step 7 lider ""seleciona o colaborador a ser 'Avaliado' na Avaliacao""
+    step 8 system ""apresenta o campo 'Avaliado' preenchido corretamente""
+    step 9 lider ""escolhe que deseja 'fazer uma copia' do Perfil de Competencias"" af[2]
+    step 10 system ""apresenta o campo 'fazer uma copia' do Perfil de Competencias com a opcao 'SIM' selecionada""
+    step 11 lider ""preenche o 'nome' do novo Perfil de Competencias da Avaliacao""
+    step 12 system ""apresenta o campo 'nome' do novo Perfil de Competencias da Avaliacao preenchido corretamente""
+    step 13 lider ""clica na opcao 'Confirmar'"" af[3]
+    step 14 system ""apresenta uma mensagem de confirmacao referente a criacao do novo Perfil de Competencias""
+    step 15 lider ""confirma a operacao de criacao do novo Perfil de Competencias"" af[4]
+    step 16 system ""realiza a acao conforme a opcao selecionada pelo usuario e 
+				    retorna feedback correspondente"" ef[1,2]
+  }
+
+  alternative 1 ""Copiar Perfil de Competencias"" {
+    step 1 lider ""acessa a funcionalidade 'Catalogo (Perfis) de Competencias' a partir do menu inicial""
+    step 2 system ""exibe a listagem dos Perfis de Competencias com a opcao 'Copiar' dentre as varias exibidas""
+    step 3 lider ""com um Perfil de Competencias selecionado, clica na opcao 'Copiar' para copia-lo""
+    step 4 system ""apresenta o formulario para copiar o Perfil de Competencias com os valores atuais ja preenchidos""
+    step 5 lider  ""seleciona o 'Periodo Avaliativo' da Avaliacao""
+    step 6 system ""apresenta o campo 'Periodo Avaliativo' preenchido corretamente""
+    step 7 lider ""preenche o 'nome' do novo Perfil de Competencias da Avaliacao""
+    step 8 system ""apresenta o campo 'nome' do novo Perfil de Competencias preenchido corretamente"" 
+    step 9 lider ""clica na opcao 'Confirmar'"" bs 16
+  }
+  
+  alternative 2 ""Nao Fazer uma Copia do Perfil de Competencias"" {
+  	step 1 lider ""escolhe que nao deseja 'fazer uma copia' do Perfil de Competencias""
+    step 2 system ""apresenta o campo 'fazer uma copia' do Perfil de Competencias com a opcao 'NAO' selecionada""
+    step 3 lider ""seleciona um Perfil de Competencias dentre os disponiveis""
+    step 4 system ""apresenta o 'nome' do Perfil de Competencias existente escolhido"" 
+    step 5 lider ""clica na opcao 'Confirmar'"" bs 16
+  }
+  
+  alternative 3 ""Nao Confirmar a Copia do Perfil de Competencias"" {
+  	step 1 lider ""nao confirma a operacao de criacao do novo Perfil de Competencias""
+    step 2 system ""apresenta o formulario para copiar a Avaliacao com os valores ja preenchidos""
+  }
+  
+  alternative 4 ""Cancelar Copia do Perfil de Competencias"" {
+  	step 1 lider ""nao confirma a operacao de criacao do novo Perfil de Competencias""
+    step 2 system ""exibe a listagem de Avaliacoes sem uma nova avaliacao copiada""
+  }
+
+  exception 1 ""Falha ao Salvar a nova Avaliacao"" {
+    step 1 system ""exibe uma mensagem de erro ao tentar salvar a nova Avaliacao, informando o campo ou a validacao que falhou""
+  }
+
+  exception 2 ""Falha ao Fazer uma Copia do Perfil de Competencias"" {
+    step 1 system ""exibe uma mensagem de erro ao tentar copiar a Avaliacao, informando que o Perfil de Competencias com este nome ja existe""
+  }
+
+  postCondition ""A copia de itens de avaliacao e realizada com sucesso.""
+}
",HIGH,11,0,0,"{'TC5', 'TC9', 'TC8', 'TC1', 'TC2', 'TC11', 'TC6', 'TC7', 'TC10', 'TC4', 'TC3'}",11,HIGH,"The updated snippet introduces a new use case, including several steps, alternatives, exceptions, and a postcondition, which represents a significant addition to the system's functionality. This kind of change requires system design reevaluation, additional development, and testing effort, thus classifying it as a high-impact edit.",6031
99,src/RF018 - Gerenciar Metas de Desempenho.claret,src/RF017 - Gerenciar Metas de Desempenho.claret,exp01_gti-competencias_v1.4,exp01_gti-competencias_v1.5,"-    step 2 system ""exibe a listagem das Avaliacoes cadastradas com a opcao 'Editar' dentre as varias listadas"" 
","+    step 2 system ""exibe a listagem das Avaliacoes cadastradas com a opcao 'Editar' dentre as varias exibidas"" 
",LOW,0,2,0,"{'TC2', 'TC1'}",2,LOW,"The change involves rewording for clarity, replacing 'listadas' with 'exibidas', which does not alter the functionality or requirements of the system. It is considered a low-impact edit, focusing on improving understanding without affecting design or implementation.",5026
