index,previous_filename,filename,base_tag,head_tag,base_tag_lines_txt,head_tag_lines_txt,edit_classification_truth,new_ct,obsolete_ct,reusable_ct,affected_cts,total_ct,edit_classification,decision_rationale,elapsed_time_ms
0,,src/RF001 - Autenticar Usuario.claret,exp01_gti-competencias_v0.1,exp01_gti-competencias_v1.0,"-    step 1 sysUser ""inicia a tela de login atraves da opcao de login no canto superior direito""
","+    step 1 sysUser ""inicia a tela de login atraves da opcao de Login no canto superior direito""
",LOW,0,14,0,"{'TC8', 'TC7', 'TC9', 'TC12', 'TC6', 'TC3', 'TC14', 'TC13', 'TC1', 'TC5', 'TC11', 'TC10', 'TC4', 'TC2'}",14,LOW,"The change involves the capitalization of the word 'login' to 'Login'. This is a textual edit that does not alter the system's expected behavior or functionality. It is purely a syntactic change, which is considered low-impact as it does not introduce or remove any requirement, feature, or flow.",3774
1,,src/RF002 - Realizar logout.claret,exp01_gti-competencias_v0.1,exp01_gti-competencias_v1.0,"-    step 1 sysUser ""clica na opcao de logout atraves da opcao disponivel no canto superior direito""
","+    step 1 sysUser ""clica na opcao de Logout atraves da opcao disponivel no canto superior direito""
",LOW,0,1,0,{'TC1'},1,LOW,"The change involves a minor textual edit where the word 'logout' was modified to 'Logout', likely for consistency in capitalization. This does not affect the functionality or behavior of the system and is merely a syntactic change.",3100
2,,src/RF003 - Visualizar Permissoes do Usuario.claret,exp01_gti-competencias_v0.1,exp01_gti-competencias_v1.0,"-    step 2 system ""exibe a tela com a tabela das permissoes concedidas ao seu usuario""
","+    step 2 system ""exibe a tela com a tabela das Permissoes concedidas ao seu usuario""
",LOW,0,1,0,{'TC1'},1,LOW,"The change involves capitalizing the word 'Permissoes' in the text. This alteration is purely syntactic and does not change the behavior or logic of the system. It is a textual update for consistency or readability purposes, thus classifying it as low-impact.",8086
3,,src/RF003 - Visualizar Permissoes do Usuario.claret,exp01_gti-competencias_v0.1,exp01_gti-competencias_v1.0,"-  postCondition ""Usuario visualiza a tabela das permissoes concedidas ao seu usuario""
","+  postCondition ""Usuario visualiza a tabela das Permissoes concedidas ao seu usuario""
",LOW,0,1,0,{'TC1'},1,LOW,"The change involves capitalizing the word 'Permissoes' in the postCondition statement, which is a textual update. This alteration does not affect the system's behavior or the use case logic, indicating a syntactic edit rather than a semantic one.",2507
4,,src/RF006 - Gerenciar Perfis de Competencias.claret,exp01_gti-competencias_v0.1,exp01_gti-competencias_v1.0,"-				tem permissao para gerenciar perfis de competencias.""
","+				tem permissao para gerenciar Perfis de Competencias.""
",LOW,0,11,0,"{'TC8', 'TC7', 'TC9', 'TC3', 'TC6', 'TC1', 'TC5', 'TC11', 'TC10', 'TC4', 'TC2'}",11,LOW,The change involves only a capitalization update in the text from 'perfis de competencias' to 'Perfis de Competencias'. This change is syntactic as it does not alter the functionality or behavior of the system within the use case. It is a textual edit aimed at improving readability or consistency in terminology without impacting the semantics or the logic of the use case.,2026
5,,src/RF006 - Gerenciar Perfis de Competencias.claret,exp01_gti-competencias_v0.1,exp01_gti-competencias_v1.0,"-    step 1 lider ""acessa a funcionalidade de gestao de perfis de competencias a partir do menu inicial"" af[4]
-    step 2 system ""exibe a listagem dos perfis de competencias cadastrados com opcoes de 'Novo', 'Editar', 'Excluir' e 'Ajuda'"" 
-    step 3 lider ""clica na opcao 'Novo' para criar um novo perfil"" af[1,2,3]
","+    step 1 lider ""acessa a funcionalidade de gestao de Perfis de Competencias a partir do menu inicial"" af[4]
+    step 2 system ""exibe a listagem dos Perfis de Competencias cadastrados com opcoes de 'Novo', 'Editar', 'Excluir' e 'Ajuda'"" 
+    step 3 lider ""clica na opcao 'Novo' para criar um Novo Perfil de Competencias"" af[1,2,3]
",LOW,0,4,7,"{'TC11', 'TC10', 'TC9', 'TC8'}",11,LOW,"The changes made in the updated snippet are purely textual. The term 'Perfis de Competencias' has been capitalized and the phrase 'Novo Perfil' was clarified as 'Novo Perfil de Competencias'. These modifications do not alter the system's behavior or its functional requirements, thus classifying the changes as syntactic edits, which are considered low-impact according to the guidelines.",3474
6,,src/RF006 - Gerenciar Perfis de Competencias.claret,exp01_gti-competencias_v0.1,exp01_gti-competencias_v1.0,"-				   retorna feedback correspondente"" ef[1,2,3]
","+				   retorna feedback correspondente"" ef[1,2]
",HIGH,0,2,9,"{'TC11', 'TC7'}",11,HIGH,"The updated snippet has removed an exception flow from the original list (ef[1,2,3] to ef[1,2]), which changes the system's expected behavior by altering the response to certain scenarios. This constitutes a high-impact change as it affects the ability of the system to handle exceptions.",2339
7,,src/RF006 - Gerenciar Perfis de Competencias.claret,exp01_gti-competencias_v0.1,exp01_gti-competencias_v1.0,"-    step 6 system ""exibe a listagem dos perfis de competencias sem o perfil de competencias excluido""
","+    step 6 system ""exibe a listagem dos Perfis de Competencias sem o perfil de competencias excluido"" ef[3]
",HIGH,0,1,10,{'TC3'},11,HIGH,"The update introduces an exception flow (ef[3]) to step 6, which changes the expected behavior of the system by specifying an additional condition under which the system responds. This constitutes a semantic edit, altering the functional requirements or behavior of the use case, thus classifying it as high-impact.",3798
8,,src/RF006 - Gerenciar Perfis de Competencias.claret,exp01_gti-competencias_v0.1,exp01_gti-competencias_v1.0,"-    step 6 system ""exibe a listagem dos perfis de competencias com o perfil de competencias excluido""
","+    step 6 system ""exibe a listagem dos Perfis de Competencias com o perfil de competencias excluido""
",LOW,0,1,10,{'TC2'},11,LOW,"The change involves simply capitalizing the words 'Perfis de Competencias', which is a textual update for consistency or formality. This does not alter the system's expected behavior or functionality, thus classifying it as a low-impact change.",9327
9,,src/RF006 - Gerenciar Perfis de Competencias.claret,exp01_gti-competencias_v0.1,exp01_gti-competencias_v1.0,"-  	step 1 usuarioNA ""acessa a funcionalidade de gestao de perfis de competencias a partir do menu inicial""
-  	step 2 system ""exibe a listagem dos perfis de competencias cadastrados apenas para visualizacao com a opcao 'Ajuda'""
","+  	step 1 usuarioNA ""acessa a funcionalidade de gestao de Perfis de Competencias a partir do menu inicial""
+  	step 2 system ""exibe a listagem dos Perfis de Competencias cadastrados apenas para visualizacao com a opcao 'Ajuda'""
",LOW,0,1,10,{'TC1'},11,LOW,"The changes in the updated snippet are purely syntactic, involving capitalization adjustments ('Perfis de Competencias' instead of 'perfis de competencias'). These alterations do not affect the system's expected behavior or modify any functional requirements in the use case. Therefore, the change is classified as low-impact.",3626
10,,src/RF006 - Gerenciar Perfis de Competencias.claret,exp01_gti-competencias_v0.1,exp01_gti-competencias_v1.0,"-  exception 1 ""Falha ao Salvar o Novo Perfil"" {
-    step 1 system ""exibe uma mensagem de erro ao tentar salvar o novo perfil, informando o campo ou a validacao que falhou""
","+  exception 1 ""Falha ao Salvar o Novo Perfil de Competencias"" {
+    step 1 system ""exibe uma mensagem de erro ao tentar salvar o novo Perfil de Competencias, informando o campo ou a validacao que falhou""
",LOW,0,2,9,"{'TC8', 'TC4'}",11,LOW,"The change involves altering the name of the exception and the related step from 'novo perfil' to 'novo Perfil de Competencias'. This is primarily a syntactic update that focuses on naming or terminology to provide specificity or clarity, without modifying the underlying functionality or behavior of the system. Therefore, this is classified as a low-impact change.",1856
11,,src/RF006 - Gerenciar Perfis de Competencias.claret,exp01_gti-competencias_v0.1,exp01_gti-competencias_v1.0,"-  exception 2 ""Erro ao Editar Perfil"" {
-    step 1 system ""exibe uma mensagem de erro ao tentar editar o perfil, informando o campo ou a validacao que falhou""
","+  exception 2 ""Erro ao Editar Perfil de Competencias"" {
+    step 1 system ""exibe uma mensagem de erro ao tentar editar o Perfil de Competencias, informando o campo ou a validacao que falhou""
",LOW,0,2,9,"{'TC9', 'TC5'}",11,LOW,"The update made to the snippet involves only a textual change by adding specificity. The phrase 'Perfil' was changed to 'Perfil de Competencias' in both the exception name and the message. This adjustment does not alter the system's expected behavior; rather, it provides additional detail. Such a change is considered low-impact as it does not introduce, modify, or remove any functionality, requirement, or flow of the use case.",4177
12,,src/RF006 - Gerenciar Perfis de Competencias.claret,exp01_gti-competencias_v0.1,exp01_gti-competencias_v1.0,"-  exception 3 ""Falha na Exclusao do Perfil"" {
-    step 1 system ""exibe uma mensagem de erro ao tentar excluir o perfil""
","+  exception 3 ""Falha na Exclusao do Perfil de Competencias"" {
+    step 1 system ""exibe uma mensagem de erro ao tentar excluir o Perfil de Competencias""
",LOW,0,2,9,"{'TC6', 'TC10'}",11,HIGH,"The change modifies the exception flow by specifying the type of profile ('Perfil de Competencias') instead of a general profile ('Perfil'). This adjustment may change the behavior of the system by narrowing the scope of the exception to a particular profile type, which can affect how errors are handled and displayed based on the profile type being deleted.",3272
13,,src/RF006 - Gerenciar Perfis de Competencias.claret,exp01_gti-competencias_v0.1,exp01_gti-competencias_v1.0,"-  postCondition ""A gestao de perfis de competencias e realizada com sucesso.""
","+  postCondition ""A gestao de Perfis de Competencias e realizada com sucesso.""
",LOW,0,2,9,"{'TC11', 'TC7'}",11,LOW,"The change involves capitalization of words within the postCondition statement. This is a syntactic edit that does not alter the system's behavior or functionality, as the meaning and essential requirement remain unchanged.",1409
14,,src/RF007 - Gerenciar Avaliacoes.claret,exp01_gti-competencias_v0.1,exp01_gti-competencias_v1.0,,"+systemName ""GTI-Competencias""
+
+usecase ""RF007 - Gerenciar Avaliacoes"" {
+  version ""1.0"" type ""Criacao"" user ""Aislan Fernandes"" date ""03/08/2020""
+  actor lider ""Lider de Pessoas""
+  preCondition ""Lider de Pessoas esta autenticado no sistema; 
+				tem permissao para gerenciar Avaliacoes""
+
+  basic {
+    step 1 lider ""acessa a funcionalidade de gestao de Avaliacoes a partir do menu inicial""
+    step 2 system ""exibe a listagem dos Avaliacoes cadastrados com opcoes de 'Novo', 'Editar', 'Excluir' e 'Ajuda'"" 
+    step 3 lider ""clica na opcao 'Novo' para criar uma nova Avaliacao"" af[1,2,3]
+    step 4 system ""apresenta o formulario para cadastro e alteracao de Avaliacao""
+    step 5 lider  ""seleciona o 'Periodo Avaliativo' da Avaliacao""
+    step 6 system ""apresenta o campo 'Periodo Avaliativo' preenchido corretamente""
+    step 7 lider ""seleciona o 'Perfil' de competencias da Avaliacao""
+    step 8 system ""apresenta o campo 'Perfil' de competencias preenchido corretamente e
+                   apresenta o campo 'Metas' com as respectivas competencias, cada uma preenchida com nivel igual 1 (um)""
+    step 9 lider ""seleciona o colaborador a ser 'Avaliado' na Avaliacao""
+    step 10 system ""apresenta o campo 'Avaliado' preenchido corretamente""
+    step 11 lider ""Em 'Metas', insere o 'Nivel' esperado para cada competencia do perfil selecionado na Avaliacao""
+    step 12 system ""apresenta em 'Metas' os campos 'Nivel' preenchido corretamente""              
+    step 13 lider ""seleciona 'Avaliadores' da Avaliacao""
+    step 14 system ""apresenta a lista de 'Avaliadores' preenchida corretamente""
+	step 15 lider ""clica na opcao 'Salvar'""
+    step 16 system ""realiza a acao conforme a opcao selecionada pelo usuario e 
+				   retorna feedback correspondente"" ef[1,2]
+  }
+
+  alternative 1 ""Editar Avaliacao Existente"" {
+    step 1 lider ""seleciona uma Avaliacao da listagem""
+    step 2 system ""destaca a Avaliacao selecionada na listagem""
+    step 3 lider ""clica na opcao 'Editar' para modificar a Avaliacao selecionada""
+    step 4 system ""apresenta o formulario para e alteracao de Avaliacao""
+    step 5 lider ""verifica que os campos 'Periodo Avaliativo', 'Perfil' e 'Avaliado' somente leitura"" bs 11
+  }
+  
+  alternative 2 ""Confirmar Exclusao do Avaliacao"" {
+  	step 1 lider ""seleciona uma Avaliacao da listagem""
+    step 2 system ""destaca a Avaliacao selecionada na listagem""
+    step 3 lider ""clica na opcao 'Excluir' para excluir a Avaliacao selecionada"" 
+    step 4 system ""solicita confirmacao de exclusao da Avaliacao""
+    step 5 lider ""confirma a exclusao do Avaliacao""
+    step 6 system ""exibe a listagem dos Avaliacoes sem o Avaliacao excluido"" ef[3,4]
+  }
+
+  alternative 3 ""Negar Exclusao do Avaliacao"" {
+  	step 1 lider ""seleciona uma Avaliacao da listagem""
+    step 2 system ""destaca a Avaliacao selecionada na listagem""
+    step 3 lider ""clica na opcao 'Excluir' para excluir a Avaliacao selecionada""
+    step 4 system ""solicita confirmacao de exclusao da Avaliacao""
+    step 5 lider ""nao confirma a exclusao do Avaliacao""
+    step 6 system ""exibe a listagem dos Avaliacoes com o Avaliacao excluido""
+  }
+
+  exception 1 ""Falha ao Salvar a nova Avaliacao"" {
+    step 1 system ""exibe uma mensagem de erro ao tentar salvar a nova Avaliacao, informando o campo ou a validacao que falhou""
+  }
+
+  exception 2 ""Erro ao Editar Avaliacao"" {
+    step 1 system ""exibe uma mensagem de erro ao tentar editar a Avaliacao, informando o campo ou a validacao que falhou""
+  }
+
+  exception 3 ""Falha na Exclusao do Avaliacao"" {
+    step 1 system ""exibe uma mensagem de erro ao tentar excluir a Avaliacao""
+  }
+  
+  exception 4 ""Falha na Exclusao do Avaliacao: nao e o lider"" {
+    step 1 system ""exibe uma mensagem de erro ao tentar excluir a Avaliacao informando que o usuario nao e o lider""
+  }
+
+  postCondition ""A gestao de Avaliacoes e realizada com sucesso.""
+}
",HIGH,10,0,0,"{'TC8', 'TC7', 'TC9', 'TC3', 'TC6', 'TC1', 'TC5', 'TC10', 'TC4', 'TC2'}",10,HIGH,"The updated snippet introduces a new use case 'RF007 - Gerenciar Avaliacoes' including detailed basic and alternative flows, as well as exception handling not present in the original snippet. These changes significantly alter the system's expected behavior by adding new requirements for managing evaluations—such as creating, editing, and deleting evaluations—all of which introduce new features and functionalities. Hence, these are considered high-impact changes due to the addition of new system behavior and requirements.",3250
15,,src/RF010 - Gerenciar Periodos Avaliativos.claret,exp01_gti-competencias_v0.1,exp01_gti-competencias_v1.0,"-				tem permissao para gerenciar perfis de competencias.""
","+				tem permissao para gerenciar Periodos Avaliativos.""
",LOW,0,11,0,"{'TC8', 'TC7', 'TC9', 'TC3', 'TC6', 'TC1', 'TC5', 'TC11', 'TC10', 'TC4', 'TC2'}",11,HIGH,"The update modifies the functionality of the system by changing the permissions from managing 'perfis de competencias' (competency profiles) to 'Periodos Avaliativos' (evaluative periods). This alteration changes the expected behavior and scope of the system's use case, making it a high-impact change.",4334
16,,src/RF010 - Gerenciar Periodos Avaliativos.claret,exp01_gti-competencias_v0.1,exp01_gti-competencias_v1.0,"-    step 1 lider ""acessa a funcionalidade de gestao de perfis de competencias a partir do menu inicial"" af[4]
-    step 2 system ""exibe a listagem dos perfis de competencias cadastrados com opcoes de 'Novo', 'Editar', 'Excluir' e 'Ajuda'"" 
","+    step 1 lider ""acessa a funcionalidade de gestao de Periodos Avaliativos a partir do menu inicial"" af[4]
+    step 2 system ""exibe a listagem dos Periodos Avaliativos cadastrados com opcoes de 'Novo', 'Editar', 'Excluir' e 'Ajuda'"" 
",LOW,0,10,1,"{'TC8', 'TC7', 'TC9', 'TC3', 'TC6', 'TC5', 'TC11', 'TC10', 'TC4', 'TC2'}",11,HIGH,"The change replaces 'gestao de perfis de competencias' with 'gestao de Periodos Avaliativos' and 'perfis de competencias cadastrados' with 'Periodos Avaliativos cadastrados', altering the semantics and functionality managed by the system. This implies a change in the feature or business entity being managed, reflecting a high-impact change as it modifies the system's expected behavior.",3147
17,,src/RF010 - Gerenciar Periodos Avaliativos.claret,exp01_gti-competencias_v0.1,exp01_gti-competencias_v1.0,"-    step 7 lider ""preenche o campo 'Data Inicial e Data Final' selecionando um lider da lista""
","+    step 7 lider ""preenche o campo 'Data Inicial e Data Final' informando as respectivas datas referente ao periodo""
",LOW,0,8,3,"{'TC8', 'TC7', 'TC6', 'TC5', 'TC11', 'TC10', 'TC4', 'TC9'}",11,LOW,"The change in the snippet is a modification of the details within a step description, shifting from selecting a leader from a list to specifying dates for a period. This change focuses on the interaction detail rather than altering the core functionality or introducing new features or flows. It is primarily a syntactic alteration in how the user fills information, keeping the overall behavior consistent in terms of its objectives within the use case.",3209
18,,src/RF010 - Gerenciar Periodos Avaliativos.claret,exp01_gti-competencias_v0.1,exp01_gti-competencias_v1.0,"-				   retorna feedback correspondente"" ef[1,2,3]
","+				   retorna feedback correspondente"" ef[1,2]
",HIGH,0,2,9,"{'TC11', 'TC7'}",11,HIGH,The update involved the deletion of a reference to an exception flow (ef[3]) which potentially alters the expected behavior of the system by removing an exception scenario. This constitutes a semantic change indicating a modification in how the system should handle certain exceptions.,2649
19,,src/RF010 - Gerenciar Periodos Avaliativos.claret,exp01_gti-competencias_v0.1,exp01_gti-competencias_v1.0,"-    step 6 system ""exibe a listagem dos perfis de competencias sem o Periodo Avaliativo excluido""
","+    step 6 system ""exibe a listagem dos Periodos Avaliativos sem o Periodo Avaliativo excluido"" ef[3]
",HIGH,0,1,10,{'TC3'},11,HIGH,"The change alters the expected behavior of the system by modifying the content of what is displayed to the user. Originally, the system displays 'a listagem dos perfis de competencias,' while the updated snippet changes it to 'a listagem dos Periodos Avaliativos.' This impacts the information presented by the system, constituting a semantic change to the behavior, thus classifying it as a high-impact change.",1597
20,,src/RF010 - Gerenciar Periodos Avaliativos.claret,exp01_gti-competencias_v0.1,exp01_gti-competencias_v1.0,"-    step 6 system ""exibe a listagem dos perfis de competencias com o Periodo Avaliativo excluido""
","+    step 6 system ""exibe a listagem dos Periodos Avaliativos com o Periodo Avaliativo excluido""
",LOW,0,1,10,{'TC2'},11,HIGH,"The update changes the focus of the system action from displaying a list of competency profiles to displaying a list of evaluation periods. This alters what the system displays and directly impacts the system's expected behavior, making it a high-impact change.",3080
21,,src/RF010 - Gerenciar Periodos Avaliativos.claret,exp01_gti-competencias_v0.1,exp01_gti-competencias_v1.0,"-  	step 1 usuarioNA ""acessa a funcionalidade de gestao de perfis de competencias a partir do menu inicial""
-  	step 2 system ""exibe a listagem dos perfis de competencias cadastrados apenas para visualizacao com a opcao 'Ajuda'""
","+  	step 1 usuarioNA ""acessa a funcionalidade de gestao de Periodos Avaliativos a partir do menu inicial""
+  	step 2 system ""exibe a listagem dos Periodos Avaliativos cadastrados apenas para visualizacao com a opcao 'Ajuda'""
",LOW,0,1,10,{'TC1'},11,HIGH,"The change involves modifying the system's expected behavior by altering the functionality from 'gestao de perfis de competencias' to 'gestao de Periodos Avaliativos'. This is a semantic edit as it introduces different use case requirements and changes the subject of the data being managed, thus impacting the system's behavior significantly.",2923
22,,src/RF010 - Gerenciar Periodos Avaliativos.claret,exp01_gti-competencias_v0.1,exp01_gti-competencias_v1.0,"-  postCondition ""A gestao de perfis de competencias e realizada com sucesso.""
","+  postCondition ""A gestao de Periodos Avaliativos e realizada com sucesso.""
",LOW,0,2,9,"{'TC11', 'TC7'}",11,HIGH,The change in the postCondition alters the expected outcome of the use case from managing competency profiles to managing evaluation periods. This represents a semantic edit that changes the behavior and purpose of the system under this use case.,1936
23,,src/RF011 - Gerenciar Competencias Portfolio.claret,exp01_gti-competencias_v0.1,exp01_gti-competencias_v1.0,"-				tem permissao para gerenciar competencias (portfolio).""
","+				tem permissao para gerenciar Competencias (Portfolio).""
",LOW,0,35,0,"{'TC7', 'TC29', 'TC30', 'TC23', 'TC6', 'TC21', 'TC31', 'TC26', 'TC22', 'TC20', 'TC34', 'TC4', 'TC16', 'TC3', 'TC18', 'TC13', 'TC9', 'TC2', 'TC25', 'TC33', 'TC24', 'TC11', 'TC32', 'TC17', 'TC14', 'TC1', 'TC10', 'TC8', 'TC19', 'TC5', 'TC27', 'TC35', 'TC12', 'TC28', 'TC15'}",35,LOW,"The change involves only the capitalization of the words 'Competencias' and 'Portfolio', which does not alter the system's behavior, meaning, or functionality. It is a textual update for consistency or readability, hence it is classified as a low-impact change.",2291
24,,src/RF011 - Gerenciar Competencias Portfolio.claret,exp01_gti-competencias_v0.1,exp01_gti-competencias_v1.0,"-    step 1 lider ""acessa a funcionalidade de gestao de competencias (portfolio) a partir do menu inicial"" af[4]
-    step 2 system ""exibe a listagem dos competencias (portfolio) cadastrados com opcoes de 'Novo', 'Editar', 'Excluir' e 'Ajuda'"" 
","+    step 1 lider ""acessa a funcionalidade de gestao de Competencias (Portfolio) a partir do menu inicial"" af[4]
+    step 2 system ""exibe a listagem dos Competencias (Portfolio) cadastrados com opcoes de 'Novo', 'Editar', 'Excluir' e 'Ajuda'"" 
",LOW,0,34,1,"{'TC7', 'TC29', 'TC30', 'TC23', 'TC6', 'TC21', 'TC31', 'TC26', 'TC22', 'TC20', 'TC34', 'TC4', 'TC16', 'TC3', 'TC18', 'TC13', 'TC9', 'TC2', 'TC25', 'TC33', 'TC24', 'TC11', 'TC32', 'TC17', 'TC14', 'TC10', 'TC8', 'TC19', 'TC5', 'TC27', 'TC35', 'TC12', 'TC28', 'TC15'}",35,LOW,"The changes in the updated snippet involve capitalization adjustments from 'competencias (portfolio)' to 'Competencias (Portfolio)'. This does not alter the semantic meaning or functionality but improves readability and potentially aligns with naming conventions. No system behavior or requirements are impacted by this change, categorizing it as low-impact.",1814
25,,src/RF011 - Gerenciar Competencias Portfolio.claret,exp01_gti-competencias_v0.1,exp01_gti-competencias_v1.0,"-    step 4 system ""apresenta o formulario para cadastro e alteracao de competecias (portfolio)""
","+    step 4 system ""apresenta o formulario para cadastro e alteracao de Competencias (Portfolio)""
",LOW,0,32,3,"{'TC7', 'TC29', 'TC30', 'TC23', 'TC6', 'TC21', 'TC31', 'TC26', 'TC22', 'TC20', 'TC34', 'TC4', 'TC16', 'TC18', 'TC13', 'TC9', 'TC25', 'TC33', 'TC24', 'TC11', 'TC32', 'TC17', 'TC14', 'TC10', 'TC8', 'TC19', 'TC5', 'TC27', 'TC35', 'TC12', 'TC28', 'TC15'}",35,LOW,"The change involves only the capitalization of words in the sentence, which does not alter the system's expected behavior. It is a syntactic edit focused on text formatting, thus qualifying as a low-impact change.",2723
26,,src/RF011 - Gerenciar Competencias Portfolio.claret,exp01_gti-competencias_v0.1,exp01_gti-competencias_v1.0,"-				   retorna feedback correspondente"" ef[1,2,3]
","+				   retorna feedback correspondente"" ef[1,2]
",HIGH,0,8,27,"{'TC7', 'TC23', 'TC19', 'TC31', 'TC27', 'TC35', 'TC11', 'TC15'}",35,HIGH,"The update removes the reference to exception flow ef[3], which reduces the scenarios where exceptions are handled. This impacts the system's expected behavior as it changes the conditions under which certain exception handling is performed, qualifying as a high-impact change.",46254
27,,src/RF011 - Gerenciar Competencias Portfolio.claret,exp01_gti-competencias_v0.1,exp01_gti-competencias_v1.0,"-  alternative 1 ""Editar competecias (portfolio) Existente"" {
-    step 1 lider ""seleciona um competecias (portfolio) da listagem""
-    step 2 system ""destaca o competecias (portfolio) selecionado na listagem""
-    step 3 lider ""clica na opcao 'Editar' para modificar o competecias (portfolio) selecionado"" bs 4
","+  alternative 1 ""Editar Competencias (Portfolio) Existente"" {
+    step 1 lider ""seleciona um Competencias (Portfolio) da listagem""
+    step 2 system ""destaca o Competencias (Portfolio) selecionado na listagem""
+    step 3 lider ""clica na opcao 'Editar' para modificar o Competencias (Portfolio) selecionado"" bs 4
",LOW,0,16,19,"{'TC8', 'TC7', 'TC19', 'TC11', 'TC6', 'TC18', 'TC14', 'TC17', 'TC13', 'TC5', 'TC12', 'TC10', 'TC4', 'TC9', 'TC15', 'TC16'}",35,LOW,"The changes in the updated snippet involve capitalizing the words 'Competencias' and 'Portfolio'. These modifications are purely syntactic and do not alter the system's expected behavior, functionality, or flow. They are textual updates for consistency or readability purposes, categorizing them as low-impact changes.",1823
28,,src/RF011 - Gerenciar Competencias Portfolio.claret,exp01_gti-competencias_v0.1,exp01_gti-competencias_v1.0,"-  alternative 2 ""Confirmar Exclusao do competecias (portfolio)"" {
-  	step 1 lider ""seleciona um competecias (portfolio) da listagem""
-    step 2 system ""destaca o competecias (portfolio) selecionado na listagem""
-    step 3 lider ""clica na opcao 'Excluir' para excluir o competecias (portfolio) selecionado""
","+  alternative 2 ""Confirmar Exclusao do Competencias (Portfolio)"" {
+  	step 1 lider ""seleciona um Competencias (Portfolio) da listagem""
+    step 2 system ""destaca o Competencias (Portfolio) selecionado na listagem""
+    step 3 lider ""clica na opcao 'Excluir' para excluir o Competencias (Portfolio) selecionado""
",LOW,0,2,33,"{'TC3', 'TC2'}",35,LOW,"The changes involve capitalization corrections in the term 'competecias (portfolio)' to 'Competencias (Portfolio)'. These are syntactic edits related to formatting and do not alter the system's behavior or functionality, hence the classification as low-impact.",2054
29,,src/RF011 - Gerenciar Competencias Portfolio.claret,exp01_gti-competencias_v0.1,exp01_gti-competencias_v1.0,"-    step 6 system ""exibe a listagem dos competencias (portfolio) sem o competecias (portfolio) excluido""
","+    step 6 system ""exibe a listagem dos Competencias (Portfolio) sem o Competencias (Portfolio) excluido"" ef[3]
",HIGH,0,1,34,{'TC3'},35,HIGH,"The addition of 'ef[3]' at the end of the step indicates that an exception flow is now associated with step 6. This introduces new system behavior where an exception could alter how the step is handled, which is a semantic change affecting the system's expected behavior.",1532
30,,src/RF011 - Gerenciar Competencias Portfolio.claret,exp01_gti-competencias_v0.1,exp01_gti-competencias_v1.0,"-  alternative 3 ""Negar Exclusao do competecias (portfolio)"" {
-  	step 1 lider ""seleciona um competecias (portfolio) da listagem""
-    step 2 system ""destaca o competecias (portfolio) selecionado na listagem""
-    step 3 lider ""clica na opcao 'Excluir' para excluir o competecias (portfolio) selecionado""
","+  alternative 3 ""Negar Exclusao do Competencias (Portfolio)"" {
+  	step 1 lider ""seleciona um Competencias (Portfolio) da listagem""
+    step 2 system ""destaca o Competencias (Portfolio) selecionado na listagem""
+    step 3 lider ""clica na opcao 'Excluir' para excluir o Competencias (Portfolio) selecionado""
",LOW,0,2,33,"{'TC3', 'TC2'}",35,LOW,"The changes between the original and updated snippets involve capitalization adjustments in the names used within the alternative flow. These are textual updates that do not alter the system's expected behavior, functionalities, or requirements. Thus, this is considered a low-impact change as it is primarily a syntactic edit and does not alter the semantics or the logical flow of the use case.",2936
31,,src/RF011 - Gerenciar Competencias Portfolio.claret,exp01_gti-competencias_v0.1,exp01_gti-competencias_v1.0,"-    step 6 system ""exibe a listagem dos competencias (portfolio) com o competecias (portfolio) excluido""
","+    step 6 system ""exibe a listagem dos Competencias (Portfolio) com o Competencias (Portfolio) excluido""
",LOW,0,1,34,{'TC2'},35,LOW,"The change is purely syntactic, involving capitalization of specific words ('Competencias' and 'Portfolio'). This does not alter the behavior of the system or its functionality; thus, it is classified as a low-impact change.",1709
32,,src/RF011 - Gerenciar Competencias Portfolio.claret,exp01_gti-competencias_v0.1,exp01_gti-competencias_v1.0,"-  	step 1 usuarioNA ""acessa a funcionalidade de gestao de competencias (portfolio) a partir do menu inicial""
-  	step 2 system ""exibe a listagem dos competencias (portfolio) cadastrados apenas para visualizacao com a opcao 'Ajuda'""
","+  	step 1 usuarioNA ""acessa a funcionalidade de gestao de Competencias (Portfolio) a partir do menu inicial""
+  	step 2 system ""exibe a listagem dos Competencias (Portfolio) cadastrados apenas para visualizacao com a opcao 'Ajuda'""
",LOW,0,1,34,{'TC1'},35,LOW,"The changes made to the snippet involve capitalization of words ('Competencias' and 'Portfolio') in the description of steps 1 and 2. These are syntactic edits that do not alter the functionality or behavior of the system. Therefore, the impact of these changes is classified as low-impact.",1972
33,,src/RF011 - Gerenciar Competencias Portfolio.claret,exp01_gti-competencias_v0.1,exp01_gti-competencias_v1.0,"-  postCondition ""A gestao de competencias (portfolio) e realizada com sucesso.""
","+  postCondition ""A gestao de Competencias (Portfolio) e realizada com sucesso.""
",LOW,0,8,27,"{'TC7', 'TC23', 'TC19', 'TC31', 'TC27', 'TC35', 'TC11', 'TC15'}",35,LOW,"The change in the updated snippet only involves capitalization of certain words ('Competencias' and 'Portfolio'). This is a syntactic edit, as it does not alter the system's behavior or the semantics of the use case. Therefore, it is classified as low-impact.",1974
34,,src/RF012 - Ajuda.claret,exp01_gti-competencias_v0.1,exp01_gti-competencias_v1.0,,"+systemName ""GTI-Competencias""
+
+usecase ""RF012 - Ajuda"" {
+  version ""1.0"" type ""Criacao"" user ""Aislan Fernandes"" date ""20/07/2020""
+  actor lider ""Lider de Pessoas""
+  actor usuarioNA ""Usuario Nao-Autenticado""
+  preCondition ""Lider de Pessoas esta autenticado no sistema""
+
+  basic {
+    step 1 lider ""acessa a funcionalidade de gestao de Perfis de Competencias a partir do menu inicial"" af[1,2,3,4]
+    step 2 system ""exibe a listagem dos Perfis de Competencias cadastrados com opcoes de 'Novo', 'Editar', 'Excluir' e 'Ajuda'"" 
+    step 3 lider ""clica na opcao 'Ajuda' para visualizar a ajuda da gestao de Perfis de Competencias""
+    step 4 system ""apresenta um painel lateral com a ajuda contextual, dividido em quatro partes: 
+				   'Glossario', 'Funcionalidades', 'Validacoes' e 'Permissoes do Usuario'"" 
+  }
+  
+  alternative 1 ""Ajuda contextual na gestao de Periodos Avaliativos"" {
+  	step 1 lider ""acessa a funcionalidade de gestao de Periodos Avaliativos a partir do menu inicial""
+    step 2 system ""exibe a listagem dos Periodos Avaliativos cadastrados com opcoes de 'Novo', 'Editar', 'Excluir' e 'Ajuda'"" 
+    step 3 lider ""clica na opcao 'Ajuda' para visualizar a ajuda da gestao de Periodos Avaliativos"" bs 4
+  }
+  
+  alternative 2 ""Ajuda contextual na gestao de Competencias (portfolio)"" {
+  	step 1 lider ""acessa a funcionalidade de gestao de Competencias (portfolio) a partir do menu inicial""
+    step 2 system ""exibe a listagem das Competencias (portfolio) cadastradas com opcoes de 'Novo', 'Editar', 'Excluir' e 'Ajuda'"" 
+    step 3 lider ""clica na opcao 'Ajuda' para visualizar a ajuda da gestao de Competencias (portfolio)"" bs 4
+  }
+  
+  alternative 3 ""Ajuda contextual na gestao de Avaliacoes"" {
+  	step 1 lider ""acessa a funcionalidade de gestao de Avaliacoes a partir do menu inicial""
+    step 2 system ""exibe a listagem das Avaliacoes cadastradas com opcoes de 'Novo', 'Editar', 'Excluir' e 'Ajuda'"" 
+    step 3 lider ""clica na opcao 'Ajuda' para visualizar a ajuda da gestao de Avaliacoes"" bs 4
+  }
+  
+  alternative 4 ""Ajuda contextual na gestao de Niveis das Competencias"" {
+  	step 1 lider ""acessa a funcionalidade de gestao de Niveis das Competencias a partir do menu inicial""
+    step 2 system ""exibe a listagem dos Niveis das Competencias cadastradas com opcoes de 'Novo', 'Editar', 'Excluir' e 'Ajuda'"" 
+    step 3 lider ""clica na opcao 'Ajuda' para visualizar a ajuda da gestao de Niveis das Competencias"" bs 4
+  }
+ 
+  postCondition ""A Ajuda e apresentada com sucesso.""
+}
",HIGH,5,0,0,"{'TC3', 'TC1', 'TC5', 'TC4', 'TC2'}",5,HIGH,"The updated snippet introduces an entirely new use case with the system name 'GTI-Competencias' and comprehensive details such as actors, preconditions, basic flow, alternative flows, and a post-condition. This change adds new functional requirements and a significant feature ('Ajuda contextual') to the system, which constitutes a semantic edit and impacts the system's behavior. Therefore, it is classified as a high-impact change.",4957
35,,src/RF013 - Gerenciar Niveis das Competencias.claret,exp01_gti-competencias_v0.1,exp01_gti-competencias_v1.0,,"+systemName ""GTI-Competencias""
+
+usecase ""RF013 - Gerenciar Niveis das Competencias"" {
+  version ""1.0"" type ""Criacao"" user ""Aislan Fernandes"" date ""11/08/2020""
+  actor lider ""Lider de Pessoas""
+  actor usuarioNA ""Usuario Nao-Autenticado""
+  preCondition ""Lider de Pessoas esta autenticado no sistema e 
+				tem permissao para gerenciar Niveis das Competencias.""
+
+  basic {
+    step 1 lider ""acessa a funcionalidade de gestao de Niveis das Competencias a partir do menu inicial"" af[4]
+    step 2 system ""exibe a listagem dos Niveis das Competencias cadastrados com opcoes de 'Novo', 'Editar', 'Excluir' e 'Ajuda'"" 
+    step 3 lider ""clica na opcao 'Novo' para criar um novo Niveis das Competencias"" af[1,2,3]
+    step 4 system ""apresenta o formulario para cadastro e alteracao de Niveis das Competencias""
+    step 5 lider ""preenche o campo 'Nome' com dados validos""
+    step 6 system ""apresenta o campo 'Nome' preenchido corretamente""
+    step 7 lider ""preenche o campo 'Valor' com um numero inteiro referente a pontuacao a ser obtida no atendimento do respectivo nivel""
+    step 8 system ""apresenta o campo 'Valor' preenchido corretamente""
+    step 9 lider ""preenche o campo 'Descricao' com a descricao do nivel de competencia""
+    step 10 system ""apresenta o campo 'Descricao' preenchido corretamente""
+	step 11 lider ""clica na opcao 'Salvar'""
+    step 12 system ""realiza a acao conforme a opcao selecionada pelo usuario e 
+				   retorna feedback correspondente"" ef[1,2]
+  }
+
+  alternative 1 ""Editar Nivel das Competencias Existente"" {
+    step 1 lider ""seleciona um Nivel das Competencias da listagem""
+    step 2 system ""destaca o Nivel das Competencias selecionado na listagem""
+    step 3 lider ""clica na opcao 'Editar' para modificar o Nivel das Competencias selecionado"" bs 4
+  }
+  
+  alternative 2 ""Confirmar Exclusao do Nivel das Competencias"" {
+  	step 1 lider ""seleciona um Nivel das Competencias da listagem""
+    step 2 system ""destaca o Nivel das Competencias selecionado na listagem""
+    step 3 lider ""clica na opcao 'Excluir' para excluir o Nivel das Competencias selecionado""
+    step 4 system ""solicita confirmacao de exclusao""
+    step 5 lider ""confirma a exclusao do Nivel das Competencias""
+    step 6 system ""exibe a listagem dos Niveis das Competencias sem o Nivel das Competencias excluido"" ef[3]
+  }
+
+  alternative 3 ""Negar Exclusao do Nivel das Competencias"" {
+  	step 1 lider ""seleciona um Nivel das Competencias da listagem""
+    step 2 system ""destaca o Nivel das Competencias selecionado na listagem""
+    step 3 lider ""clica na opcao 'Excluir' para excluir o Nivel das Competencias selecionado""
+    step 4 system ""solicita confirmacao de exclusao""
+    step 5 lider ""nao confirma a exclusao do Nivel das Competencias""
+    step 6 system ""exibe a listagem dos Niveis das Competencias com o Nivel das Competencias excluido""
+  }
+  
+  alternative 4 ""Modo de visualizacao para usuarios nao-autenticados"" {
+  	step 1 usuarioNA ""acessa a funcionalidade de gestao de Niveis das Competencias a partir do menu inicial""
+  	step 2 system ""exibe a listagem dos Niveis das Competencias cadastrados apenas para visualizacao com a opcao 'Ajuda'""
+  }
+
+  exception 1 ""Falha ao Salvar o Novo Nivel das Competencias"" {
+    step 1 system ""exibe uma mensagem de erro ao tentar salvar o novo Nivel das Competencias, informando o campo ou a validacao que falhou""
+  }
+
+  exception 2 ""Erro ao Editar Nivel das Competencias"" {
+    step 1 system ""exibe uma mensagem de erro ao tentar editar o Nivel das Competencias, informando o campo ou a validacao que falhou""
+  }
+
+  exception 3 ""Falha na Exclusao do Nivel das Competencias"" {
+    step 1 system ""exibe uma mensagem de erro ao tentar excluir o Nivel das Competencias""
+  }
+
+  postCondition ""A gestao de Niveis das Competencias e realizada com sucesso.""
+}
",HIGH,10,0,0,"{'TC8', 'TC7', 'TC9', 'TC3', 'TC6', 'TC1', 'TC5', 'TC10', 'TC4', 'TC2'}",10,HIGH,"The updated snippet introduces a new use case 'RF013 - Gerenciar Niveis das Competencias' with detailed steps, alternative flows, and exception flows. This constitutes a semantic edit as it defines new requirements and system behaviors such as adding, editing, and deleting competencies with associated conditions and exceptions. The creation of this use case likely introduces significant new functionalities and interactions within the system, thereby classifying the change as high-impact.",6737
36,,src/RF005 - Visualizar Status do Processo.claret,exp01_gti-competencias_v1.0,exp01_gti-competencias_v1.1,,"+systemName ""GTI-Competencias""
+
+usecase ""RF005 - Visualizar Status do Processo"" {
+  version ""1.1"" type ""Criacao"" user ""Aislan Fernandes"" date ""08/10/2020""
+  actor usuarioNA ""Usuario Nao-Autenticado""
+  preCondition ""Usuario nao-autenticado no sistema se encontra na tela inicial do sistema""  
+  basic {
+    step 1 usuarioNA ""acessa a funcionalidade para visualizar o status do PGDC""
+    step 2 system ""apresenta o campo 'Periodo Avaliativo' para ser escolhido pelo usuario"" ef[1]
+    step 3 usuarioNA ""escolhe no campo 'Periodo Avaliativo' o ano correspondente""
+    step 4 system ""exibe na pagina uma tabela contendo as informacoes (basicamente listagem dos perfis de competencias - cf. RF006): 
+                   Perfil de Competencias; Unidade de Trabalho; Gerente do Desempenho; e, Situacao.""
+  }
+  exception 1 ""Nao existem Periodos Avaliativos Cadastrados"" {
+  	step 1 system ""exibe uma mensagem de erro informando que nao existem Periodos Avaliativos cadastrados""
+  }
+  postCondition ""Usuario visualiza a tabela das Permissoes concedidas ao seu usuario""
+}
",HIGH,2,0,0,"{'TC1', 'TC2'}",2,HIGH,"The updated snippet introduces a new use case 'RF005 - Visualizar Status do Processo' in the CLARET notation. This change includes the addition of system behavior elements such as actors, preconditions, a basic flow with several steps, an exception, and a post-condition. These additions significantly alter the system's expected behavior by defining new functional requirements and flows, qualifying the change as high-impact.",4021
37,,src/RF008 - Gerenciar Respostas de Avaliacoes.claret,exp01_gti-competencias_v1.0,exp01_gti-competencias_v1.1,,"+systemName ""GTI-Competencias""
+
+usecase ""RF008 - Gerenciar Respostas de Avaliacoes"" {
+  version ""1.1"" type ""Criacao"" user ""Aislan Fernandes"" date ""03/12/2020""
+  actor avaliador ""Avaliador de Pessoas""
+  preCondition ""Avaliador de Pessoas esta autenticado no sistema; e, tem permissao para gerenciar Respostas de Avaliacoes""
+
+  basic {
+    step 1 avaliador ""acessa a funcionalidade de Avaliacoes a partir do menu inicial""
+    step 2 system ""exibe a listagem das Avaliacoes cadastradas com a opcao 'Formulario' dentre as varias listadas"" 
+    step 3 avaliador ""com uma avaliacao selecionada, clica na opcao 'Formulario' para criar uma nova Avaliacao""
+    step 4 system ""apresenta o formulario para cadastro e alteracao de Respostas de Avaliacao"" ef[1]
+    step 5 avaliador  ""seleciona o 'Nivel da Competencia' da Avaliacao (1 a 4) para cada Perfil de Competencias avaliado""
+    step 6 system ""apresenta o campo 'Nivel da Competencia' preenchido corretamente""
+    step 7 avaliador ""adiciona 'Apontamentos' sobre a avaliacao para cada Perfil de Competencias avaliado""
+    step 8 system ""apresenta os 'Apontamentos' preenchidos corretamente""
+	step 9 avaliador ""clica na opcao 'Salvar'"" af[1]
+    step 10 system ""realiza a acao conforme a opcao selecionada pelo usuario e 
+				   retorna feedback correspondente"" ef[2,3]
+  }
+
+  exception 1 ""Nao e um dos avaliadores"" {
+    step 1 system ""exibe uma mensagem de erro informando ao usuario que nao e um dos avaliadores""
+  }
+  
+  exception 2 ""Falha ao Salvar a nova Avaliacao"" {
+    step 1 system ""exibe uma mensagem de erro ao tentar salvar, informando o campo ou a validacao que falhou""
+  }
+
+  exception 3 ""Erro ao Editar Avaliacao"" {
+    step 1 system ""exibe uma mensagem de erro ao tentar editar, informando o campo ou a validacao que falhou""
+  }
+  
+  alternative 1 ""Resolve 'limpar' a Resposta de Avaliacao"" {
+    step 1 avaliador ""clica na opcao 'Excluir' para cada Perfil de Competencias avaliado""
+    step 2 system ""limpa os campos apresentados 'Nivel da Competencia' e 'Apontamentos' apresentados na tela para cada Perfil de Competencias avaliado""
+    step 5 avaliador ""verifica que os campos 'Nivel da Competencia' e 'Apontamentos' estao limpos"" bs 5 
+  }
+
+  postCondition ""A gestao de Respostas de Avaliacoes e realizada com sucesso.""
+}
",HIGH,7,0,0,"{'TC7', 'TC3', 'TC6', 'TC1', 'TC5', 'TC4', 'TC2'}",7,HIGH,"The provided snippet introduces a new use case 'RF008 - Gerenciar Respostas de Avaliacoes' with defined actors, preconditions, basic flow steps, exceptions, and alternative flows. This signifies the addition of a new feature or functionality in the system, altering its expected behavior. According to the classification guidelines, additions or changes that introduce new functionalities represent high-impact changes.",3459
38,,src/RF009 - Gerenciar Resultados de Avaliacoes.claret,exp01_gti-competencias_v1.0,exp01_gti-competencias_v1.1,,"+systemName ""GTI-Competencias""
+
+usecase ""RF009 - Gerenciar Resultados de Avaliacoes"" {
+  version ""1.1"" type ""Criacao"" user ""Aislan Fernandes"" date ""30/11/2020""
+  actor lider ""Lider de Pessoas""
+  preCondition ""Lider de Pessoas esta autenticado no sistema; e, tem permissao para gerenciar Resultados de Avaliacoes""
+
+  basic {
+    step 1 lider ""acessa a funcionalidade de Avaliacoes a partir do menu inicial""
+    step 2 system ""exibe a listagem das Avaliacoes cadastradas com a opcao 'Resultado' dentre as varias listadas"" 
+    step 3 lider ""com uma avaliacao selecionada, clica na opcao 'Resultados' para efetivar o feedback""
+    step 4 system ""apresenta o formulario para cadastro da Ata de Reuniao""
+    step 5 lider  ""seleciona o 'Ata de Reuniao de Feedback' da Avaliacao (1 a 4) para cada Perfil de Competencias avaliado""
+    step 6 system ""apresenta o campo 'Ata de Reuniao de Feedback' preenchido corretamente""
+	step 7 lider ""clica na opcao 'Salvar'"" af[1]
+    step 8 system ""realiza a acao conforme a opcao selecionada pelo usuario e 
+				   retorna feedback correspondente"" ef[1,2]
+  }
+
+  exception 1 ""Falha ao Salvar a nova Avaliacao"" {
+    step 1 system ""exibe uma mensagem de erro ao tentar salvar, informando o campo ou a validacao que falhou""
+  }
+
+  exception 2 ""Erro ao Editar Avaliacao"" {
+    step 1 system ""exibe uma mensagem de erro ao tentar editar, informando o campo ou a validacao que falhou""
+  }
+  
+  alternative 1 ""Encerrar definitivamente"" {
+    step 1 lider ""clica na opcao 'Encerrar' para a Avaliacao de Competencias""
+    step 2 system ""apresenta o campo 'Ata de Reuniao de Feedback'""
+  }
+
+  postCondition ""A gestao de Resultados de Avaliacoes e realizada com sucesso.""
+}
",HIGH,4,0,0,"{'TC3', 'TC1', 'TC4', 'TC2'}",4,HIGH,"The updated snippet introduces a new use case specification in CLARET notation where there was none before. This includes defining actors, basic steps, exception and alternative flows, and post conditions. These additions fundamentally change the system's expected behavior by adding a new use case, which qualifies as a high-impact change according to the guidelines.",3140
39,,src/RF011 - Gerenciar Competencias Portfolio.claret,exp01_gti-competencias_v1.0,exp01_gti-competencias_v1.1,"-    step 2 system ""exibe a listagem dos Competencias (Portfolio) cadastrados com opcoes de 'Novo', 'Editar', 'Excluir' e 'Ajuda'"" 
","+    step 2 system ""exibe a listagem das Competencias (Portfolio) cadastradas com opcoes de 'Novo', 'Editar', 'Excluir' e 'Ajuda'"" 
",LOW,0,27,1,"{'TC7', 'TC23', 'TC6', 'TC21', 'TC26', 'TC22', 'TC20', 'TC4', 'TC16', 'TC3', 'TC18', 'TC13', 'TC9', 'TC2', 'TC25', 'TC24', 'TC11', 'TC17', 'TC14', 'TC10', 'TC8', 'TC19', 'TC5', 'TC27', 'TC12', 'TC28', 'TC15'}",28,LOW,"The change is a syntactic edit, correcting the grammatical agreement of the word 'cadastrados' to 'cadastradas' to match 'Competencias', a feminine plural noun. This does not alter the system's expected behavior, functionality, or logical flow of the use case.",3763
40,,src/RF011 - Gerenciar Competencias Portfolio.claret,exp01_gti-competencias_v1.0,exp01_gti-competencias_v1.1,"-    step 2 system ""destaca o Competencias (Portfolio) selecionado na listagem""
-    step 3 lider ""clica na opcao 'Editar' para modificar o Competencias (Portfolio) selecionado"" bs 4
","+    step 2 system ""destaca a Competencia (Portfolio) selecionada na listagem""
+    step 3 lider ""clica na opcao 'Editar' para modificar a Competencia (Portfolio) selecionada"" bs 4
",LOW,0,12,16,"{'TC8', 'TC7', 'TC11', 'TC6', 'TC14', 'TC13', 'TC5', 'TC12', 'TC10', 'TC9', 'TC15', 'TC16'}",28,LOW,"The change involves a minor syntactic adjustment from 'o Competencias' to 'a Competencia' in both step 2 and step 3. This update corrects grammatical gender agreement in Portuguese but does not alter the system's functionality or expected behavior. Therefore, the classification is low-impact as this is a textual update rather than a semantic change to the use case.",1579
41,,src/RF011 - Gerenciar Competencias Portfolio.claret,exp01_gti-competencias_v1.0,exp01_gti-competencias_v1.1,"-    step 2 system ""destaca o Competencias (Portfolio) selecionado na listagem""
-    step 3 lider ""clica na opcao 'Excluir' para excluir o Competencias (Portfolio) selecionado""
","+    step 2 system ""destaca a Competencia (Portfolio) selecionada na listagem""
+    step 3 lider ""clica na opcao 'Excluir' para excluir a Competencia (Portfolio) selecionada""
",LOW,0,3,25,"{'TC3', 'TC4', 'TC2'}",28,LOW,"The change is a grammatical correction from 'Competencias' to 'Competencia' and 'selecionado' to 'selecionada', which does not alter the semantic behavior or functionality of the system. It is a syntactic edit focused on singularizing and gender agreement in the text.",2128
42,,src/RF011 - Gerenciar Competencias Portfolio.claret,exp01_gti-competencias_v1.0,exp01_gti-competencias_v1.1,"-    step 6 system ""exibe a listagem dos Competencias (Portfolio) sem o Competencias (Portfolio) excluido"" ef[3]
","+    step 6 system ""exibe a listagem das Competencias (Portfolio) sem a Competencia (Portfolio) excluida"" ef[3]
",LOW,0,1,27,{'TC3'},28,LOW,"The update consists of a slight change in the wording from 'Competencias (Portfolio)' to 'Competencia (Portfolio)', specifically changing the plural form 'Competencias' to the singular 'Competencia'. This is a textual modification that does not alter the system's behavior or requirements. Therefore, it is classified as a low-impact, syntactic edit.",2690
43,,src/RF011 - Gerenciar Competencias Portfolio.claret,exp01_gti-competencias_v1.0,exp01_gti-competencias_v1.1,"-    step 2 system ""destaca o Competencias (Portfolio) selecionado na listagem""
-    step 3 lider ""clica na opcao 'Excluir' para excluir o Competencias (Portfolio) selecionado""
","+    step 2 system ""destaca a Competencia (Portfolio) selecionada na listagem""
+    step 3 lider ""clica na opcao 'Excluir' para excluir a Competencia (Portfolio) selecionada""
",LOW,0,3,25,"{'TC3', 'TC4', 'TC2'}",28,LOW,"The update involves a minor textual modification, changing 'o Competencias (Portfolio) selecionado' to 'a Competencia (Portfolio) selecionada', which reflects correcting the agreement in gender and number of the words in Portuguese. Such a change is syntactic and does not alter the system's expected behavior, functionality, or logic, thus it is classified as low-impact.",2226
44,,src/RF011 - Gerenciar Competencias Portfolio.claret,exp01_gti-competencias_v1.0,exp01_gti-competencias_v1.1,"-    step 6 system ""exibe a listagem dos Competencias (Portfolio) com o Competencias (Portfolio) excluido""
","+    step 6 system ""exibe a listagem das Competencias (Portfolio) com a Competencia (Portfolio) excluida""
",LOW,0,1,27,{'TC2'},28,LOW,"The update involves a minor syntactic edit, changing the article 'os' to 'a' and the word 'excluido' to 'excluida' to match gender agreement in Portuguese. This change does not alter the system's expected behavior or functionality, thus classifying it as low-impact.",2310
45,,src/RF011 - Gerenciar Competencias Portfolio.claret,exp01_gti-competencias_v1.0,exp01_gti-competencias_v1.1,"-  	step 2 system ""exibe a listagem dos Competencias (Portfolio) cadastrados apenas para visualizacao com a opcao 'Ajuda'""
","+  	step 2 system ""exibe a listagem das Competencias (Portfolio) cadastradas apenas para visualizacao com a opcao 'Ajuda'""
",LOW,0,1,27,{'TC1'},28,LOW,"The change in the updated snippet is a grammatical correction from 'cadastrados' to 'cadastradas', ensuring the gender agreement in Portuguese. This update does not alter the system's behavior or introduce any new functionality, thus classifying it as a syntactic edit or low-impact change.",2846
46,,src/RF014 - Administrador de Dados.claret,exp01_gti-competencias_v1.0,exp01_gti-competencias_v1.1,,"+systemName ""GTI-Competencias""
+
+usecase ""RF014 - Administrador de Dados"" {
+  version ""1.1"" type ""Criacao"" user ""Aislan Fernandes"" date ""02/12/2020""
+  actor admin ""Administrador""
+  preCondition ""Administrador esta autenticado no sistema; e, tem permissao para alterar Gerente de Desempenho""
+
+  basic {
+    step 1 admin ""acessa a funcionalidade de Catalogo (Perfis) de Competencias a partir do menu inicial""
+    step 2 system ""exibe a listagem das Catalogo (Perfis) de Competencias cadastradas com a opcao 'Alterar Gerente' dentre as varias listadas"" 
+    step 3 admin ""com um perfil selecionado, clica na opcao 'Alterar Gerente' para efetivar a mudanca""
+    step 4 system ""apresenta o formulario para cadastro do novo Gerente de Desempenho""
+    step 5 admin  ""preenche o campo 'Login do Novo Gerente de Desempenho' do novo Gerente de Desempenho para o Perfil de Competencias ""
+    step 6 system ""apresenta o campo 'Login do Novo Gerente de Desempenho' preenchido corretamente""
+	step 7 admin ""clica na opcao 'Confirmar'"" af[1]
+    step 8 system ""realiza a acao conforme a opcao selecionada pelo usuario e 
+				   retorna feedback correspondente"" ef[1,2]
+  }
+
+  exception 1 ""Falha ao Salvar o novo Gerente de Desempenho"" {
+    step 1 system ""exibe uma mensagem de erro ao tentar salvar, informando o campo ou a validacao que falhou""
+  }
+  
+  alternative 1 ""Encerrar definitivamente"" {
+    step 1 admin ""clica na opcao 'Cancelar'""
+    step 2 system ""apresenta o Catalogo (Perfis) de Competencias cadastradas sem nenhuma alteracao""
+  }
+
+  postCondition ""A alteracao do Gerente de Desempenho e realizada com sucesso.""
+}
",HIGH,3,0,0,"{'TC3', 'TC1', 'TC2'}",3,HIGH,"The introduction of a new use case 'RF014 - Administrador de Dados' in the updated snippet represents a semantic change to the system's functionality. It involves adding new features such as the ability for an administrator to change the Performance Manager, complete with a series of steps, exceptions, and alternative flows. The change modifies the system's expected behavior by introducing new requirements and functionality.",3905
47,src/RF005 - Visualizar Status do Processo.claret,src/RF004 - Visualizar Painel do Desempenho.claret,exp01_gti-competencias_v1.1,exp01_gti-competencias_v1.2,"-  preCondition ""Usuario nao-autenticado no sistema se encontra na tela inicial do sistema""  
","+  preCondition ""Usuario nao-autenticado no sistema""  
",LOW,0,2,0,"{'TC1', 'TC2'}",2,LOW,"The update made to the preCondition removes the phrase 'se encontra na tela inicial do sistema', which is a refinement of the scenario context but does not alter the system's expected behavior. The core condition of the user being non-authenticated remains unchanged, thus classifying it as a syntactic edit rather than a semantic change.",2235
48,src/RF005 - Visualizar Status do Processo.claret,src/RF004 - Visualizar Painel do Desempenho.claret,exp01_gti-competencias_v1.1,exp01_gti-competencias_v1.2,"-    step 1 usuarioNA ""acessa a funcionalidade para visualizar o status do PGDC""
","+    step 1 usuarioNA ""acessa a tela inicial do sistema"" af[1]
",HIGH,0,2,0,"{'TC1', 'TC2'}",2,HIGH,"The change in the snippet represents a modification to the step 1 action from 'acessa a funcionalidade para visualizar o status do PGDC' to 'acessa a tela inicial do sistema' with the addition of an alternative flow 'af[1]'. This alters the expected behavior of the use case by changing the initial action performed by the actor and introducing a new alternative flow, which can impact the logic and outcomes of the use case execution.",4722
49,src/RF005 - Visualizar Status do Processo.claret,src/RF004 - Visualizar Painel do Desempenho.claret,exp01_gti-competencias_v1.1,exp01_gti-competencias_v1.2,,"+  
+  alternative 1 ""Retornando a tela inicial pelo menu do sistema"" {
+  	step 1 usuarioNA ""acessa a opcao 'Inicio (Painel)'"" bs 2
+  }
+  
",HIGH,2,0,2,"{'TC1', 'TC2'}",4,HIGH,"The update adds a new alternative flow to the use case, which represents a change in the expected behavior of the system. This addition introduces a new path for navigating back to the initial screen via the system menu, thus altering the potential interactions within the system. Such a change qualifies as a high-impact update as it affects the functional behavior of the system.",3518
50,,src/RF009 - Gerenciar Resultados de Avaliacoes.claret,exp01_gti-competencias_v1.1,exp01_gti-competencias_v1.2,"-    step 3 lider ""com uma avaliacao selecionada, clica na opcao 'Resultados' para efetivar o feedback""
","+    step 3 lider ""com uma avaliacao selecionada, clica na opcao 'Resultado' para efetivar o feedback""
",LOW,0,4,0,"{'TC3', 'TC1', 'TC4', 'TC2'}",4,LOW,"The change involves a minor textual edit altering 'Resultados' to 'Resultado'. This adjustment does not impact the system's behavior or introduce any new requirements, features, or functional changes. It simply modifies a word for clarity or correctness without affecting the use case flow.",2507
51,,src/RF009 - Gerenciar Resultados de Avaliacoes.claret,exp01_gti-competencias_v1.1,exp01_gti-competencias_v1.2,"-	step 7 lider ""clica na opcao 'Salvar'"" af[1]
-    step 8 system ""realiza a acao conforme a opcao selecionada pelo usuario e 
","+    step 7 lider ""verifica a presenca (somente leitura) do detalhe de cada competencia avaliada""
+    step 8 system ""apresenta os detalhes de cada competencia, incluindo: 
+                   - a descricao da competencia;
+                   - o valor da autoavaliacao, a media das notas dos avaliadores e o valor da meta do avaliado;
+                   - os niveis de avaliacao para aquela competencia; e,
+                   - os apontamentos.""
+	step 9 lider ""clica na opcao 'Salvar'"" af[1]
+    step 10 system ""realiza a acao conforme a opcao selecionada pelo usuario e 
",HIGH,0,3,1,"{'TC3', 'TC4', 'TC2'}",4,HIGH,"The update significantly changes the behavior of the system by introducing new steps (7 and 8) that involve checking and displaying detailed information about competencies before the user can proceed to the 'Salvar' action. This modification alters the sequence of actions and adds new requirements for viewing details, thus impacting the system's expected behavior.",2003
52,,src/RF014 - Administrador de Dados.claret,exp01_gti-competencias_v1.1,exp01_gti-competencias_v1.2,"-    step 1 admin ""acessa a funcionalidade de Catalogo (Perfis) de Competencias a partir do menu inicial""
-    step 2 system ""exibe a listagem das Catalogo (Perfis) de Competencias cadastradas com a opcao 'Alterar Gerente' dentre as varias listadas"" 
","+    step 1 admin ""acessa a funcionalidade de 'Catalogo (Perfis) de Competencias' a partir do menu inicial""
+    step 2 system ""exibe a listagem do Catalogo (Perfis) de Competencias cadastradas com a opcao 'Alterar Gerente' dentre as varias listadas"" 
",LOW,0,3,0,"{'TC3', 'TC1', 'TC2'}",3,LOW,"The changes made involve punctuation adjustments and slight text formatting. The phrases were wrapped in quotes and grammatical adjustments (such as changing 'das' to 'do') were made. These modifications do not alter the system's functional behavior or any requirements, hence they are classified as low-impact.",1870
53,,src/RF015 - Gerenciar Planos de Capacitacao de TI.claret,exp01_gti-competencias_v1.1,exp01_gti-competencias_v1.2,,"+systemName ""GTI-Competencias""
+
+usecase ""RF015 - Gerenciar Planos de Capacitacao de TI"" {
+  version ""1.2"" type ""Criacao"" user ""Aislan Fernandes"" date ""23/05/2021""
+  actor lider ""Lider de Pessoas""
+  actor usuarioNA ""Usuario Nao-Autenticado""
+  preCondition ""Lider de Pessoas esta autenticado no sistema e 
+				tem permissao para gerenciar Planos de Capacitacao de TI.""
+
+  basic {
+    step 1 lider ""acessa a funcionalidade de gestao de Planos de Capacitacao de TI a partir do menu inicial"" af[4]
+    step 2 system ""exibe a listagem das Planos de Capacitacao de TI cadastradas com opcoes de 'Novo', 'Editar', 'Excluir' e 'Ajuda'"" 
+    step 3 lider ""clica na opcao 'Novo' para criar uma nova Capacitacao de TI"" af[1,2,3]
+    step 4 system ""apresenta o formulario para cadastro e alteracao de Planos de Capacitacao de TI""
+    step 5 lider ""escolha o 'Periodo Avaliativo' apropriado no campo de selecao""
+	step 6 system ""exibe o 'Periodo Avaliativo' selecionado corretamente""
+	step 7 lider ""selecione a 'Unidade' correspondente no campo de selecao de unidade""
+	step 8 system ""exibe o campo 'Unidade' preenchido corretamente""
+	step 9 lider ""preencha o campo 'Possiveis Capacitacoes' com informacoes sobre capacitacoes adicionais""
+	step 10 system ""exibe o campo 'Possiveis Capacitacoes' preenchido corretamente""
+	step 11 lider ""preencha o campo 'Observacao' com informacoes adicionais ou relevantes sobre o plano de capacitacao""
+	step 12 system ""exibe o campo 'Observacao' preenchido corretamente""
+	step 13 lider ""seleciona as 'Pessoas' que farao parte do plano de capacitacao""
+	step 14 system ""exibe as 'Pessoas' escolhidas corretamente na lista 'Selecionadas'""
+	step 15 lider ""seleciona as 'Competencias' a serem trabalhadas no plano de capacitacao""
+	step 16 system ""exibe as 'Competencias' selecionadas corretamente na lista 'Selecionadas'""
+	step 17 lider ""clica na opcao 'Salvar'""
+    step 18 system ""realiza a acao conforme a opcao selecionada pelo usuario e 
+				   retorna feedback correspondente"" ef[1,2]
+  }
+
+  alternative 1 ""Editar Planos de Capacitacao de TI Existente"" {
+    step 1 lider ""seleciona um Planos de Capacitacao de TI da listagem""
+    step 2 system ""destaca a Capacitacao de TI selecionada na listagem""
+    step 3 lider ""clica na opcao 'Editar' para modificar a Capacitacao de TI selecionada"" bs 4
+  }
+  
+  alternative 2 ""Confirmar Exclusao da Capacitacao de TI"" {
+  	step 1 lider ""seleciona um Planos de Capacitacao de TI da listagem""
+    step 2 system ""destaca a Capacitacao de TI selecionada na listagem""
+    step 3 lider ""clica na opcao 'Excluir' para excluir a Capacitacao de TI selecionada""
+    step 4 system ""solicita confirmacao de exclusao mostrando o nome da Capacitacao de TI""
+    step 5 lider ""confirma a exclusao da Capacitacao de TI""
+    step 6 system ""exibe a listagem das Planos de Capacitacao de TI sem a Capacitacao de TI excluida"" ef[3,4]
+  }
+
+  alternative 3 ""Negar Exclusao da Capacitacao de TI"" {
+  	step 1 lider ""seleciona um Planos de Capacitacao de TI da listagem""
+    step 2 system ""destaca a Capacitacao de TI selecionada na listagem""
+    step 3 lider ""clica na opcao 'Excluir' para excluir a Capacitacao de TI selecionada""
+    step 4 system ""solicita confirmacao de exclusao mostrando o nome da Capacitacao de TI""
+    step 5 lider ""nao confirma a exclusao da Capacitacao de TI""
+    step 6 system ""exibe a listagem das Planos de Capacitacao de TI com a Capacitacao de TI excluida""
+  }
+  
+  alternative 4 ""Modo de visualizacao para usuarios nao-autenticados"" {
+  	step 1 usuarioNA ""acessa a funcionalidade de gestao de Planos de Capacitacao de TI a partir do menu inicial""
+  	step 2 system ""exibe a listagem das Planos de Capacitacao de TI cadastradas apenas para visualizacao com a opcao 'Ajuda'""
+  }
+
+  exception 1 ""Falha ao Salvar a nova Capacitacao de TI"" {
+    step 1 system ""exibe uma mensagem de erro ao tentar salvar a nova Capacitacao de TI, informando o campo ou a validacao que falhou""
+  }
+
+  exception 2 ""Erro ao Editar Capacitacao de TI"" {
+    step 1 system ""exibe uma mensagem de erro ao tentar editar a Capacitacao de TI, informando o campo ou a validacao que falhou""
+  }
+
+  exception 3 ""Falha na Exclusao da Capacitacao de TI"" {
+    step 1 system ""exibe uma mensagem de erro ao tentar excluir a Capacitacao de TI""
+  }
+  
+  exception 4 ""Falha na Exclusao do Avaliacao: nao e o lider"" {
+    step 1 system ""exibe uma mensagem de erro ao tentar excluir a Avaliacao informando que o usuario nao e o lider""
+  }
+
+  postCondition ""A gestao de Planos de Capacitacao de TI e realizada com sucesso.""
+}
",HIGH,11,0,0,"{'TC8', 'TC7', 'TC9', 'TC3', 'TC6', 'TC1', 'TC5', 'TC11', 'TC10', 'TC4', 'TC2'}",11,HIGH,"The update introduces an entirely new use case for managing IT training plans with detailed basic, alternative, and exception flows, which alters the system's behavior by defining new functionalities and interactions. This includes new features for CRUD (Create, Read, Update, Delete) operations, user roles and permissions, exception handling for errors, and alternative scenarios for both authenticated and non-authenticated users. Such changes fundamentally impact the system's requirements and its expected behavior, clearly qualifying as high-impact changes.",4134
54,,src/RF018 - Gerenciar Metas de Desempenho.claret,exp01_gti-competencias_v1.1,exp01_gti-competencias_v1.2,,"+systemName ""GTI-Competencias""
+
+usecase ""RF018 - Gerenciar Metas de Desempenho"" {
+  version ""1.2"" type ""Criacao"" user ""Aislan Fernandes"" date ""13/05/2021""
+  actor lider ""Lider de Pessoas""
+  preCondition ""Lider de Pessoas esta autenticado no sistema; e, tem permissao para gerenciar Metas de Desempenho""
+
+  basic {
+    step 1 lider ""acessa a funcionalidade de Avaliacoes a partir do menu inicial""
+    step 2 system ""exibe a listagem das Avaliacoes cadastradas com a opcao 'Editar' dentre as varias listadas"" 
+    step 3 lider ""com uma avaliacao selecionada, clica na opcao 'Editar' modificar a Avaliacao de Desempenho""
+    step 4 system ""apresenta o formulario com o campo 'Metas' constando cada Competencia do perfil avaliado""
+    step 5 lider  ""altera o valor da 'Meta' para cada Competencia listada do perfil avaliado na Avaliacao atual (valores padrao de 1 a 4)""
+    step 6 system ""apresenta o campo 'Meta' para cada Competencia listada do perfil avaliado na Avaliacao preenchido corretamente""
+	step 7 lider ""clica na opcao 'Salvar'""
+    step 8 system ""realiza a acao conforme a opcao selecionada pelo usuario e 
+				   retorna feedback correspondente"" ef[1]
+  }
+
+  exception 1 ""Erro ao Editar Avaliacao"" {
+    step 1 system ""exibe uma mensagem de erro ao tentar editar, informando o campo ou a validacao que falhou""
+  }
+
+  postCondition ""A gestao de Metas de Desempenho e realizada com sucesso.""
+}
",HIGH,2,0,0,"{'TC1', 'TC2'}",2,HIGH,"The updated snippet introduces a completely new use case for managing performance goals within the system 'GTI-Competencias'. It includes new actions for the actor 'Lider de Pessoas', a new pre-condition, and a post-condition, as well as a basic flow with associated exceptions. These additions define new requirements and functionalities that were not present in the original snippet. Therefore, the change significantly impacts the system's expected behavior, classifying it as a high-impact change.",3082
55,,src/RF001 - Autenticar Usuario.claret,exp01_gti-competencias_v1.3,exp01_gti-competencias_v1.4,"-    step 1 sysUser ""inicia a tela de login atraves da opcao de Login no canto superior direito""
","+    step 1 sysUser ""abre a tela de login atraves da opcao de Login no canto superior direito""
",LOW,0,14,0,"{'TC8', 'TC7', 'TC9', 'TC12', 'TC6', 'TC3', 'TC14', 'TC13', 'TC1', 'TC5', 'TC11', 'TC10', 'TC4', 'TC2'}",14,LOW,"The change from 'inicia a tela de login' to 'abre a tela de login' is a syntactic edit, as both terms convey the action of opening the login screen. This does not alter the expected behavior or functionality of the system, as it remains focused on accessing the login interface using the same option in the user interface.",3938
56,,src/RF002 - Realizar logout.claret,exp01_gti-competencias_v1.3,exp01_gti-competencias_v1.4,"-    step 1 sysUser ""clica na opcao de Logout atraves da opcao disponivel no canto superior direito""
","+    step 1 sysUser ""clica na opcao de Logout disponivel no canto superior direito""
",LOW,0,1,0,{'TC1'},1,LOW,"The update involves a minor textual change by removing the phrase 'atraves da opcao', which does not affect the functionality or behavior of the system. The system's behavior remains unchanged, as the user still performs the same action of clicking on the logout option located at the same position. This is a syntactic edit rather than a semantic one.",3124
57,,src/RF007 - Gerenciar Avaliacoes.claret,exp01_gti-competencias_v1.3,exp01_gti-competencias_v1.4,"-    step 2 system ""exibe a listagem dos Avaliacoes cadastrados com opcoes de 'Novo', 'Editar', 'Excluir' e 'Ajuda'"" 
","+    step 2 system ""exibe a listagem das Avaliacoes cadastradas com opcoes de 'Novo', 'Editar', 'Excluir' e 'Ajuda'"" 
",LOW,0,10,0,"{'TC8', 'TC7', 'TC9', 'TC3', 'TC6', 'TC1', 'TC5', 'TC10', 'TC4', 'TC2'}",10,LOW,"The change from 'dos Avaliacoes cadastrados' to 'das Avaliacoes cadastradas' is a syntactic edit that corrects grammatical gender and number agreement in the sentence. It does not introduce or remove any functional elements, requirements, or alternative/exception flows that would alter the system's behavior. Therefore, it is classified as low-impact.",1894
58,,src/RF007 - Gerenciar Avaliacoes.claret,exp01_gti-competencias_v1.3,exp01_gti-competencias_v1.4,"-    step 12 system ""apresenta em 'Metas' os campos 'Nivel' preenchido corretamente""              
","+    step 12 system ""apresenta em 'Metas' os campos 'Nivel' preenchidos corretamente""              
",LOW,0,3,7,"{'TC8', 'TC10', 'TC9'}",10,LOW,"The change involves a minor grammatical correction from 'preenchido' to 'preenchidos', which is a syntactic edit. This does not alter the system's expected behavior or introduce any new functionality or features, thus making it a low-impact change.",2044
59,,src/RF007 - Gerenciar Avaliacoes.claret,exp01_gti-competencias_v1.3,exp01_gti-competencias_v1.4,"-    step 4 system ""apresenta o formulario para e alteracao de Avaliacao""
-    step 5 lider ""verifica que os campos 'Periodo Avaliativo', 'Perfil' e 'Avaliado' somente leitura"" bs 11
","+    step 4 system ""apresenta o formulario para e alteracao da Avaliacao""
+    step 5 lider ""verifica que os campos 'Periodo Avaliativo', 'Perfil' e 'Avaliado' estao em modo somente leitura"" bs 11
",LOW,0,3,7,"{'TC6', 'TC7', 'TC5'}",10,LOW,"The changes in the updated snippet involve small textual modifications. The phrase 'para e alteracao de Avaliacao' was changed to 'para e alteracao da Avaliacao', which does not alter the function or behavior of the system. Similarly, the clarification that the fields 'sao em modo somente leitura' instead of 'somente leitura' is a syntactic alteration, emphasizing readability rather than altering the logic or expected outcomes of the use case. Therefore, these are considered low-impact changes that do not affect the system's behavior or features.",8956
60,,src/RF007 - Gerenciar Avaliacoes.claret,exp01_gti-competencias_v1.3,exp01_gti-competencias_v1.4,"-    step 6 system ""exibe a listagem dos Avaliacoes sem o Avaliacao excluido"" ef[3,4]
","+    step 6 system ""exibe a listagem das Avaliacoes sem a Avaliacao excluida"" ef[3,4]
",LOW,0,1,9,{'TC2'},10,LOW,"The change corrects a grammatical error in the description of the system's action at step 6. The original text 'Avaliação excluido' was updated to 'Avaliação excluida', which reflects proper agreement in gender (feminine) for the word 'Avaliação'. This change does not affect the system's behavior, functionality, or expected outcomes, thus classifying it as a low-impact edit.",4129
61,,src/RF007 - Gerenciar Avaliacoes.claret,exp01_gti-competencias_v1.3,exp01_gti-competencias_v1.4,"-    step 6 system ""exibe a listagem dos Avaliacoes com o Avaliacao excluido""
","+    step 6 system ""exibe a listagem das Avaliacoes com a Avaliacao nao excluida""
",LOW,0,1,9,{'TC1'},10,HIGH,"The change modifies the system's behavior by altering the outcome of step 6. Originally, the system was expected to show a list of evaluations with a specific evaluation excluded, but now the system is expected to show a list that includes a specific evaluation. This affects the results shown to the user and thus is a semantic change, indicating high-impact.",1649
62,,src/RF008 - Gerenciar Respostas de Avaliacoes.claret,exp01_gti-competencias_v1.3,exp01_gti-competencias_v1.4,"-  preCondition ""Avaliador de Pessoas esta autenticado no sistema; e, tem permissao para gerenciar Respostas de Avaliacoes""
","+  preCondition ""Avaliador de Pessoas esta autenticado no sistema e tem permissao para gerenciar Respostas de Avaliacoes""
",LOW,0,7,0,"{'TC7', 'TC3', 'TC6', 'TC1', 'TC5', 'TC4', 'TC2'}",7,LOW,"The change is a syntactic edit involving the removal of a semicolon and comma in the preCondition, which does not alter the system's expected behavior or requirements. Therefore, it is classified as a low-impact change.",2273
63,,src/RF008 - Gerenciar Respostas de Avaliacoes.claret,exp01_gti-competencias_v1.3,exp01_gti-competencias_v1.4,"-				   retorna feedback correspondente"" ef[2,3]
","+				    retorna feedback correspondente"" ef[2,3]
",LOW,0,2,5,"{'TC7', 'TC4'}",7,LOW,"The change involves a minor syntactic edit: the addition of a space or alignment adjustment. It does not alter the semantic content or the behavior of the use case, making it a low-impact change.",1864
64,,src/RF008 - Gerenciar Respostas de Avaliacoes.claret,exp01_gti-competencias_v1.3,exp01_gti-competencias_v1.4,"-    step 2 system ""limpa os campos apresentados 'Nivel da Competencia' e 'Apontamentos' apresentados na tela para cada Perfil de Competencias avaliado""
-    step 5 avaliador ""verifica que os campos 'Nivel da Competencia' e 'Apontamentos' estao limpos"" bs 5 
","+    step 2 system ""limpa os campos 'Nivel da Competencia' e 'Apontamentos' exibidos na tela para cada Perfil de Competencias avaliado""
+    step 3 avaliador ""verifica que os campos 'Nivel da Competencia' e 'Apontamentos' estao limpos"" bs 5 
",LOW,0,3,4,"{'TC3', 'TC4', 'TC2'}",7,HIGH,"The update introduces a new step (step 3) that causes a renumbering of the subsequent step in the flow, potentially altering the sequence and logic of the use case execution. This change modifies the system's expected behavior, making it a high-impact modification.",2573
65,,src/RF009 - Gerenciar Resultados de Avaliacoes.claret,exp01_gti-competencias_v1.3,exp01_gti-competencias_v1.4,"-    step 5 lider  ""seleciona o 'Ata de Reuniao de Feedback' da Avaliacao (1 a 4) para cada Perfil de Competencias avaliado""
","+    step 5 lider  ""preenche a 'Ata de Reuniao de Feedback' da Avaliacao para cada Perfil de Competencias avaliado""
",LOW,0,4,0,"{'TC3', 'TC1', 'TC4', 'TC2'}",4,HIGH,"The change modifies the action performed by the actor in step 5 from 'seleciona' (selects) to 'preenche' (fills in), which alters the system's expected behavior by changing what the actor does at this step. This change potentially impacts how the system captures and processes information, altering the underlying workflow or business process related to this step, and thus is classified as high-impact.",2722
66,,src/RF010 - Gerenciar Periodos Avaliativos.claret,exp01_gti-competencias_v1.3,exp01_gti-competencias_v1.4,"-    step 7 lider ""preenche o campo 'Data Inicial e Data Final' informando as respectivas datas referente ao periodo""
-    step 8 system ""apresenta o campo 'Data Inicial e Data Final' preenchido corretamente""
-	step 17 lider ""clica na opcao 'Salvar'""
-    step 18 system ""realiza a acao conforme a opcao selecionada pelo usuario e 
","+    step 7 lider ""preenche o campo 'Data Inicial' e 'Data Final' informando as respectivas datas referentes ao periodo""
+    step 8 system ""apresenta o campo 'Data Inicial' e 'Data Final' preenchido corretamente""
+	step 9 lider ""clica na opcao 'Salvar'""
+    step 10 system ""realiza a acao conforme a opcao selecionada pelo usuario e 
",LOW,0,6,4,"{'TC8', 'TC7', 'TC6', 'TC5', 'TC10', 'TC9'}",10,LOW,"The changes between the original and updated snippets involve syntactic edits including the separation of items in a list by replacing the conjunction 'e' with 'and', and the reordering of steps (from 17, 18 to 9, 10) without altering their content fundamentally. These edits are textual updates that do not introduce new requirements or alter the system's expected behavior.",6438
67,,src/RF010 - Gerenciar Periodos Avaliativos.claret,exp01_gti-competencias_v1.3,exp01_gti-competencias_v1.4,"-    step 6 system ""exibe a listagem dos Periodos Avaliativos com o Periodo Avaliativo excluido""
","+    step 6 system ""exibe a listagem dos Periodos Avaliativos com o Periodo Avaliativo nao excluido""
",LOW,0,1,9,{'TC2'},10,HIGH,"The change modifies the expected behavior of the system by altering the condition under which the list of 'Periodos Avaliativos' is displayed. The original version shows the list including the excluded period, while the updated version shows the list without the excluded period. This is a semantic change impacting the system's behavior, as it changes the content of the data presented to the user.",4324
68,,src/RF011 - Gerenciar Competencias Portfolio.claret,exp01_gti-competencias_v1.3,exp01_gti-competencias_v1.4,"-    step 3 lider ""clica na opcao 'Novo' para criar um nova Competencia (portfolio)"" af[1,2,3]
","+    step 3 lider ""clica na opcao 'Novo' para criar uma nova Competencia (portfolio)"" af[1,2,3]
",LOW,0,12,16,"{'TC25', 'TC23', 'TC19', 'TC24', 'TC18', 'TC21', 'TC17', 'TC26', 'TC27', 'TC22', 'TC28', 'TC20'}",28,LOW,"The change in the updated snippet rectifies a minor grammatical inconsistency by replacing 'um' with 'uma'. This is merely a textual correction and does not alter the system's expected behavior or functionality. Thus, the impact is classified as low.",3368
69,,src/RF011 - Gerenciar Competencias Portfolio.claret,exp01_gti-competencias_v1.3,exp01_gti-competencias_v1.4,"-    step 1 lider ""seleciona um Competencias (Portfolio) da listagem""
","+    step 1 lider ""seleciona uma Competencias (Portfolio) da listagem""
",LOW,0,15,13,"{'TC8', 'TC7', 'TC9', 'TC12', 'TC6', 'TC3', 'TC14', 'TC13', 'TC5', 'TC11', 'TC10', 'TC4', 'TC2', 'TC15', 'TC16'}",28,LOW,The update changes the article from 'um' to 'uma' in the sentence. This is a syntactic modification that involves correcting grammatical gender agreement in Portuguese. It does not alter the semantic meaning or behavior of the system and therefore is considered a low-impact change.,1504
70,,src/RF011 - Gerenciar Competencias Portfolio.claret,exp01_gti-competencias_v1.3,exp01_gti-competencias_v1.4,"-  	step 1 lider ""seleciona um Competencias (Portfolio) da listagem""
","+  	step 1 lider ""seleciona uma Competencias (Portfolio) da listagem""
",LOW,0,15,13,"{'TC8', 'TC7', 'TC9', 'TC12', 'TC6', 'TC3', 'TC14', 'TC13', 'TC5', 'TC11', 'TC10', 'TC4', 'TC2', 'TC15', 'TC16'}",28,LOW,"The update involves a minor syntactic correction from 'um' to 'uma' in the description of step 1. This change does not affect the system's expected behavior or logic, thus it is classified as low-impact.",2776
71,,src/RF011 - Gerenciar Competencias Portfolio.claret,exp01_gti-competencias_v1.3,exp01_gti-competencias_v1.4,"-  alternative 3 ""Negar Exclusao da Competencia (Portfolio)"" {
-  	step 1 lider ""seleciona um Competencias (Portfolio) da listagem""
","+  alternative 3 ""Nao Confirmar Exclusao da Competencia (Portfolio)"" {
+  	step 1 lider ""seleciona uma Competencias (Portfolio) da listagem""
",LOW,0,15,13,"{'TC8', 'TC7', 'TC9', 'TC12', 'TC6', 'TC3', 'TC14', 'TC13', 'TC5', 'TC11', 'TC10', 'TC4', 'TC2', 'TC15', 'TC16'}",28,LOW,The changes made involve renaming the alternative flow from 'Negar Exclusao da Competencia (Portfolio)' to 'Nao Confirmar Exclusao da Competencia (Portfolio)' and a small linguistic adjustment from 'um Competencias' to 'uma Competencias'. Both changes are syntactic edits that primarily involve text adjustments without altering the actual behavior or logic of the system.,4007
72,,src/RF011 - Gerenciar Competencias Portfolio.claret,exp01_gti-competencias_v1.3,exp01_gti-competencias_v1.4,"-    step 6 system ""exibe a listagem das Competencias (Portfolio) com a Competencia (Portfolio) excluida""
","+    step 6 system ""exibe a listagem das Competencias (Portfolio) com a Competencia (Portfolio) nao excluida""
",LOW,0,1,27,{'TC2'},28,HIGH,"The change modifies the system's expected behavior by altering the outcome of step 6, where the 'Competencia (Portfolio)' is shown as 'not excluded' instead of 'excluded'. This affects the system's functionality and possibly the business logic associated with the use case.",2920
73,,src/RF012 - Ajuda.claret,exp01_gti-competencias_v1.3,exp01_gti-competencias_v1.4,"-    step 2 system ""exibe a listagem dos Niveis das Competencias cadastradas com opcoes de 'Novo', 'Editar', 'Excluir' e 'Ajuda'"" 
","+    step 2 system ""exibe a listagem dos Niveis das Competencias cadastrados com opcoes de 'Novo', 'Editar', 'Excluir' e 'Ajuda'"" 
",LOW,0,1,4,{'TC1'},5,LOW,"The update involves a minor textual change correcting the gender agreement in the word 'cadastrada' to 'cadastrados'. This is a syntactic edit that does not alter the system's behavior or the functionality of the step described in the use case. Therefore, it is classified as a low-impact change.",2002
74,,src/RF013 - Gerenciar Niveis das Competencias.claret,exp01_gti-competencias_v1.3,exp01_gti-competencias_v1.4,"-    step 3 lider ""clica na opcao 'Novo' para criar um novo Niveis das Competencias"" af[1,2,3]
","+    step 3 lider ""clica na opcao 'Novo' para criar um novo Nivel das Competencias"" af[1,2,3]
",LOW,0,3,7,"{'TC8', 'TC10', 'TC9'}",10,LOW,"The update involves a minor textual change of correcting 'Niveis' to 'Nivel'. This is a typographical correction and does not alter the behavior, logic, or structure of the system, making it a low-impact change.",2721
75,,src/RF013 - Gerenciar Niveis das Competencias.claret,exp01_gti-competencias_v1.3,exp01_gti-competencias_v1.4,"-    step 6 system ""exibe a listagem dos Niveis das Competencias com o Nivel das Competencias excluido""
","+    step 6 system ""exibe a listagem dos Niveis das Competencias com o Nivel das Competencias nao excluido""
",LOW,0,1,9,{'TC2'},10,HIGH,"The update changes the intended behavior of the system from displaying a list that includes an excluded competency level to displaying a list that excludes it. This alteration affects what the system is expected to do, thereby constituting a semantic change in the functionality rather than a mere textual or cosmetic change.",2198
76,,src/RF014 - Administrador de Dados.claret,exp01_gti-competencias_v1.3,exp01_gti-competencias_v1.4,"-  preCondition ""Administrador esta autenticado no sistema; e, tem permissao para alterar Gerente de Desempenho""
","+  preCondition ""Administrador esta autenticado no sistema e tem permissao para alterar Gerente de Desempenho""
",LOW,0,3,0,"{'TC3', 'TC1', 'TC2'}",3,LOW,"The change made is purely syntactic, as it involves altering punctuation by removing a semicolon and a comma from the preCondition statement. This does not affect the logical interpretation or behavior described by the preCondition, thus it is deemed a low-impact change.",6335
77,,src/RF014 - Administrador de Dados.claret,exp01_gti-competencias_v1.3,exp01_gti-competencias_v1.4,"-    step 2 system ""exibe a listagem do Catalogo (Perfis) de Competencias cadastradas com a opcao 'Alterar Gerente' dentre as varias listadas"" 
","+    step 2 system ""exibe a listagem dos Perfis de Competencias cadastrados com a opcao 'Alterar Gerente' dentre as varias listadas"" 
",LOW,0,3,0,"{'TC3', 'TC1', 'TC2'}",3,LOW,"The change involves a textual update where 'Catalogo (Perfis)' is replaced with 'Perfis'. This does not alter the underlying system behavior, functionality, or requirements. It likely serves to clarify or streamline the description without introducing or removing features or altering the system's logic. Therefore, it is categorized as a low-impact change.",3908
78,,src/RF014 - Administrador de Dados.claret,exp01_gti-competencias_v1.3,exp01_gti-competencias_v1.4,"-    step 5 admin  ""preenche o campo 'Login do Novo Gerente de Desempenho' do novo Gerente de Desempenho para o Perfil de Competencias ""
","+    step 5 admin  ""preenche o campo 'Login do Novo Gerente de Desempenho' para o Perfil de Competencias""
",LOW,0,3,0,"{'TC3', 'TC1', 'TC2'}",3,LOW,"The update consists of removing the redundant phrase 'do novo Gerente de Desempenho', which does not alter the functional behavior of the system. The action being performed by the admin remains unchanged, still focusing on filling the 'Login do Novo Gerente de Desempenho' for the 'Perfil de Competencias'. This change is purely syntactical and simplifies the description without impacting the system's expected behavior.",3116
79,,src/RF014 - Administrador de Dados.claret,exp01_gti-competencias_v1.3,exp01_gti-competencias_v1.4,"-    step 2 system ""apresenta o Catalogo (Perfis) de Competencias cadastradas sem nenhuma alteracao""
","+    step 2 system ""apresenta o Catalogo (Perfis) de Competencias sem nenhuma alteracao""
",LOW,0,1,2,{'TC1'},3,LOW,"The change involves the removal of the phrase 'cadastradas' (translated as 'registered' or 'recorded') from the system's action description. This change does not alter the intended functionality or expected behavior of the system as it appears to be a minor textual update or clarification. Therefore, the impact of this edit is classified as low-impact since it does not introduce, remove, or alter any system requirements or behaviors.",5695
80,,src/RF015 - Gerenciar Planos de Capacitacao de TI.claret,exp01_gti-competencias_v1.3,exp01_gti-competencias_v1.4,"-    step 2 system ""exibe a listagem das Planos de Capacitacao de TI cadastradas com opcoes de 'Novo', 'Editar', 'Excluir' e 'Ajuda'"" 
","+    step 2 system ""exibe a listagem dos Planos de Capacitacao de TI cadastrados com opcoes de 'Novo', 'Editar', 'Excluir' e 'Ajuda'"" 
",LOW,0,10,1,"{'TC8', 'TC7', 'TC9', 'TC3', 'TC6', 'TC5', 'TC11', 'TC10', 'TC4', 'TC2'}",11,LOW,"The change is purely syntactic, correcting the grammatical gender of the word from 'das Planos' to 'dos Planos'. It does not alter the meaning or functionality of the system's expected behavior, thus the impact is low.",4134
81,,src/RF015 - Gerenciar Planos de Capacitacao de TI.claret,exp01_gti-competencias_v1.3,exp01_gti-competencias_v1.4,"-    step 5 lider ""escolha o 'Periodo Avaliativo' apropriado no campo de selecao""
","+    step 5 lider ""escolhe o 'Periodo Avaliativo' apropriado no campo de selecao""
",LOW,0,6,5,"{'TC8', 'TC7', 'TC6', 'TC11', 'TC10', 'TC9'}",11,LOW,"The change from 'escolha' to 'escolhe' is a grammatical adjustment (changing verb conjugation from imperative to indicative) or typo correction in the description of step 5, which does not have any impact on the system's expected behavior or functionality. It is a textual update and therefore classified as a low-impact change.",3322
82,,src/RF015 - Gerenciar Planos de Capacitacao de TI.claret,exp01_gti-competencias_v1.3,exp01_gti-competencias_v1.4,"-	step 7 lider ""selecione a 'Unidade' correspondente no campo de selecao de unidade""
","+	step 7 lider ""seleciona a 'Unidade' correspondente no campo de selecao de unidade""
",LOW,0,6,5,"{'TC8', 'TC7', 'TC6', 'TC11', 'TC10', 'TC9'}",11,LOW,"The change from 'selecione' to 'seleciona' is a textual edit that does not alter the behavior of the system. It merely changes the verb tense or form, which is a syntactic modification, and does not impact the functionality or requirements of the use case.",3066
83,,src/RF015 - Gerenciar Planos de Capacitacao de TI.claret,exp01_gti-competencias_v1.3,exp01_gti-competencias_v1.4,"-	step 9 lider ""preencha o campo 'Possiveis Capacitacoes' com informacoes sobre capacitacoes adicionais""
","+	step 9 lider ""preenche o campo 'Possiveis Capacitacoes' com informacoes sobre capacitacoes adicionais""
",LOW,0,6,5,"{'TC8', 'TC7', 'TC6', 'TC11', 'TC10', 'TC9'}",11,LOW,"The change involves a minor modification to the verb from 'preencha' to 'preenche', which does not alter the flow, functionality, or behavior of the system. It is a syntactic edit, reflecting a textual update without introducing any semantic change in the system's expected behavior.",2456
84,,src/RF015 - Gerenciar Planos de Capacitacao de TI.claret,exp01_gti-competencias_v1.3,exp01_gti-competencias_v1.4,"-	step 11 lider ""preencha o campo 'Observacao' com informacoes adicionais ou relevantes sobre o plano de capacitacao""
","+	step 11 lider ""preenche o campo 'Observacao' com informacoes adicionais ou relevantes sobre o plano de capacitacao""
",LOW,0,6,5,"{'TC8', 'TC7', 'TC6', 'TC11', 'TC10', 'TC9'}",11,LOW,The change is a minor syntactic edit where the verb tense was adjusted from 'preencha' to 'preenche'. This does not alter the system's expected behavior or the semantics of the use case. It is a textual update that likely focuses on grammatical consistency or readability rather than impacting functionality.,1955
85,,src/RF015 - Gerenciar Planos de Capacitacao de TI.claret,exp01_gti-competencias_v1.3,exp01_gti-competencias_v1.4,"-    step 1 lider ""seleciona um Planos de Capacitacao de TI da listagem""
","+    step 1 lider ""seleciona um Plano de Capacitacao de TI da listagem""
",LOW,0,7,4,"{'TC8', 'TC7', 'TC3', 'TC6', 'TC5', 'TC4', 'TC2'}",11,LOW,"The change involves correcting or rephrasing a term from 'Planos' to 'Plano'. This is a syntactic edit that does not alter the system's functionality or introduce any new requirements. The semantic meaning of the step remains the same as it still refers to selecting a training plan from a list. Therefore, it is classified as a low-impact change.",6255
86,,src/RF015 - Gerenciar Planos de Capacitacao de TI.claret,exp01_gti-competencias_v1.3,exp01_gti-competencias_v1.4,"-  	step 1 lider ""seleciona um Planos de Capacitacao de TI da listagem""
","+  	step 1 lider ""seleciona um Plano de Capacitacao de TI da listagem""
",LOW,0,7,4,"{'TC8', 'TC7', 'TC3', 'TC6', 'TC5', 'TC4', 'TC2'}",11,LOW,"The change consists of a minor textual update where 'Planos' is changed to 'Plano'. This does not alter the system's expected behavior or functionality, as it appears to be a correction or refinement of the text without semantic implications for the flow or requirements of the use case.",2214
87,,src/RF015 - Gerenciar Planos de Capacitacao de TI.claret,exp01_gti-competencias_v1.3,exp01_gti-competencias_v1.4,"-    step 6 system ""exibe a listagem das Planos de Capacitacao de TI sem a Capacitacao de TI excluida"" ef[3,4]
","+    step 6 system ""exibe a listagem dos Planos de Capacitacao de TI sem a Capacitacao de TI excluida"" ef[3,4]
",LOW,0,1,10,{'TC3'},11,LOW,"The change involves a minor textual update, where the word 'das' has been replaced with 'dos'. This does not affect the system's behavior or logic, as it is merely a grammatical correction without semantic impact.",3028
88,,src/RF015 - Gerenciar Planos de Capacitacao de TI.claret,exp01_gti-competencias_v1.3,exp01_gti-competencias_v1.4,"-  alternative 3 ""Negar Exclusao da Capacitacao de TI"" {
-  	step 1 lider ""seleciona um Planos de Capacitacao de TI da listagem""
","+  alternative 3 ""Nao Confirmar Exclusao da Capacitacao de TI"" {
+  	step 1 lider ""seleciona um Plano de Capacitacao de TI da listagem""
",LOW,0,7,4,"{'TC8', 'TC7', 'TC3', 'TC6', 'TC5', 'TC4', 'TC2'}",11,LOW,"The changes made are syntactic and do not alter the expected behavior of the system. The alternative flow name was rephrased, and a minor grammatical correction was made in step 1. These are textual updates that do not affect the use case's logic or functionality.",2315
89,,src/RF015 - Gerenciar Planos de Capacitacao de TI.claret,exp01_gti-competencias_v1.3,exp01_gti-competencias_v1.4,"-    step 6 system ""exibe a listagem das Planos de Capacitacao de TI com a Capacitacao de TI excluida""
","+    step 6 system ""exibe a listagem dos Planos de Capacitacao de TI com a Capacitacao de TI nao excluida""
",LOW,0,1,10,{'TC2'},11,HIGH,"The update changes the system's expected behavior by altering the condition under which TI training plans are listed from 'with the excluded training' to 'with the non-excluded training'. This is a semantic change that likely impacts how users interact with the system and how the system's business logic functions, thus classifying as a high-impact change.",12850
90,,src/RF015 - Gerenciar Planos de Capacitacao de TI.claret,exp01_gti-competencias_v1.3,exp01_gti-competencias_v1.4,"-  	step 2 system ""exibe a listagem das Planos de Capacitacao de TI cadastradas apenas para visualizacao com a opcao 'Ajuda'""
","+  	step 2 system ""exibe a listagem dos Planos de Capacitacao de TI cadastrados apenas para visualizacao com a opcao 'Ajuda'""
",LOW,0,1,10,{'TC1'},11,LOW,"The change involves a grammatical correction from 'das Planos' to 'dos Planos'. This is a minor textual update that does not alter the system's expected behavior or the semantics of the use case. Therefore, it is a low-impact change focused on improving grammatical correctness without affecting use case functionality.",4666
91,,src/RF018 - Gerenciar Metas de Desempenho.claret,exp01_gti-competencias_v1.3,exp01_gti-competencias_v1.4,"-  preCondition ""Lider de Pessoas esta autenticado no sistema; e, tem permissao para gerenciar Metas de Desempenho""
","+  preCondition ""Lider de Pessoas esta autenticado no sistema e tem permissao para gerenciar Metas de Desempenho""
",LOW,0,2,0,"{'TC1', 'TC2'}",2,LOW,"The change involves a minor syntactic update by removing a semicolon and a conjunction 'e'. This does not alter the logic or intent of the precondition, thus not impacting the system's expected behavior.",1542
92,,src/RF018 - Gerenciar Metas de Desempenho.claret,exp01_gti-competencias_v1.3,exp01_gti-competencias_v1.4,"-    step 3 lider ""com uma avaliacao selecionada, clica na opcao 'Editar' modificar a Avaliacao de Desempenho""
-    step 4 system ""apresenta o formulario com o campo 'Metas' constando cada Competencia do perfil avaliado""
","+    step 3 lider ""com uma avaliacao selecionada, clica na opcao 'Editar' para modificar a Avaliacao de Desempenho""
+    step 4 system ""apresenta o formulario com o campo 'Metas' contendo cada Competencia do perfil avaliado""
",LOW,0,2,0,"{'TC1', 'TC2'}",2,LOW,"The changes are textual updates that do not affect the system's behavior. The modification in step 3 adds 'para' for clarification, and the change in step 4 replaces 'constando' with 'contendo', both of which are synonyms. These are syntactic edits rather than semantic ones, thus having a low impact on the use case's behavior.",10513
93,,src/RF008 - Gerenciar Respostas de Avaliacoes.claret,exp01_gti-competencias_v1.4,exp01_gti-competencias_v1.5,"-    step 2 system ""exibe a listagem das Avaliacoes cadastradas com a opcao 'Formulario' dentre as varias listadas"" 
-    step 3 avaliador ""com uma avaliacao selecionada, clica na opcao 'Formulario' para criar uma nova Avaliacao""
","+    step 2 system ""exibe a listagem das Avaliacoes cadastradas com a opcao 'Formulario' dentre as varias exibidas"" 
+    step 3 avaliador ""com uma avaliacao selecionada, clica na opcao 'Formulario' para responder a uma Avaliacao ou Autoavaliacao""
",LOW,0,7,0,"{'TC7', 'TC3', 'TC6', 'TC1', 'TC5', 'TC4', 'TC2'}",7,HIGH,"The updated snippet changes the system's expected behavior by altering the action taken by the actor at step 3. Originally, the actor clicked to create a new evaluation, but in the updated version, the action is to respond to an existing evaluation or self-evaluation. This is a semantic edit as it changes the purpose and outcome of the step, affecting the system's behavior and user interaction with the system.",3577
94,,src/RF008 - Gerenciar Respostas de Avaliacoes.claret,exp01_gti-competencias_v1.4,exp01_gti-competencias_v1.5,"-    step 5 avaliador  ""seleciona o 'Nivel da Competencia' da Avaliacao (1 a 4) para cada Perfil de Competencias avaliado""
-    step 6 system ""apresenta o campo 'Nivel da Competencia' preenchido corretamente""
-    step 7 avaliador ""adiciona 'Apontamentos' sobre a avaliacao para cada Perfil de Competencias avaliado""
-    step 8 system ""apresenta os 'Apontamentos' preenchidos corretamente""
-	step 9 avaliador ""clica na opcao 'Salvar'"" af[1]
-    step 10 system ""realiza a acao conforme a opcao selecionada pelo usuario e 
-				    retorna feedback correspondente"" ef[2,3]
","+    step 5 avaliador  ""seleciona o 'Nivel de Interacao' para cada Perfil de Competencias avaliado""
+    step 6 system ""apresenta o campo 'Nivel de Interacao' preenchido corretamente""
+    step 7 avaliador  ""seleciona que e 'Capaz de Avaliar a Competencia' para cada Perfil de Competencias avaliado"" af[2]
+    step 8 system ""apresenta o campo 'Capaz de Avaliar' preenchido como 'SIM'""
+    step 9 avaliador  ""seleciona o 'Nivel da Competencia' da Avaliacao (1 a 4) para cada Perfil de Competencias avaliado""
+    step 10 system ""apresenta o campo 'Nivel da Competencia' preenchido corretamente""
+    step 11 avaliador ""adiciona 'Apontamentos' sobre a avaliacao para cada Perfil de Competencias avaliado""
+    step 12 system ""apresenta os 'Apontamentos' preenchidos corretamente""
+	step 13 avaliador ""clica na opcao 'Salvar'"" af[1]
+    step 14 system ""realiza a acao conforme a opcao selecionada pelo usuario e 
+				    retorna feedback correspondente"" ef[2,3,4]
",HIGH,0,6,1,"{'TC7', 'TC3', 'TC6', 'TC5', 'TC4', 'TC2'}",7,HIGH,"The changes introduce new steps and modify existing steps, indicating changes in the system's expected behavior. The addition of 'Nivel de Interacao' and 'Capaz de Avaliar a Competencia' steps, as well as a new alternative flow af[2], suggest new requirements or features. These adjustments affect the flow and alter the business logic, qualifying these changes as high-impact.",2639
95,,src/RF008 - Gerenciar Respostas de Avaliacoes.claret,exp01_gti-competencias_v1.4,exp01_gti-competencias_v1.5,,"+  exception 4 ""Sem Justificativa"" {
+    step 1 system ""exibe uma mensagem de erro informando ao usuario que nao informou justificativa""
+  }
+  
",HIGH,4,0,13,"{'TC12', 'TC4', 'TC8', 'TC16'}",17,HIGH,"The updated snippet introduces a new exception flow named 'Sem Justificativa' at step 4. This addition represents a semantic change as it introduces a new rule and behavior for error handling when no justification is provided by the user, which is considered a high-impact change.",2033
96,,src/RF008 - Gerenciar Respostas de Avaliacoes.claret,exp01_gti-competencias_v1.4,exp01_gti-competencias_v1.5,,"+  
+  alternative 2 ""Nao e Capaz de Avaliar a Competencia"" {
+  	step 1 avaliador  ""seleciona que nao e 'Capaz de Avaliar a Competencia' para cada Perfil de Competencias avaliado""
+    step 2 system ""apresenta o campo 'Capaz de Avaliar' preenchido como 'NAO'""
+    step 3 avaliador ""preenche o campo de 'Justificativas' para cada Perfil de Competencias avaliado""
+    step 4 system ""apresenta o campo de 'Capaz de Avaliar' preenchido corretamente""
+    step 5 avaliador ""clica no botao 'Justificar'"" bs 14
+  }
",HIGH,8,0,9,"{'TC8', 'TC7', 'TC9', 'TC3', 'TC6', 'TC5', 'TC4', 'TC2'}",17,HIGH,"The change introduces a new alternative flow 'Nao e Capaz de Avaliar a Competencia' at step 2, which is a structural addition that affects the system's behavior. It details interactions between the actor and the system, involving decision points and data processing ('Capaz de Avaliar' and 'Justificativas'), which constitute new requirements or behaviors for the system to handle. Therefore, this is a high-impact change as it modifies the expected system behavior and introduces new functionality involving user decisions and system responses.",2787
97,,src/RF009 - Gerenciar Resultados de Avaliacoes.claret,exp01_gti-competencias_v1.4,exp01_gti-competencias_v1.5,"-    step 2 system ""exibe a listagem das Avaliacoes cadastradas com a opcao 'Resultado' dentre as varias listadas"" 
","+    step 2 system ""exibe a listagem das Avaliacoes cadastradas com a opcao 'Resultado' dentre as varias exibidas"" 
",LOW,0,4,0,"{'TC3', 'TC1', 'TC4', 'TC2'}",4,LOW,"The update changes the word 'listadas' to 'exibidas', which is a synonym in the context of displaying a list. This is a textual update that does not alter the system's behavior or logic, making it a syntactic edit with low impact.",1884
98,,src/RF016 - Copiar Itens de Avaliacao.claret,exp01_gti-competencias_v1.4,exp01_gti-competencias_v1.5,,"+systemName ""GTI-Competencias""
+
+usecase ""RF016 - Copiar Itens de Avaliacao"" {
+  version ""1.5"" type ""Criacao"" user ""Carlos Diego"" date ""03/06/2022""
+  actor lider ""Lider de Pessoas""
+  preCondition ""Lider de Pessoas esta autenticado no sistema e tem permissao para copiar itens de avaliacoes""
+
+  basic {
+    step 1 lider ""acessa a funcionalidade 'Avaliacoes' a partir do menu inicial"" af[1]
+    step 2 system ""exibe a listagem das Avaliacoes cadastradas com a opcao 'Copiar' dentre as varias exibidas"" 
+    step 3 lider ""com uma Avaliacao selecionada, clica na opcao 'Copiar' para copia-la""
+    step 4 system ""apresenta o formulario para copiar a Avaliacao com os valores atuais ja preenchidos, exceto o 'Avaliado', que deve estar vazio""
+    step 5 lider  ""seleciona o 'Periodo Avaliativo' da Avaliacao""
+    step 6 system ""apresenta o campo 'Periodo Avaliativo' preenchido corretamente""
+    step 7 lider ""seleciona o colaborador a ser 'Avaliado' na Avaliacao""
+    step 8 system ""apresenta o campo 'Avaliado' preenchido corretamente""
+    step 9 lider ""escolhe que deseja 'fazer uma copia' do Perfil de Competencias"" af[2]
+    step 10 system ""apresenta o campo 'fazer uma copia' do Perfil de Competencias com a opcao 'SIM' selecionada""
+    step 11 lider ""preenche o 'nome' do novo Perfil de Competencias da Avaliacao""
+    step 12 system ""apresenta o campo 'nome' do novo Perfil de Competencias da Avaliacao preenchido corretamente""
+    step 13 lider ""clica na opcao 'Confirmar'"" af[3]
+    step 14 system ""apresenta uma mensagem de confirmacao referente a criacao do novo Perfil de Competencias""
+    step 15 lider ""confirma a operacao de criacao do novo Perfil de Competencias"" af[4]
+    step 16 system ""realiza a acao conforme a opcao selecionada pelo usuario e 
+				    retorna feedback correspondente"" ef[1,2]
+  }
+
+  alternative 1 ""Copiar Perfil de Competencias"" {
+    step 1 lider ""acessa a funcionalidade 'Catalogo (Perfis) de Competencias' a partir do menu inicial""
+    step 2 system ""exibe a listagem dos Perfis de Competencias com a opcao 'Copiar' dentre as varias exibidas""
+    step 3 lider ""com um Perfil de Competencias selecionado, clica na opcao 'Copiar' para copia-lo""
+    step 4 system ""apresenta o formulario para copiar o Perfil de Competencias com os valores atuais ja preenchidos""
+    step 5 lider  ""seleciona o 'Periodo Avaliativo' da Avaliacao""
+    step 6 system ""apresenta o campo 'Periodo Avaliativo' preenchido corretamente""
+    step 7 lider ""preenche o 'nome' do novo Perfil de Competencias da Avaliacao""
+    step 8 system ""apresenta o campo 'nome' do novo Perfil de Competencias preenchido corretamente"" 
+    step 9 lider ""clica na opcao 'Confirmar'"" bs 16
+  }
+  
+  alternative 2 ""Nao Fazer uma Copia do Perfil de Competencias"" {
+  	step 1 lider ""escolhe que nao deseja 'fazer uma copia' do Perfil de Competencias""
+    step 2 system ""apresenta o campo 'fazer uma copia' do Perfil de Competencias com a opcao 'NAO' selecionada""
+    step 3 lider ""seleciona um Perfil de Competencias dentre os disponiveis""
+    step 4 system ""apresenta o 'nome' do Perfil de Competencias existente escolhido"" 
+    step 5 lider ""clica na opcao 'Confirmar'"" bs 16
+  }
+  
+  alternative 3 ""Nao Confirmar a Copia do Perfil de Competencias"" {
+  	step 1 lider ""nao confirma a operacao de criacao do novo Perfil de Competencias""
+    step 2 system ""apresenta o formulario para copiar a Avaliacao com os valores ja preenchidos""
+  }
+  
+  alternative 4 ""Cancelar Copia do Perfil de Competencias"" {
+  	step 1 lider ""nao confirma a operacao de criacao do novo Perfil de Competencias""
+    step 2 system ""exibe a listagem de Avaliacoes sem uma nova avaliacao copiada""
+  }
+
+  exception 1 ""Falha ao Salvar a nova Avaliacao"" {
+    step 1 system ""exibe uma mensagem de erro ao tentar salvar a nova Avaliacao, informando o campo ou a validacao que falhou""
+  }
+
+  exception 2 ""Falha ao Fazer uma Copia do Perfil de Competencias"" {
+    step 1 system ""exibe uma mensagem de erro ao tentar copiar a Avaliacao, informando que o Perfil de Competencias com este nome ja existe""
+  }
+
+  postCondition ""A copia de itens de avaliacao e realizada com sucesso.""
+}
",HIGH,11,0,0,"{'TC8', 'TC7', 'TC9', 'TC3', 'TC6', 'TC1', 'TC5', 'TC11', 'TC10', 'TC4', 'TC2'}",11,HIGH,"The updated snippet introduces a new use case, 'RF016 - Copiar Itens de Avaliacao', which specifies the process of copying evaluation items in detail. This includes multiple basic flow steps, alternative flows, and exception flows, which define different paths and error handling scenarios for the use case. The introduction of new features and functionalities significantly alters the system's expected behavior, thereby classifying the change as high-impact.",2575
99,src/RF018 - Gerenciar Metas de Desempenho.claret,src/RF017 - Gerenciar Metas de Desempenho.claret,exp01_gti-competencias_v1.4,exp01_gti-competencias_v1.5,"-    step 2 system ""exibe a listagem das Avaliacoes cadastradas com a opcao 'Editar' dentre as varias listadas"" 
","+    step 2 system ""exibe a listagem das Avaliacoes cadastradas com a opcao 'Editar' dentre as varias exibidas"" 
",LOW,0,2,0,"{'TC1', 'TC2'}",2,LOW,"The update involves a minor textual change, substituting the synonym 'listadas' with 'exibidas'. This change does not affect the semantic behavior or functionality of the system; it is merely a syntactic edit.",2209
