index,previous_filename,filename,base_tag,head_tag,base_tag_lines_txt,head_tag_lines_txt,edit_classification_truth,new_ct,obsolete_ct,reusable_ct,affected_cts,total_ct,edit_classification,decision_rationale,elapsed_time_ms
0,,src/RF001 - Autenticar Usuario.claret,exp01_gti-competencias_v0.1,exp01_gti-competencias_v1.0,"-    step 1 sysUser ""inicia a tela de login atraves da opcao de login no canto superior direito""
","+    step 1 sysUser ""inicia a tela de login atraves da opcao de Login no canto superior direito""
",LOW,0,14,0,"{'TC8', 'TC7', 'TC9', 'TC12', 'TC6', 'TC3', 'TC14', 'TC13', 'TC1', 'TC5', 'TC11', 'TC10', 'TC4', 'TC2'}",14,LOW,"The change is a simple capitalization adjustment, which falls under the category of 'Formatting and Punctuation' as per the provided context. This type of edit is considered low-impact as it does not affect the system design, development effort, or project timelines.",4655
1,,src/RF002 - Realizar logout.claret,exp01_gti-competencias_v0.1,exp01_gti-competencias_v1.0,"-    step 1 sysUser ""clica na opcao de logout atraves da opcao disponivel no canto superior direito""
","+    step 1 sysUser ""clica na opcao de Logout atraves da opcao disponivel no canto superior direito""
",LOW,0,1,0,{'TC1'},1,LOW,"The change is a simple capitalization adjustment, which falls under the category of 'Formatting and Punctuation' as per the provided context. This type of edit is considered low-impact as it does not affect the system design, development effort, or project timelines.",3814
2,,src/RF003 - Visualizar Permissoes do Usuario.claret,exp01_gti-competencias_v0.1,exp01_gti-competencias_v1.0,"-    step 2 system ""exibe a tela com a tabela das permissoes concedidas ao seu usuario""
","+    step 2 system ""exibe a tela com a tabela das Permissoes concedidas ao seu usuario""
",LOW,0,1,0,{'TC1'},1,LOW,"The change is a simple capitalization adjustment in the word 'Permissoes' (meaning 'Permissions' in English), which is a formatting and punctuation edit. This type of change is classified as low-impact, as it does not require reevaluation of system design, additional development effort, regression testing, or updates to user documentation.",4101
3,,src/RF003 - Visualizar Permissoes do Usuario.claret,exp01_gti-competencias_v0.1,exp01_gti-competencias_v1.0,"-  postCondition ""Usuario visualiza a tabela das permissoes concedidas ao seu usuario""
","+  postCondition ""Usuario visualiza a tabela das Permissoes concedidas ao seu usuario""
",LOW,0,1,0,{'TC1'},1,LOW,"The change is a simple capitalization adjustment in the word 'Permissoes', which is a formatting and punctuation edit. This falls under the category of low-impact edits as it does not require reevaluation of system design, additional development effort, regression testing, or updates to user documentation.",4617
4,,src/RF006 - Gerenciar Perfis de Competencias.claret,exp01_gti-competencias_v0.1,exp01_gti-competencias_v1.0,"-				tem permissao para gerenciar perfis de competencias.""
","+				tem permissao para gerenciar Perfis de Competencias.""
",LOW,0,11,0,"{'TC8', 'TC7', 'TC9', 'TC3', 'TC6', 'TC1', 'TC5', 'TC11', 'TC10', 'TC4', 'TC2'}",11,LOW,"The change is a simple capitalization adjustment, which falls under the category of 'Formatting and Punctuation' in low-impact edits. This change does not affect the meaning or functionality of the use case.",4208
5,,src/RF006 - Gerenciar Perfis de Competencias.claret,exp01_gti-competencias_v0.1,exp01_gti-competencias_v1.0,"-    step 1 lider ""acessa a funcionalidade de gestao de perfis de competencias a partir do menu inicial"" af[4]
-    step 2 system ""exibe a listagem dos perfis de competencias cadastrados com opcoes de 'Novo', 'Editar', 'Excluir' e 'Ajuda'"" 
-    step 3 lider ""clica na opcao 'Novo' para criar um novo perfil"" af[1,2,3]
","+    step 1 lider ""acessa a funcionalidade de gestao de Perfis de Competencias a partir do menu inicial"" af[4]
+    step 2 system ""exibe a listagem dos Perfis de Competencias cadastrados com opcoes de 'Novo', 'Editar', 'Excluir' e 'Ajuda'"" 
+    step 3 lider ""clica na opcao 'Novo' para criar um Novo Perfil de Competencias"" af[1,2,3]
",LOW,0,4,7,"{'TC11', 'TC10', 'TC9', 'TC8'}",11,LOW,"The changes made in the updated snippet are primarily related to capitalization and minor wording adjustments, which fall under the category of 'Rephrasing for Clarity' and 'Formatting and Punctuation'. These changes do not significantly alter the functionality or requirements of the use case, and thus can be classified as low-impact edits.",4447
6,,src/RF006 - Gerenciar Perfis de Competencias.claret,exp01_gti-competencias_v0.1,exp01_gti-competencias_v1.0,"-				   retorna feedback correspondente"" ef[1,2,3]
","+				   retorna feedback correspondente"" ef[1,2]
",HIGH,0,2,9,"{'TC11', 'TC7'}",11,LOW,"The change involves removing an option from a list of possible feedback codes, which is a minor adjustment and does not require reevaluation of system design, additional development effort, regression testing, or updates to user documentation. This change falls under the category of 'Rephrasing for Clarity' or 'Formatting and Punctuation' in low-impact edits.",4183
7,,src/RF006 - Gerenciar Perfis de Competencias.claret,exp01_gti-competencias_v0.1,exp01_gti-competencias_v1.0,"-    step 6 system ""exibe a listagem dos perfis de competencias sem o perfil de competencias excluido""
","+    step 6 system ""exibe a listagem dos Perfis de Competencias sem o perfil de competencias excluido"" ef[3]
",HIGH,0,1,10,{'TC3'},11,LOW,"The change in the updated snippet is a formatting adjustment, specifically capitalizing the first letter of each word in 'Perfis de Competencias'. This falls under the category of low-impact edits, as it does not require reevaluation of system design, additional development effort, regression testing, or updates to user documentation.",3822
8,,src/RF006 - Gerenciar Perfis de Competencias.claret,exp01_gti-competencias_v0.1,exp01_gti-competencias_v1.0,"-    step 6 system ""exibe a listagem dos perfis de competencias com o perfil de competencias excluido""
","+    step 6 system ""exibe a listagem dos Perfis de Competencias com o perfil de competencias excluido""
",LOW,0,1,10,{'TC2'},11,LOW,"The change is a simple capitalization adjustment for stylistic purposes, which falls under the category of 'Formatting and Punctuation' in low-impact edits.",3706
9,,src/RF006 - Gerenciar Perfis de Competencias.claret,exp01_gti-competencias_v0.1,exp01_gti-competencias_v1.0,"-  	step 1 usuarioNA ""acessa a funcionalidade de gestao de perfis de competencias a partir do menu inicial""
-  	step 2 system ""exibe a listagem dos perfis de competencias cadastrados apenas para visualizacao com a opcao 'Ajuda'""
","+  	step 1 usuarioNA ""acessa a funcionalidade de gestao de Perfis de Competencias a partir do menu inicial""
+  	step 2 system ""exibe a listagem dos Perfis de Competencias cadastrados apenas para visualizacao com a opcao 'Ajuda'""
",LOW,0,1,10,{'TC1'},11,LOW,"The changes made in the updated snippet are minor and do not affect the functionality or behavior of the system. The edits involve capitalization changes in the phrase 'Perfis de Competencias', which is a formatting and punctuation adjustment. This falls under the category of low-impact edits as per the provided context.",4705
10,,src/RF006 - Gerenciar Perfis de Competencias.claret,exp01_gti-competencias_v0.1,exp01_gti-competencias_v1.0,"-  exception 1 ""Falha ao Salvar o Novo Perfil"" {
-    step 1 system ""exibe uma mensagem de erro ao tentar salvar o novo perfil, informando o campo ou a validacao que falhou""
","+  exception 1 ""Falha ao Salvar o Novo Perfil de Competencias"" {
+    step 1 system ""exibe uma mensagem de erro ao tentar salvar o novo Perfil de Competencias, informando o campo ou a validacao que falhou""
",LOW,0,2,9,"{'TC8', 'TC4'}",11,LOW,"The change involves a minor update to the use case description, specifically the addition of 'de Competencias' to the exception and system step. This modification does not significantly alter the system's functionality or design, and it can be considered a rephrasing for clarity. Therefore, it is classified as a low-impact edit.",4423
11,,src/RF006 - Gerenciar Perfis de Competencias.claret,exp01_gti-competencias_v0.1,exp01_gti-competencias_v1.0,"-  exception 2 ""Erro ao Editar Perfil"" {
-    step 1 system ""exibe uma mensagem de erro ao tentar editar o perfil, informando o campo ou a validacao que falhou""
","+  exception 2 ""Erro ao Editar Perfil de Competencias"" {
+    step 1 system ""exibe uma mensagem de erro ao tentar editar o Perfil de Competencias, informando o campo ou a validacao que falhou""
",LOW,0,2,9,"{'TC9', 'TC5'}",11,LOW,"The change involves a minor update to the exception name and the description, which is a rephrasing for clarity and does not impact the system design, development effort, or project timelines.",3791
12,,src/RF006 - Gerenciar Perfis de Competencias.claret,exp01_gti-competencias_v0.1,exp01_gti-competencias_v1.0,"-  exception 3 ""Falha na Exclusao do Perfil"" {
-    step 1 system ""exibe uma mensagem de erro ao tentar excluir o perfil""
","+  exception 3 ""Falha na Exclusao do Perfil de Competencias"" {
+    step 1 system ""exibe uma mensagem de erro ao tentar excluir o Perfil de Competencias""
",LOW,0,2,9,"{'TC6', 'TC10'}",11,LOW,"The change involves a minor update to the exception description and system message, which can be classified as rephrasing for clarity. This does not significantly impact the system design, development effort, or project timelines.",4292
13,,src/RF006 - Gerenciar Perfis de Competencias.claret,exp01_gti-competencias_v0.1,exp01_gti-competencias_v1.0,"-  postCondition ""A gestao de perfis de competencias e realizada com sucesso.""
","+  postCondition ""A gestao de Perfis de Competencias e realizada com sucesso.""
",LOW,0,2,9,"{'TC11', 'TC7'}",11,LOW,"The change is a simple capitalization adjustment, which falls under the category of 'Formatting and Punctuation' in low-impact edits. This change does not affect the system design, development effort, or project timelines.",4478
14,,src/RF007 - Gerenciar Avaliacoes.claret,exp01_gti-competencias_v0.1,exp01_gti-competencias_v1.0,,"+systemName ""GTI-Competencias""
+
+usecase ""RF007 - Gerenciar Avaliacoes"" {
+  version ""1.0"" type ""Criacao"" user ""Aislan Fernandes"" date ""03/08/2020""
+  actor lider ""Lider de Pessoas""
+  preCondition ""Lider de Pessoas esta autenticado no sistema; 
+				tem permissao para gerenciar Avaliacoes""
+
+  basic {
+    step 1 lider ""acessa a funcionalidade de gestao de Avaliacoes a partir do menu inicial""
+    step 2 system ""exibe a listagem dos Avaliacoes cadastrados com opcoes de 'Novo', 'Editar', 'Excluir' e 'Ajuda'"" 
+    step 3 lider ""clica na opcao 'Novo' para criar uma nova Avaliacao"" af[1,2,3]
+    step 4 system ""apresenta o formulario para cadastro e alteracao de Avaliacao""
+    step 5 lider  ""seleciona o 'Periodo Avaliativo' da Avaliacao""
+    step 6 system ""apresenta o campo 'Periodo Avaliativo' preenchido corretamente""
+    step 7 lider ""seleciona o 'Perfil' de competencias da Avaliacao""
+    step 8 system ""apresenta o campo 'Perfil' de competencias preenchido corretamente e
+                   apresenta o campo 'Metas' com as respectivas competencias, cada uma preenchida com nivel igual 1 (um)""
+    step 9 lider ""seleciona o colaborador a ser 'Avaliado' na Avaliacao""
+    step 10 system ""apresenta o campo 'Avaliado' preenchido corretamente""
+    step 11 lider ""Em 'Metas', insere o 'Nivel' esperado para cada competencia do perfil selecionado na Avaliacao""
+    step 12 system ""apresenta em 'Metas' os campos 'Nivel' preenchido corretamente""              
+    step 13 lider ""seleciona 'Avaliadores' da Avaliacao""
+    step 14 system ""apresenta a lista de 'Avaliadores' preenchida corretamente""
+	step 15 lider ""clica na opcao 'Salvar'""
+    step 16 system ""realiza a acao conforme a opcao selecionada pelo usuario e 
+				   retorna feedback correspondente"" ef[1,2]
+  }
+
+  alternative 1 ""Editar Avaliacao Existente"" {
+    step 1 lider ""seleciona uma Avaliacao da listagem""
+    step 2 system ""destaca a Avaliacao selecionada na listagem""
+    step 3 lider ""clica na opcao 'Editar' para modificar a Avaliacao selecionada""
+    step 4 system ""apresenta o formulario para e alteracao de Avaliacao""
+    step 5 lider ""verifica que os campos 'Periodo Avaliativo', 'Perfil' e 'Avaliado' somente leitura"" bs 11
+  }
+  
+  alternative 2 ""Confirmar Exclusao do Avaliacao"" {
+  	step 1 lider ""seleciona uma Avaliacao da listagem""
+    step 2 system ""destaca a Avaliacao selecionada na listagem""
+    step 3 lider ""clica na opcao 'Excluir' para excluir a Avaliacao selecionada"" 
+    step 4 system ""solicita confirmacao de exclusao da Avaliacao""
+    step 5 lider ""confirma a exclusao do Avaliacao""
+    step 6 system ""exibe a listagem dos Avaliacoes sem o Avaliacao excluido"" ef[3,4]
+  }
+
+  alternative 3 ""Negar Exclusao do Avaliacao"" {
+  	step 1 lider ""seleciona uma Avaliacao da listagem""
+    step 2 system ""destaca a Avaliacao selecionada na listagem""
+    step 3 lider ""clica na opcao 'Excluir' para excluir a Avaliacao selecionada""
+    step 4 system ""solicita confirmacao de exclusao da Avaliacao""
+    step 5 lider ""nao confirma a exclusao do Avaliacao""
+    step 6 system ""exibe a listagem dos Avaliacoes com o Avaliacao excluido""
+  }
+
+  exception 1 ""Falha ao Salvar a nova Avaliacao"" {
+    step 1 system ""exibe uma mensagem de erro ao tentar salvar a nova Avaliacao, informando o campo ou a validacao que falhou""
+  }
+
+  exception 2 ""Erro ao Editar Avaliacao"" {
+    step 1 system ""exibe uma mensagem de erro ao tentar editar a Avaliacao, informando o campo ou a validacao que falhou""
+  }
+
+  exception 3 ""Falha na Exclusao do Avaliacao"" {
+    step 1 system ""exibe uma mensagem de erro ao tentar excluir a Avaliacao""
+  }
+  
+  exception 4 ""Falha na Exclusao do Avaliacao: nao e o lider"" {
+    step 1 system ""exibe uma mensagem de erro ao tentar excluir a Avaliacao informando que o usuario nao e o lider""
+  }
+
+  postCondition ""A gestao de Avaliacoes e realizada com sucesso.""
+}
",HIGH,10,0,0,"{'TC8', 'TC7', 'TC9', 'TC3', 'TC6', 'TC1', 'TC5', 'TC10', 'TC4', 'TC2'}",10,LOW,"The provided update is a new use case added to the system, which does not directly impact existing system design or functionality. It is considered a low-impact edit as it does not require reevaluation of system design, additional development effort, regression testing, or updates to user documentation.",4027
15,,src/RF010 - Gerenciar Periodos Avaliativos.claret,exp01_gti-competencias_v0.1,exp01_gti-competencias_v1.0,"-				tem permissao para gerenciar perfis de competencias.""
","+				tem permissao para gerenciar Periodos Avaliativos.""
",LOW,0,11,0,"{'TC8', 'TC7', 'TC9', 'TC3', 'TC6', 'TC1', 'TC5', 'TC11', 'TC10', 'TC4', 'TC2'}",11,HIGH,"The change from 'gerenciar perfis de competencias' to 'gerenciar Periodos Avaliativos' indicates a significant alteration in the system's functionality, which may require reevaluation of system design, additional development effort, regression testing, and updates to user documentation. This change could potentially affect project timelines and resource allocation.",4047
16,,src/RF010 - Gerenciar Periodos Avaliativos.claret,exp01_gti-competencias_v0.1,exp01_gti-competencias_v1.0,"-    step 1 lider ""acessa a funcionalidade de gestao de perfis de competencias a partir do menu inicial"" af[4]
-    step 2 system ""exibe a listagem dos perfis de competencias cadastrados com opcoes de 'Novo', 'Editar', 'Excluir' e 'Ajuda'"" 
","+    step 1 lider ""acessa a funcionalidade de gestao de Periodos Avaliativos a partir do menu inicial"" af[4]
+    step 2 system ""exibe a listagem dos Periodos Avaliativos cadastrados com opcoes de 'Novo', 'Editar', 'Excluir' e 'Ajuda'"" 
",LOW,0,10,1,"{'TC8', 'TC7', 'TC9', 'TC3', 'TC6', 'TC5', 'TC11', 'TC10', 'TC4', 'TC2'}",11,HIGH,"The change involves a significant alteration in the functionality being accessed, from 'gestao de perfis de competencias' to 'gestao de Periodos Avaliativos'. This could potentially impact system design, require additional development effort, necessitate regression testing, and involve updates to user documentation. It may also affect project timelines and resource allocation.",4832
17,,src/RF010 - Gerenciar Periodos Avaliativos.claret,exp01_gti-competencias_v0.1,exp01_gti-competencias_v1.0,"-    step 7 lider ""preenche o campo 'Data Inicial e Data Final' selecionando um lider da lista""
","+    step 7 lider ""preenche o campo 'Data Inicial e Data Final' informando as respectivas datas referente ao periodo""
",LOW,0,8,3,"{'TC8', 'TC7', 'TC6', 'TC5', 'TC11', 'TC10', 'TC4', 'TC9'}",11,LOW,"The change is a rephrasing for clarity, using different words to describe the same action. The lider still fills the 'Data Inicial e Data Final' field, but the updated snippet provides more specific information about the action, i.e., informing the respective dates related to the period. This change does not affect the system design, development effort, or project timelines, and can be considered a low-impact edit.",4572
18,,src/RF010 - Gerenciar Periodos Avaliativos.claret,exp01_gti-competencias_v0.1,exp01_gti-competencias_v1.0,"-				   retorna feedback correspondente"" ef[1,2,3]
","+				   retorna feedback correspondente"" ef[1,2]
",HIGH,0,2,9,"{'TC11', 'TC7'}",11,LOW,"The change from 'ef[1,2,3]' to 'ef[1,2]' is a minor adjustment to the enumerated feedback options, which can be classified as a low-impact edit. This change does not require reevaluation of system design, additional development effort, regression testing, or updates to user documentation. It falls under the category of 'Rephrasing for Clarity' or 'Formatting and Punctuation' as described in the context, which are considered low-impact edits.",4960
19,,src/RF010 - Gerenciar Periodos Avaliativos.claret,exp01_gti-competencias_v0.1,exp01_gti-competencias_v1.0,"-    step 6 system ""exibe a listagem dos perfis de competencias sem o Periodo Avaliativo excluido""
","+    step 6 system ""exibe a listagem dos Periodos Avaliativos sem o Periodo Avaliativo excluido"" ef[3]
",HIGH,0,1,10,{'TC3'},11,HIGH,"The change involves a significant alteration in the system's behavior, as it now displays a list of 'Periodos Avaliativos' instead of 'perfis de competencias'. This modification may require reevaluation of system design, additional development effort, regression testing, and updates to user documentation, which are characteristics of high-impact edits.",4199
20,,src/RF010 - Gerenciar Periodos Avaliativos.claret,exp01_gti-competencias_v0.1,exp01_gti-competencias_v1.0,"-    step 6 system ""exibe a listagem dos perfis de competencias com o Periodo Avaliativo excluido""
","+    step 6 system ""exibe a listagem dos Periodos Avaliativos com o Periodo Avaliativo excluido""
",LOW,0,1,10,{'TC2'},11,HIGH,"The change from 'listagem dos perfis de competencias' to 'listagem dos Periodos Avaliativos' alters the system's functionality, potentially requiring reevaluation of system design, additional development effort, regression testing, and updates to user documentation. This change may also affect project timelines and resource allocation.",4073
21,,src/RF010 - Gerenciar Periodos Avaliativos.claret,exp01_gti-competencias_v0.1,exp01_gti-competencias_v1.0,"-  	step 1 usuarioNA ""acessa a funcionalidade de gestao de perfis de competencias a partir do menu inicial""
-  	step 2 system ""exibe a listagem dos perfis de competencias cadastrados apenas para visualizacao com a opcao 'Ajuda'""
","+  	step 1 usuarioNA ""acessa a funcionalidade de gestao de Periodos Avaliativos a partir do menu inicial""
+  	step 2 system ""exibe a listagem dos Periodos Avaliativos cadastrados apenas para visualizacao com a opcao 'Ajuda'""
",LOW,0,1,10,{'TC1'},11,HIGH,"The change involves a significant modification to the functionality being accessed by the user, from 'gestao de perfis de competencias' to 'gestao de Periodos Avaliativos'. This alteration may require reevaluation of system design, additional development effort, regression testing, and updates to user documentation. It may also affect project timelines and resource allocation.",4132
22,,src/RF010 - Gerenciar Periodos Avaliativos.claret,exp01_gti-competencias_v0.1,exp01_gti-competencias_v1.0,"-  postCondition ""A gestao de perfis de competencias e realizada com sucesso.""
","+  postCondition ""A gestao de Periodos Avaliativos e realizada com sucesso.""
",LOW,0,2,9,"{'TC11', 'TC7'}",11,HIGH,"The change from 'gestao de perfis de competencias' to 'gestao de Periodos Avaliativos' significantly alters the intended functionality of the use case, potentially requiring reevaluation of system design, additional development effort, regression testing, and updates to user documentation. This change may also affect project timelines and resource allocation.",4731
23,,src/RF011 - Gerenciar Competencias Portfolio.claret,exp01_gti-competencias_v0.1,exp01_gti-competencias_v1.0,"-				tem permissao para gerenciar competencias (portfolio).""
","+				tem permissao para gerenciar Competencias (Portfolio).""
",LOW,0,35,0,"{'TC7', 'TC29', 'TC30', 'TC23', 'TC6', 'TC21', 'TC31', 'TC26', 'TC22', 'TC20', 'TC34', 'TC4', 'TC16', 'TC3', 'TC18', 'TC13', 'TC9', 'TC2', 'TC25', 'TC33', 'TC24', 'TC11', 'TC32', 'TC17', 'TC14', 'TC1', 'TC10', 'TC8', 'TC19', 'TC5', 'TC27', 'TC35', 'TC12', 'TC28', 'TC15'}",35,LOW,"The change is a simple capitalization adjustment, which falls under the category of 'Formatting and Punctuation' in low-impact edits. This change does not affect the meaning or functionality of the requirement and can be considered as part of routine document maintenance.",4286
24,,src/RF011 - Gerenciar Competencias Portfolio.claret,exp01_gti-competencias_v0.1,exp01_gti-competencias_v1.0,"-    step 1 lider ""acessa a funcionalidade de gestao de competencias (portfolio) a partir do menu inicial"" af[4]
-    step 2 system ""exibe a listagem dos competencias (portfolio) cadastrados com opcoes de 'Novo', 'Editar', 'Excluir' e 'Ajuda'"" 
","+    step 1 lider ""acessa a funcionalidade de gestao de Competencias (Portfolio) a partir do menu inicial"" af[4]
+    step 2 system ""exibe a listagem dos Competencias (Portfolio) cadastrados com opcoes de 'Novo', 'Editar', 'Excluir' e 'Ajuda'"" 
",LOW,0,34,1,"{'TC7', 'TC29', 'TC30', 'TC23', 'TC6', 'TC21', 'TC31', 'TC26', 'TC22', 'TC20', 'TC34', 'TC4', 'TC16', 'TC3', 'TC18', 'TC13', 'TC9', 'TC2', 'TC25', 'TC33', 'TC24', 'TC11', 'TC32', 'TC17', 'TC14', 'TC10', 'TC8', 'TC19', 'TC5', 'TC27', 'TC35', 'TC12', 'TC28', 'TC15'}",35,LOW,"The change is a simple capitalization adjustment for clarity, which aligns with the 'Rephrasing for Clarity' category of low-impact edits.",4202
25,,src/RF011 - Gerenciar Competencias Portfolio.claret,exp01_gti-competencias_v0.1,exp01_gti-competencias_v1.0,"-    step 4 system ""apresenta o formulario para cadastro e alteracao de competecias (portfolio)""
","+    step 4 system ""apresenta o formulario para cadastro e alteracao de Competencias (Portfolio)""
",LOW,0,32,3,"{'TC7', 'TC29', 'TC30', 'TC23', 'TC6', 'TC21', 'TC31', 'TC26', 'TC22', 'TC20', 'TC34', 'TC4', 'TC16', 'TC18', 'TC13', 'TC9', 'TC25', 'TC33', 'TC24', 'TC11', 'TC32', 'TC17', 'TC14', 'TC10', 'TC8', 'TC19', 'TC5', 'TC27', 'TC35', 'TC12', 'TC28', 'TC15'}",35,LOW,"The change is a simple capitalization adjustment for clarity and readability, which falls under the category of low-impact edits.",4056
26,,src/RF011 - Gerenciar Competencias Portfolio.claret,exp01_gti-competencias_v0.1,exp01_gti-competencias_v1.0,"-				   retorna feedback correspondente"" ef[1,2,3]
","+				   retorna feedback correspondente"" ef[1,2]
",HIGH,0,8,27,"{'TC7', 'TC23', 'TC19', 'TC31', 'TC27', 'TC35', 'TC11', 'TC15'}",35,LOW,"The change involves removing an option from a list of possible feedback codes, which is a minor adjustment and does not require reevaluation of system design, additional development effort, regression testing, or updates to user documentation. This change falls under the category of 'Rephrasing for Clarity' or 'Formatting and Punctuation' as described in the provided context, which are considered low-impact edits.",4253
27,,src/RF011 - Gerenciar Competencias Portfolio.claret,exp01_gti-competencias_v0.1,exp01_gti-competencias_v1.0,"-  alternative 1 ""Editar competecias (portfolio) Existente"" {
-    step 1 lider ""seleciona um competecias (portfolio) da listagem""
-    step 2 system ""destaca o competecias (portfolio) selecionado na listagem""
-    step 3 lider ""clica na opcao 'Editar' para modificar o competecias (portfolio) selecionado"" bs 4
","+  alternative 1 ""Editar Competencias (Portfolio) Existente"" {
+    step 1 lider ""seleciona um Competencias (Portfolio) da listagem""
+    step 2 system ""destaca o Competencias (Portfolio) selecionado na listagem""
+    step 3 lider ""clica na opcao 'Editar' para modificar o Competencias (Portfolio) selecionado"" bs 4
",LOW,0,16,19,"{'TC8', 'TC7', 'TC19', 'TC11', 'TC6', 'TC18', 'TC14', 'TC17', 'TC13', 'TC5', 'TC12', 'TC10', 'TC4', 'TC9', 'TC15', 'TC16'}",35,LOW,"The change is a simple rephrasing for clarity, using capitalization for consistency. This does not affect the system design, development effort, testing, or user documentation, and thus is classified as a low-impact edit.",4657
28,,src/RF011 - Gerenciar Competencias Portfolio.claret,exp01_gti-competencias_v0.1,exp01_gti-competencias_v1.0,"-  alternative 2 ""Confirmar Exclusao do competecias (portfolio)"" {
-  	step 1 lider ""seleciona um competecias (portfolio) da listagem""
-    step 2 system ""destaca o competecias (portfolio) selecionado na listagem""
-    step 3 lider ""clica na opcao 'Excluir' para excluir o competecias (portfolio) selecionado""
","+  alternative 2 ""Confirmar Exclusao do Competencias (Portfolio)"" {
+  	step 1 lider ""seleciona um Competencias (Portfolio) da listagem""
+    step 2 system ""destaca o Competencias (Portfolio) selecionado na listagem""
+    step 3 lider ""clica na opcao 'Excluir' para excluir o Competencias (Portfolio) selecionado""
",LOW,0,2,33,"{'TC3', 'TC2'}",35,LOW,"The change is a simple rephrasing of the term 'competecias' to 'Competencias' and capitalization of 'Portfolio'. This does not affect the system design, development effort, or project timelines, and can be considered a low-impact edit.",4420
29,,src/RF011 - Gerenciar Competencias Portfolio.claret,exp01_gti-competencias_v0.1,exp01_gti-competencias_v1.0,"-    step 6 system ""exibe a listagem dos competencias (portfolio) sem o competecias (portfolio) excluido""
","+    step 6 system ""exibe a listagem dos Competencias (Portfolio) sem o Competencias (Portfolio) excluido"" ef[3]
",HIGH,0,1,34,{'TC3'},35,LOW,The change is a simple capitalization adjustment for clarity and does not affect the functional requirement or system behavior.,4136
30,,src/RF011 - Gerenciar Competencias Portfolio.claret,exp01_gti-competencias_v0.1,exp01_gti-competencias_v1.0,"-  alternative 3 ""Negar Exclusao do competecias (portfolio)"" {
-  	step 1 lider ""seleciona um competecias (portfolio) da listagem""
-    step 2 system ""destaca o competecias (portfolio) selecionado na listagem""
-    step 3 lider ""clica na opcao 'Excluir' para excluir o competecias (portfolio) selecionado""
","+  alternative 3 ""Negar Exclusao do Competencias (Portfolio)"" {
+  	step 1 lider ""seleciona um Competencias (Portfolio) da listagem""
+    step 2 system ""destaca o Competencias (Portfolio) selecionado na listagem""
+    step 3 lider ""clica na opcao 'Excluir' para excluir o Competencias (Portfolio) selecionado""
",LOW,0,2,33,"{'TC3', 'TC2'}",35,LOW,"The change is a simple rephrasing of the term 'competecias' to 'Competencias' and capitalization of 'Portfolio'. This does not affect the system design, development effort, or project timelines, and can be considered as part of routine document maintenance.",4406
31,,src/RF011 - Gerenciar Competencias Portfolio.claret,exp01_gti-competencias_v0.1,exp01_gti-competencias_v1.0,"-    step 6 system ""exibe a listagem dos competencias (portfolio) com o competecias (portfolio) excluido""
","+    step 6 system ""exibe a listagem dos Competencias (Portfolio) com o Competencias (Portfolio) excluido""
",LOW,0,1,34,{'TC2'},35,LOW,"The change is a simple capitalization adjustment for stylistic purposes, which aligns with the 'Formatting and Punctuation' category of low-impact edits.",3808
32,,src/RF011 - Gerenciar Competencias Portfolio.claret,exp01_gti-competencias_v0.1,exp01_gti-competencias_v1.0,"-  	step 1 usuarioNA ""acessa a funcionalidade de gestao de competencias (portfolio) a partir do menu inicial""
-  	step 2 system ""exibe a listagem dos competencias (portfolio) cadastrados apenas para visualizacao com a opcao 'Ajuda'""
","+  	step 1 usuarioNA ""acessa a funcionalidade de gestao de Competencias (Portfolio) a partir do menu inicial""
+  	step 2 system ""exibe a listagem dos Competencias (Portfolio) cadastrados apenas para visualizacao com a opcao 'Ajuda'""
",LOW,0,1,34,{'TC1'},35,LOW,"The change is a simple capitalization update in the use case snippets, which falls under the category of 'Rephrasing for Clarity' or 'Formatting and Punctuation' as per the provided context. These types of edits are considered low-impact as they do not require reevaluation of system design, additional development effort, regression testing, or updates to user documentation.",4132
33,,src/RF011 - Gerenciar Competencias Portfolio.claret,exp01_gti-competencias_v0.1,exp01_gti-competencias_v1.0,"-  postCondition ""A gestao de competencias (portfolio) e realizada com sucesso.""
","+  postCondition ""A gestao de Competencias (Portfolio) e realizada com sucesso.""
",LOW,0,8,27,"{'TC7', 'TC23', 'TC19', 'TC31', 'TC27', 'TC35', 'TC11', 'TC15'}",35,LOW,"The change is a simple capitalization adjustment, which falls under the category of 'Formatting and Punctuation' in low-impact edits. This change does not affect the system design, development effort, or project timelines.",3738
34,,src/RF012 - Ajuda.claret,exp01_gti-competencias_v0.1,exp01_gti-competencias_v1.0,,"+systemName ""GTI-Competencias""
+
+usecase ""RF012 - Ajuda"" {
+  version ""1.0"" type ""Criacao"" user ""Aislan Fernandes"" date ""20/07/2020""
+  actor lider ""Lider de Pessoas""
+  actor usuarioNA ""Usuario Nao-Autenticado""
+  preCondition ""Lider de Pessoas esta autenticado no sistema""
+
+  basic {
+    step 1 lider ""acessa a funcionalidade de gestao de Perfis de Competencias a partir do menu inicial"" af[1,2,3,4]
+    step 2 system ""exibe a listagem dos Perfis de Competencias cadastrados com opcoes de 'Novo', 'Editar', 'Excluir' e 'Ajuda'"" 
+    step 3 lider ""clica na opcao 'Ajuda' para visualizar a ajuda da gestao de Perfis de Competencias""
+    step 4 system ""apresenta um painel lateral com a ajuda contextual, dividido em quatro partes: 
+				   'Glossario', 'Funcionalidades', 'Validacoes' e 'Permissoes do Usuario'"" 
+  }
+  
+  alternative 1 ""Ajuda contextual na gestao de Periodos Avaliativos"" {
+  	step 1 lider ""acessa a funcionalidade de gestao de Periodos Avaliativos a partir do menu inicial""
+    step 2 system ""exibe a listagem dos Periodos Avaliativos cadastrados com opcoes de 'Novo', 'Editar', 'Excluir' e 'Ajuda'"" 
+    step 3 lider ""clica na opcao 'Ajuda' para visualizar a ajuda da gestao de Periodos Avaliativos"" bs 4
+  }
+  
+  alternative 2 ""Ajuda contextual na gestao de Competencias (portfolio)"" {
+  	step 1 lider ""acessa a funcionalidade de gestao de Competencias (portfolio) a partir do menu inicial""
+    step 2 system ""exibe a listagem das Competencias (portfolio) cadastradas com opcoes de 'Novo', 'Editar', 'Excluir' e 'Ajuda'"" 
+    step 3 lider ""clica na opcao 'Ajuda' para visualizar a ajuda da gestao de Competencias (portfolio)"" bs 4
+  }
+  
+  alternative 3 ""Ajuda contextual na gestao de Avaliacoes"" {
+  	step 1 lider ""acessa a funcionalidade de gestao de Avaliacoes a partir do menu inicial""
+    step 2 system ""exibe a listagem das Avaliacoes cadastradas com opcoes de 'Novo', 'Editar', 'Excluir' e 'Ajuda'"" 
+    step 3 lider ""clica na opcao 'Ajuda' para visualizar a ajuda da gestao de Avaliacoes"" bs 4
+  }
+  
+  alternative 4 ""Ajuda contextual na gestao de Niveis das Competencias"" {
+  	step 1 lider ""acessa a funcionalidade de gestao de Niveis das Competencias a partir do menu inicial""
+    step 2 system ""exibe a listagem dos Niveis das Competencias cadastradas com opcoes de 'Novo', 'Editar', 'Excluir' e 'Ajuda'"" 
+    step 3 lider ""clica na opcao 'Ajuda' para visualizar a ajuda da gestao de Niveis das Competencias"" bs 4
+  }
+ 
+  postCondition ""A Ajuda e apresentada com sucesso.""
+}
",HIGH,5,0,0,"{'TC3', 'TC1', 'TC5', 'TC4', 'TC2'}",5,LOW,"The provided change is a new use case addition, which does not directly impact existing system design or functionality. It is classified as a low-impact edit as it does not require reevaluation of system design, additional development effort, regression testing, or updates to user documentation.",4197
35,,src/RF013 - Gerenciar Niveis das Competencias.claret,exp01_gti-competencias_v0.1,exp01_gti-competencias_v1.0,,"+systemName ""GTI-Competencias""
+
+usecase ""RF013 - Gerenciar Niveis das Competencias"" {
+  version ""1.0"" type ""Criacao"" user ""Aislan Fernandes"" date ""11/08/2020""
+  actor lider ""Lider de Pessoas""
+  actor usuarioNA ""Usuario Nao-Autenticado""
+  preCondition ""Lider de Pessoas esta autenticado no sistema e 
+				tem permissao para gerenciar Niveis das Competencias.""
+
+  basic {
+    step 1 lider ""acessa a funcionalidade de gestao de Niveis das Competencias a partir do menu inicial"" af[4]
+    step 2 system ""exibe a listagem dos Niveis das Competencias cadastrados com opcoes de 'Novo', 'Editar', 'Excluir' e 'Ajuda'"" 
+    step 3 lider ""clica na opcao 'Novo' para criar um novo Niveis das Competencias"" af[1,2,3]
+    step 4 system ""apresenta o formulario para cadastro e alteracao de Niveis das Competencias""
+    step 5 lider ""preenche o campo 'Nome' com dados validos""
+    step 6 system ""apresenta o campo 'Nome' preenchido corretamente""
+    step 7 lider ""preenche o campo 'Valor' com um numero inteiro referente a pontuacao a ser obtida no atendimento do respectivo nivel""
+    step 8 system ""apresenta o campo 'Valor' preenchido corretamente""
+    step 9 lider ""preenche o campo 'Descricao' com a descricao do nivel de competencia""
+    step 10 system ""apresenta o campo 'Descricao' preenchido corretamente""
+	step 11 lider ""clica na opcao 'Salvar'""
+    step 12 system ""realiza a acao conforme a opcao selecionada pelo usuario e 
+				   retorna feedback correspondente"" ef[1,2]
+  }
+
+  alternative 1 ""Editar Nivel das Competencias Existente"" {
+    step 1 lider ""seleciona um Nivel das Competencias da listagem""
+    step 2 system ""destaca o Nivel das Competencias selecionado na listagem""
+    step 3 lider ""clica na opcao 'Editar' para modificar o Nivel das Competencias selecionado"" bs 4
+  }
+  
+  alternative 2 ""Confirmar Exclusao do Nivel das Competencias"" {
+  	step 1 lider ""seleciona um Nivel das Competencias da listagem""
+    step 2 system ""destaca o Nivel das Competencias selecionado na listagem""
+    step 3 lider ""clica na opcao 'Excluir' para excluir o Nivel das Competencias selecionado""
+    step 4 system ""solicita confirmacao de exclusao""
+    step 5 lider ""confirma a exclusao do Nivel das Competencias""
+    step 6 system ""exibe a listagem dos Niveis das Competencias sem o Nivel das Competencias excluido"" ef[3]
+  }
+
+  alternative 3 ""Negar Exclusao do Nivel das Competencias"" {
+  	step 1 lider ""seleciona um Nivel das Competencias da listagem""
+    step 2 system ""destaca o Nivel das Competencias selecionado na listagem""
+    step 3 lider ""clica na opcao 'Excluir' para excluir o Nivel das Competencias selecionado""
+    step 4 system ""solicita confirmacao de exclusao""
+    step 5 lider ""nao confirma a exclusao do Nivel das Competencias""
+    step 6 system ""exibe a listagem dos Niveis das Competencias com o Nivel das Competencias excluido""
+  }
+  
+  alternative 4 ""Modo de visualizacao para usuarios nao-autenticados"" {
+  	step 1 usuarioNA ""acessa a funcionalidade de gestao de Niveis das Competencias a partir do menu inicial""
+  	step 2 system ""exibe a listagem dos Niveis das Competencias cadastrados apenas para visualizacao com a opcao 'Ajuda'""
+  }
+
+  exception 1 ""Falha ao Salvar o Novo Nivel das Competencias"" {
+    step 1 system ""exibe uma mensagem de erro ao tentar salvar o novo Nivel das Competencias, informando o campo ou a validacao que falhou""
+  }
+
+  exception 2 ""Erro ao Editar Nivel das Competencias"" {
+    step 1 system ""exibe uma mensagem de erro ao tentar editar o Nivel das Competencias, informando o campo ou a validacao que falhou""
+  }
+
+  exception 3 ""Falha na Exclusao do Nivel das Competencias"" {
+    step 1 system ""exibe uma mensagem de erro ao tentar excluir o Nivel das Competencias""
+  }
+
+  postCondition ""A gestao de Niveis das Competencias e realizada com sucesso.""
+}
",HIGH,10,0,0,"{'TC8', 'TC7', 'TC9', 'TC3', 'TC6', 'TC1', 'TC5', 'TC10', 'TC4', 'TC2'}",10,LOW,"The provided change is a new use case addition, which does not directly impact existing system design or functionality. It can be considered as part of routine document maintenance and does not require significant reevaluation of system design, additional development effort, regression testing, or updates to user documentation.",4539
36,,src/RF005 - Visualizar Status do Processo.claret,exp01_gti-competencias_v1.0,exp01_gti-competencias_v1.1,,"+systemName ""GTI-Competencias""
+
+usecase ""RF005 - Visualizar Status do Processo"" {
+  version ""1.1"" type ""Criacao"" user ""Aislan Fernandes"" date ""08/10/2020""
+  actor usuarioNA ""Usuario Nao-Autenticado""
+  preCondition ""Usuario nao-autenticado no sistema se encontra na tela inicial do sistema""  
+  basic {
+    step 1 usuarioNA ""acessa a funcionalidade para visualizar o status do PGDC""
+    step 2 system ""apresenta o campo 'Periodo Avaliativo' para ser escolhido pelo usuario"" ef[1]
+    step 3 usuarioNA ""escolhe no campo 'Periodo Avaliativo' o ano correspondente""
+    step 4 system ""exibe na pagina uma tabela contendo as informacoes (basicamente listagem dos perfis de competencias - cf. RF006): 
+                   Perfil de Competencias; Unidade de Trabalho; Gerente do Desempenho; e, Situacao.""
+  }
+  exception 1 ""Nao existem Periodos Avaliativos Cadastrados"" {
+  	step 1 system ""exibe uma mensagem de erro informando que nao existem Periodos Avaliativos cadastrados""
+  }
+  postCondition ""Usuario visualiza a tabela das Permissoes concedidas ao seu usuario""
+}
",HIGH,2,0,0,"{'TC1', 'TC2'}",2,LOW,"The provided change is a new use case addition, which does not directly impact existing system design, development effort, or project timelines. It is considered a low-impact edit as it involves adding new functionality rather than modifying existing requirements.",3869
37,,src/RF008 - Gerenciar Respostas de Avaliacoes.claret,exp01_gti-competencias_v1.0,exp01_gti-competencias_v1.1,,"+systemName ""GTI-Competencias""
+
+usecase ""RF008 - Gerenciar Respostas de Avaliacoes"" {
+  version ""1.1"" type ""Criacao"" user ""Aislan Fernandes"" date ""03/12/2020""
+  actor avaliador ""Avaliador de Pessoas""
+  preCondition ""Avaliador de Pessoas esta autenticado no sistema; e, tem permissao para gerenciar Respostas de Avaliacoes""
+
+  basic {
+    step 1 avaliador ""acessa a funcionalidade de Avaliacoes a partir do menu inicial""
+    step 2 system ""exibe a listagem das Avaliacoes cadastradas com a opcao 'Formulario' dentre as varias listadas"" 
+    step 3 avaliador ""com uma avaliacao selecionada, clica na opcao 'Formulario' para criar uma nova Avaliacao""
+    step 4 system ""apresenta o formulario para cadastro e alteracao de Respostas de Avaliacao"" ef[1]
+    step 5 avaliador  ""seleciona o 'Nivel da Competencia' da Avaliacao (1 a 4) para cada Perfil de Competencias avaliado""
+    step 6 system ""apresenta o campo 'Nivel da Competencia' preenchido corretamente""
+    step 7 avaliador ""adiciona 'Apontamentos' sobre a avaliacao para cada Perfil de Competencias avaliado""
+    step 8 system ""apresenta os 'Apontamentos' preenchidos corretamente""
+	step 9 avaliador ""clica na opcao 'Salvar'"" af[1]
+    step 10 system ""realiza a acao conforme a opcao selecionada pelo usuario e 
+				   retorna feedback correspondente"" ef[2,3]
+  }
+
+  exception 1 ""Nao e um dos avaliadores"" {
+    step 1 system ""exibe uma mensagem de erro informando ao usuario que nao e um dos avaliadores""
+  }
+  
+  exception 2 ""Falha ao Salvar a nova Avaliacao"" {
+    step 1 system ""exibe uma mensagem de erro ao tentar salvar, informando o campo ou a validacao que falhou""
+  }
+
+  exception 3 ""Erro ao Editar Avaliacao"" {
+    step 1 system ""exibe uma mensagem de erro ao tentar editar, informando o campo ou a validacao que falhou""
+  }
+  
+  alternative 1 ""Resolve 'limpar' a Resposta de Avaliacao"" {
+    step 1 avaliador ""clica na opcao 'Excluir' para cada Perfil de Competencias avaliado""
+    step 2 system ""limpa os campos apresentados 'Nivel da Competencia' e 'Apontamentos' apresentados na tela para cada Perfil de Competencias avaliado""
+    step 5 avaliador ""verifica que os campos 'Nivel da Competencia' e 'Apontamentos' estao limpos"" bs 5 
+  }
+
+  postCondition ""A gestao de Respostas de Avaliacoes e realizada com sucesso.""
+}
",HIGH,7,0,0,"{'TC7', 'TC3', 'TC6', 'TC1', 'TC5', 'TC4', 'TC2'}",7,LOW,"The provided update is a new use case addition, which does not directly impact existing system design or require significant development effort. It involves adding a new functionality, 'Gerenciar Respostas de Avaliacoes', which can be considered as part of routine document maintenance and does not necessitate comprehensive evaluation or coordination.",4145
38,,src/RF009 - Gerenciar Resultados de Avaliacoes.claret,exp01_gti-competencias_v1.0,exp01_gti-competencias_v1.1,,"+systemName ""GTI-Competencias""
+
+usecase ""RF009 - Gerenciar Resultados de Avaliacoes"" {
+  version ""1.1"" type ""Criacao"" user ""Aislan Fernandes"" date ""30/11/2020""
+  actor lider ""Lider de Pessoas""
+  preCondition ""Lider de Pessoas esta autenticado no sistema; e, tem permissao para gerenciar Resultados de Avaliacoes""
+
+  basic {
+    step 1 lider ""acessa a funcionalidade de Avaliacoes a partir do menu inicial""
+    step 2 system ""exibe a listagem das Avaliacoes cadastradas com a opcao 'Resultado' dentre as varias listadas"" 
+    step 3 lider ""com uma avaliacao selecionada, clica na opcao 'Resultados' para efetivar o feedback""
+    step 4 system ""apresenta o formulario para cadastro da Ata de Reuniao""
+    step 5 lider  ""seleciona o 'Ata de Reuniao de Feedback' da Avaliacao (1 a 4) para cada Perfil de Competencias avaliado""
+    step 6 system ""apresenta o campo 'Ata de Reuniao de Feedback' preenchido corretamente""
+	step 7 lider ""clica na opcao 'Salvar'"" af[1]
+    step 8 system ""realiza a acao conforme a opcao selecionada pelo usuario e 
+				   retorna feedback correspondente"" ef[1,2]
+  }
+
+  exception 1 ""Falha ao Salvar a nova Avaliacao"" {
+    step 1 system ""exibe uma mensagem de erro ao tentar salvar, informando o campo ou a validacao que falhou""
+  }
+
+  exception 2 ""Erro ao Editar Avaliacao"" {
+    step 1 system ""exibe uma mensagem de erro ao tentar editar, informando o campo ou a validacao que falhou""
+  }
+  
+  alternative 1 ""Encerrar definitivamente"" {
+    step 1 lider ""clica na opcao 'Encerrar' para a Avaliacao de Competencias""
+    step 2 system ""apresenta o campo 'Ata de Reuniao de Feedback'""
+  }
+
+  postCondition ""A gestao de Resultados de Avaliacoes e realizada com sucesso.""
+}
",HIGH,4,0,0,"{'TC3', 'TC1', 'TC4', 'TC2'}",4,LOW,"The provided update is a new use case addition, which does not directly impact existing system design or functionality. It is classified as a low-impact edit as it does not require reevaluation of system design, additional development effort, regression testing, or updates to user documentation. However, it may necessitate minor adjustments to project timelines and resource allocation.",4097
39,,src/RF011 - Gerenciar Competencias Portfolio.claret,exp01_gti-competencias_v1.0,exp01_gti-competencias_v1.1,"-    step 2 system ""exibe a listagem dos Competencias (Portfolio) cadastrados com opcoes de 'Novo', 'Editar', 'Excluir' e 'Ajuda'"" 
","+    step 2 system ""exibe a listagem das Competencias (Portfolio) cadastradas com opcoes de 'Novo', 'Editar', 'Excluir' e 'Ajuda'"" 
",LOW,0,27,1,"{'TC7', 'TC23', 'TC6', 'TC21', 'TC26', 'TC22', 'TC20', 'TC4', 'TC16', 'TC3', 'TC18', 'TC13', 'TC9', 'TC2', 'TC25', 'TC24', 'TC11', 'TC17', 'TC14', 'TC10', 'TC8', 'TC19', 'TC5', 'TC27', 'TC12', 'TC28', 'TC15'}",28,LOW,"The change is a simple grammatical adjustment to match the gender of the noun in the sentence, which does not alter the intended functionality or system design. This falls under the category of 'Rephrasing for Clarity' or 'Formatting and Punctuation' as described in the context, which are considered low-impact edits.",4836
40,,src/RF011 - Gerenciar Competencias Portfolio.claret,exp01_gti-competencias_v1.0,exp01_gti-competencias_v1.1,"-    step 2 system ""destaca o Competencias (Portfolio) selecionado na listagem""
-    step 3 lider ""clica na opcao 'Editar' para modificar o Competencias (Portfolio) selecionado"" bs 4
","+    step 2 system ""destaca a Competencia (Portfolio) selecionada na listagem""
+    step 3 lider ""clica na opcao 'Editar' para modificar a Competencia (Portfolio) selecionada"" bs 4
",LOW,0,12,16,"{'TC8', 'TC7', 'TC11', 'TC6', 'TC14', 'TC13', 'TC5', 'TC12', 'TC10', 'TC9', 'TC15', 'TC16'}",28,LOW,"The change is a simple grammatical adjustment from plural to singular, which does not affect the overall functionality or design of the system. It falls under the category of 'Rephrasing for Clarity' and 'Formatting and Punctuation' as described in the context, which are considered low-impact edits.",4571
41,,src/RF011 - Gerenciar Competencias Portfolio.claret,exp01_gti-competencias_v1.0,exp01_gti-competencias_v1.1,"-    step 2 system ""destaca o Competencias (Portfolio) selecionado na listagem""
-    step 3 lider ""clica na opcao 'Excluir' para excluir o Competencias (Portfolio) selecionado""
","+    step 2 system ""destaca a Competencia (Portfolio) selecionada na listagem""
+    step 3 lider ""clica na opcao 'Excluir' para excluir a Competencia (Portfolio) selecionada""
",LOW,0,3,25,"{'TC3', 'TC4', 'TC2'}",28,LOW,"The change is a rephrasing for clarity, specifically a gender agreement adjustment in the Portuguese language. This does not affect the system design, development effort, or project timelines.",4033
42,,src/RF011 - Gerenciar Competencias Portfolio.claret,exp01_gti-competencias_v1.0,exp01_gti-competencias_v1.1,"-    step 6 system ""exibe a listagem dos Competencias (Portfolio) sem o Competencias (Portfolio) excluido"" ef[3]
","+    step 6 system ""exibe a listagem das Competencias (Portfolio) sem a Competencia (Portfolio) excluida"" ef[3]
",LOW,0,1,27,{'TC3'},28,LOW,"The change is a minor rephrasing for grammatical correctness, which aligns with the 'Rephrasing for Clarity' category of low-impact edits. The change does not affect the system design, development effort, or project timelines.",4442
43,,src/RF011 - Gerenciar Competencias Portfolio.claret,exp01_gti-competencias_v1.0,exp01_gti-competencias_v1.1,"-    step 2 system ""destaca o Competencias (Portfolio) selecionado na listagem""
-    step 3 lider ""clica na opcao 'Excluir' para excluir o Competencias (Portfolio) selecionado""
","+    step 2 system ""destaca a Competencia (Portfolio) selecionada na listagem""
+    step 3 lider ""clica na opcao 'Excluir' para excluir a Competencia (Portfolio) selecionada""
",LOW,0,3,25,"{'TC3', 'TC4', 'TC2'}",28,LOW,"The change is a rephrasing for clarity, specifically a gender agreement correction in the use of articles and adjectives. This does not affect the system design, development effort, or project timelines.",3731
44,,src/RF011 - Gerenciar Competencias Portfolio.claret,exp01_gti-competencias_v1.0,exp01_gti-competencias_v1.1,"-    step 6 system ""exibe a listagem dos Competencias (Portfolio) com o Competencias (Portfolio) excluido""
","+    step 6 system ""exibe a listagem das Competencias (Portfolio) com a Competencia (Portfolio) excluida""
",LOW,0,1,27,{'TC2'},28,LOW,The change is a singular to plural correction in the noun 'Competencias' and a gender agreement correction in the article 'a' and the noun 'excluida'. This type of change is classified as 'Rephrasing for Clarity' and is considered a low-impact edit.,4751
45,,src/RF011 - Gerenciar Competencias Portfolio.claret,exp01_gti-competencias_v1.0,exp01_gti-competencias_v1.1,"-  	step 2 system ""exibe a listagem dos Competencias (Portfolio) cadastrados apenas para visualizacao com a opcao 'Ajuda'""
","+  	step 2 system ""exibe a listagem das Competencias (Portfolio) cadastradas apenas para visualizacao com a opcao 'Ajuda'""
",LOW,0,1,27,{'TC1'},28,LOW,"The change is a simple grammatical adjustment to match the gender of the noun in the sentence, which does not alter the intended functionality or behavior of the system. This type of edit is classified as low-impact, as it does not require reevaluation of system design, additional development effort, regression testing, or updates to user documentation.",4544
46,,src/RF014 - Administrador de Dados.claret,exp01_gti-competencias_v1.0,exp01_gti-competencias_v1.1,,"+systemName ""GTI-Competencias""
+
+usecase ""RF014 - Administrador de Dados"" {
+  version ""1.1"" type ""Criacao"" user ""Aislan Fernandes"" date ""02/12/2020""
+  actor admin ""Administrador""
+  preCondition ""Administrador esta autenticado no sistema; e, tem permissao para alterar Gerente de Desempenho""
+
+  basic {
+    step 1 admin ""acessa a funcionalidade de Catalogo (Perfis) de Competencias a partir do menu inicial""
+    step 2 system ""exibe a listagem das Catalogo (Perfis) de Competencias cadastradas com a opcao 'Alterar Gerente' dentre as varias listadas"" 
+    step 3 admin ""com um perfil selecionado, clica na opcao 'Alterar Gerente' para efetivar a mudanca""
+    step 4 system ""apresenta o formulario para cadastro do novo Gerente de Desempenho""
+    step 5 admin  ""preenche o campo 'Login do Novo Gerente de Desempenho' do novo Gerente de Desempenho para o Perfil de Competencias ""
+    step 6 system ""apresenta o campo 'Login do Novo Gerente de Desempenho' preenchido corretamente""
+	step 7 admin ""clica na opcao 'Confirmar'"" af[1]
+    step 8 system ""realiza a acao conforme a opcao selecionada pelo usuario e 
+				   retorna feedback correspondente"" ef[1,2]
+  }
+
+  exception 1 ""Falha ao Salvar o novo Gerente de Desempenho"" {
+    step 1 system ""exibe uma mensagem de erro ao tentar salvar, informando o campo ou a validacao que falhou""
+  }
+  
+  alternative 1 ""Encerrar definitivamente"" {
+    step 1 admin ""clica na opcao 'Cancelar'""
+    step 2 system ""apresenta o Catalogo (Perfis) de Competencias cadastradas sem nenhuma alteracao""
+  }
+
+  postCondition ""A alteracao do Gerente de Desempenho e realizada com sucesso.""
+}
",HIGH,3,0,0,"{'TC3', 'TC1', 'TC2'}",3,LOW,"The provided update is a new use case addition, which does not directly impact existing system design or functionality. It is considered a low-impact edit as it does not require reevaluation of system design, additional development effort, regression testing, or updates to user documentation. However, it may necessitate minor adjustments to project timelines and resource allocation.",5071
47,src/RF005 - Visualizar Status do Processo.claret,src/RF004 - Visualizar Painel do Desempenho.claret,exp01_gti-competencias_v1.1,exp01_gti-competencias_v1.2,"-  preCondition ""Usuario nao-autenticado no sistema se encontra na tela inicial do sistema""  
","+  preCondition ""Usuario nao-autenticado no sistema""  
",LOW,0,2,0,"{'TC1', 'TC2'}",2,LOW,"The change involves removing the phrase 'se encontra na tela inicial do sistema' from the precondition, which can be classified as a 'Rephrasing for Clarity' edit. This type of edit is considered low-impact as it does not affect the system design, development effort, or project timelines.",4354
48,src/RF005 - Visualizar Status do Processo.claret,src/RF004 - Visualizar Painel do Desempenho.claret,exp01_gti-competencias_v1.1,exp01_gti-competencias_v1.2,"-    step 1 usuarioNA ""acessa a funcionalidade para visualizar o status do PGDC""
","+    step 1 usuarioNA ""acessa a tela inicial do sistema"" af[1]
",HIGH,0,2,0,"{'TC1', 'TC2'}",2,HIGH,"The change involves a significant modification to the user action, altering the functionality accessed by the user. This could potentially impact system design, development effort, testing, and user documentation, which are characteristics of high-impact edits.",4212
49,src/RF005 - Visualizar Status do Processo.claret,src/RF004 - Visualizar Painel do Desempenho.claret,exp01_gti-competencias_v1.1,exp01_gti-competencias_v1.2,,"+  
+  alternative 1 ""Retornando a tela inicial pelo menu do sistema"" {
+  	step 1 usuarioNA ""acessa a opcao 'Inicio (Painel)'"" bs 2
+  }
+  
",HIGH,2,0,2,"{'TC1', 'TC2'}",4,LOW,"The change involves adding an alternative flow to a use case, which is a formatting and structuring adjustment. This does not require reevaluation of system design, additional development effort, regression testing, or updates to user documentation. Therefore, it is classified as a low-impact edit.",4327
50,,src/RF009 - Gerenciar Resultados de Avaliacoes.claret,exp01_gti-competencias_v1.1,exp01_gti-competencias_v1.2,"-    step 3 lider ""com uma avaliacao selecionada, clica na opcao 'Resultados' para efetivar o feedback""
","+    step 3 lider ""com uma avaliacao selecionada, clica na opcao 'Resultado' para efetivar o feedback""
",LOW,0,4,0,"{'TC3', 'TC1', 'TC4', 'TC2'}",4,LOW,"The change from 'Resultados' to 'Resultado' is a minor spelling correction, which falls under the category of 'Rephrasing for Clarity' in low-impact edits. This change does not require reevaluation of system design, additional development effort, regression testing, or updates to user documentation.",4280
51,,src/RF009 - Gerenciar Resultados de Avaliacoes.claret,exp01_gti-competencias_v1.1,exp01_gti-competencias_v1.2,"-	step 7 lider ""clica na opcao 'Salvar'"" af[1]
-    step 8 system ""realiza a acao conforme a opcao selecionada pelo usuario e 
","+    step 7 lider ""verifica a presenca (somente leitura) do detalhe de cada competencia avaliada""
+    step 8 system ""apresenta os detalhes de cada competencia, incluindo: 
+                   - a descricao da competencia;
+                   - o valor da autoavaliacao, a media das notas dos avaliadores e o valor da meta do avaliado;
+                   - os niveis de avaliacao para aquela competencia; e,
+                   - os apontamentos.""
+	step 9 lider ""clica na opcao 'Salvar'"" af[1]
+    step 10 system ""realiza a acao conforme a opcao selecionada pelo usuario e 
",HIGH,0,3,1,"{'TC3', 'TC4', 'TC2'}",4,HIGH,"The changes involve adding new steps to the use case, which significantly alter the system's behavior and functionality. These changes require reevaluation of system design, additional development effort, regression testing, and updates to user documentation. They may also affect project timelines and resource allocation.",4480
52,,src/RF014 - Administrador de Dados.claret,exp01_gti-competencias_v1.1,exp01_gti-competencias_v1.2,"-    step 1 admin ""acessa a funcionalidade de Catalogo (Perfis) de Competencias a partir do menu inicial""
-    step 2 system ""exibe a listagem das Catalogo (Perfis) de Competencias cadastradas com a opcao 'Alterar Gerente' dentre as varias listadas"" 
","+    step 1 admin ""acessa a funcionalidade de 'Catalogo (Perfis) de Competencias' a partir do menu inicial""
+    step 2 system ""exibe a listagem do Catalogo (Perfis) de Competencias cadastradas com a opcao 'Alterar Gerente' dentre as varias listadas"" 
",LOW,0,3,0,"{'TC3', 'TC1', 'TC2'}",3,LOW,"The changes made in the updated snippet are minor and do not affect the overall functionality or requirements of the use case. The edits include adding single quotes around 'Catalogo (Perfis) de Competencias' and changing 'listagem das' to 'listagem do'. These changes can be classified as 'Rephrasing for Clarity' and 'Formatting and Punctuation', which are considered low-impact edits.",5760
53,,src/RF015 - Gerenciar Planos de Capacitacao de TI.claret,exp01_gti-competencias_v1.1,exp01_gti-competencias_v1.2,,"+systemName ""GTI-Competencias""
+
+usecase ""RF015 - Gerenciar Planos de Capacitacao de TI"" {
+  version ""1.2"" type ""Criacao"" user ""Aislan Fernandes"" date ""23/05/2021""
+  actor lider ""Lider de Pessoas""
+  actor usuarioNA ""Usuario Nao-Autenticado""
+  preCondition ""Lider de Pessoas esta autenticado no sistema e 
+				tem permissao para gerenciar Planos de Capacitacao de TI.""
+
+  basic {
+    step 1 lider ""acessa a funcionalidade de gestao de Planos de Capacitacao de TI a partir do menu inicial"" af[4]
+    step 2 system ""exibe a listagem das Planos de Capacitacao de TI cadastradas com opcoes de 'Novo', 'Editar', 'Excluir' e 'Ajuda'"" 
+    step 3 lider ""clica na opcao 'Novo' para criar uma nova Capacitacao de TI"" af[1,2,3]
+    step 4 system ""apresenta o formulario para cadastro e alteracao de Planos de Capacitacao de TI""
+    step 5 lider ""escolha o 'Periodo Avaliativo' apropriado no campo de selecao""
+	step 6 system ""exibe o 'Periodo Avaliativo' selecionado corretamente""
+	step 7 lider ""selecione a 'Unidade' correspondente no campo de selecao de unidade""
+	step 8 system ""exibe o campo 'Unidade' preenchido corretamente""
+	step 9 lider ""preencha o campo 'Possiveis Capacitacoes' com informacoes sobre capacitacoes adicionais""
+	step 10 system ""exibe o campo 'Possiveis Capacitacoes' preenchido corretamente""
+	step 11 lider ""preencha o campo 'Observacao' com informacoes adicionais ou relevantes sobre o plano de capacitacao""
+	step 12 system ""exibe o campo 'Observacao' preenchido corretamente""
+	step 13 lider ""seleciona as 'Pessoas' que farao parte do plano de capacitacao""
+	step 14 system ""exibe as 'Pessoas' escolhidas corretamente na lista 'Selecionadas'""
+	step 15 lider ""seleciona as 'Competencias' a serem trabalhadas no plano de capacitacao""
+	step 16 system ""exibe as 'Competencias' selecionadas corretamente na lista 'Selecionadas'""
+	step 17 lider ""clica na opcao 'Salvar'""
+    step 18 system ""realiza a acao conforme a opcao selecionada pelo usuario e 
+				   retorna feedback correspondente"" ef[1,2]
+  }
+
+  alternative 1 ""Editar Planos de Capacitacao de TI Existente"" {
+    step 1 lider ""seleciona um Planos de Capacitacao de TI da listagem""
+    step 2 system ""destaca a Capacitacao de TI selecionada na listagem""
+    step 3 lider ""clica na opcao 'Editar' para modificar a Capacitacao de TI selecionada"" bs 4
+  }
+  
+  alternative 2 ""Confirmar Exclusao da Capacitacao de TI"" {
+  	step 1 lider ""seleciona um Planos de Capacitacao de TI da listagem""
+    step 2 system ""destaca a Capacitacao de TI selecionada na listagem""
+    step 3 lider ""clica na opcao 'Excluir' para excluir a Capacitacao de TI selecionada""
+    step 4 system ""solicita confirmacao de exclusao mostrando o nome da Capacitacao de TI""
+    step 5 lider ""confirma a exclusao da Capacitacao de TI""
+    step 6 system ""exibe a listagem das Planos de Capacitacao de TI sem a Capacitacao de TI excluida"" ef[3,4]
+  }
+
+  alternative 3 ""Negar Exclusao da Capacitacao de TI"" {
+  	step 1 lider ""seleciona um Planos de Capacitacao de TI da listagem""
+    step 2 system ""destaca a Capacitacao de TI selecionada na listagem""
+    step 3 lider ""clica na opcao 'Excluir' para excluir a Capacitacao de TI selecionada""
+    step 4 system ""solicita confirmacao de exclusao mostrando o nome da Capacitacao de TI""
+    step 5 lider ""nao confirma a exclusao da Capacitacao de TI""
+    step 6 system ""exibe a listagem das Planos de Capacitacao de TI com a Capacitacao de TI excluida""
+  }
+  
+  alternative 4 ""Modo de visualizacao para usuarios nao-autenticados"" {
+  	step 1 usuarioNA ""acessa a funcionalidade de gestao de Planos de Capacitacao de TI a partir do menu inicial""
+  	step 2 system ""exibe a listagem das Planos de Capacitacao de TI cadastradas apenas para visualizacao com a opcao 'Ajuda'""
+  }
+
+  exception 1 ""Falha ao Salvar a nova Capacitacao de TI"" {
+    step 1 system ""exibe uma mensagem de erro ao tentar salvar a nova Capacitacao de TI, informando o campo ou a validacao que falhou""
+  }
+
+  exception 2 ""Erro ao Editar Capacitacao de TI"" {
+    step 1 system ""exibe uma mensagem de erro ao tentar editar a Capacitacao de TI, informando o campo ou a validacao que falhou""
+  }
+
+  exception 3 ""Falha na Exclusao da Capacitacao de TI"" {
+    step 1 system ""exibe uma mensagem de erro ao tentar excluir a Capacitacao de TI""
+  }
+  
+  exception 4 ""Falha na Exclusao do Avaliacao: nao e o lider"" {
+    step 1 system ""exibe uma mensagem de erro ao tentar excluir a Avaliacao informando que o usuario nao e o lider""
+  }
+
+  postCondition ""A gestao de Planos de Capacitacao de TI e realizada com sucesso.""
+}
",HIGH,11,0,0,"{'TC8', 'TC7', 'TC9', 'TC3', 'TC6', 'TC1', 'TC5', 'TC11', 'TC10', 'TC4', 'TC2'}",11,HIGH,"The provided update introduces a new use case with multiple actors, preconditions, basic steps, alternatives, exceptions, and postconditions. This level of change requires reevaluation of system design, additional development effort, regression testing, and updates to user documentation. It may also affect project timelines and resource allocation.",4256
54,,src/RF018 - Gerenciar Metas de Desempenho.claret,exp01_gti-competencias_v1.1,exp01_gti-competencias_v1.2,,"+systemName ""GTI-Competencias""
+
+usecase ""RF018 - Gerenciar Metas de Desempenho"" {
+  version ""1.2"" type ""Criacao"" user ""Aislan Fernandes"" date ""13/05/2021""
+  actor lider ""Lider de Pessoas""
+  preCondition ""Lider de Pessoas esta autenticado no sistema; e, tem permissao para gerenciar Metas de Desempenho""
+
+  basic {
+    step 1 lider ""acessa a funcionalidade de Avaliacoes a partir do menu inicial""
+    step 2 system ""exibe a listagem das Avaliacoes cadastradas com a opcao 'Editar' dentre as varias listadas"" 
+    step 3 lider ""com uma avaliacao selecionada, clica na opcao 'Editar' modificar a Avaliacao de Desempenho""
+    step 4 system ""apresenta o formulario com o campo 'Metas' constando cada Competencia do perfil avaliado""
+    step 5 lider  ""altera o valor da 'Meta' para cada Competencia listada do perfil avaliado na Avaliacao atual (valores padrao de 1 a 4)""
+    step 6 system ""apresenta o campo 'Meta' para cada Competencia listada do perfil avaliado na Avaliacao preenchido corretamente""
+	step 7 lider ""clica na opcao 'Salvar'""
+    step 8 system ""realiza a acao conforme a opcao selecionada pelo usuario e 
+				   retorna feedback correspondente"" ef[1]
+  }
+
+  exception 1 ""Erro ao Editar Avaliacao"" {
+    step 1 system ""exibe uma mensagem de erro ao tentar editar, informando o campo ou a validacao que falhou""
+  }
+
+  postCondition ""A gestao de Metas de Desempenho e realizada com sucesso.""
+}
",HIGH,2,0,0,"{'TC1', 'TC2'}",2,LOW,"The provided change is a new use case addition, which does not directly impact existing system design or functionality. It can be considered as part of routine document maintenance and does not require significant reevaluation of system design, additional development effort, regression testing, or updates to user documentation.",4081
55,,src/RF001 - Autenticar Usuario.claret,exp01_gti-competencias_v1.3,exp01_gti-competencias_v1.4,"-    step 1 sysUser ""inicia a tela de login atraves da opcao de Login no canto superior direito""
","+    step 1 sysUser ""abre a tela de login atraves da opcao de Login no canto superior direito""
",LOW,0,14,0,"{'TC8', 'TC7', 'TC9', 'TC12', 'TC6', 'TC3', 'TC14', 'TC13', 'TC1', 'TC5', 'TC11', 'TC10', 'TC4', 'TC2'}",14,LOW,"The change from 'inicia' to 'abre' is a rephrasing for clarity, which is classified as a low-impact edit. This change does not affect the system design, development effort, or project timelines.",4455
56,,src/RF002 - Realizar logout.claret,exp01_gti-competencias_v1.3,exp01_gti-competencias_v1.4,"-    step 1 sysUser ""clica na opcao de Logout atraves da opcao disponivel no canto superior direito""
","+    step 1 sysUser ""clica na opcao de Logout disponivel no canto superior direito""
",LOW,0,1,0,{'TC1'},1,LOW,"The change involves rephrasing for clarity, which is classified as a low-impact edit. The edit does not affect the system design, development effort, or project timelines.",4540
57,,src/RF007 - Gerenciar Avaliacoes.claret,exp01_gti-competencias_v1.3,exp01_gti-competencias_v1.4,"-    step 2 system ""exibe a listagem dos Avaliacoes cadastrados com opcoes de 'Novo', 'Editar', 'Excluir' e 'Ajuda'"" 
","+    step 2 system ""exibe a listagem das Avaliacoes cadastradas com opcoes de 'Novo', 'Editar', 'Excluir' e 'Ajuda'"" 
",LOW,0,10,0,"{'TC8', 'TC7', 'TC9', 'TC3', 'TC6', 'TC1', 'TC5', 'TC10', 'TC4', 'TC2'}",10,LOW,"The change is a simple grammatical correction, adjusting the gender of the noun 'Avaliacoes' to match the verb 'cadastradas'. This does not affect the functionality or design of the system, and can be considered a low-impact edit.",4393
58,,src/RF007 - Gerenciar Avaliacoes.claret,exp01_gti-competencias_v1.3,exp01_gti-competencias_v1.4,"-    step 12 system ""apresenta em 'Metas' os campos 'Nivel' preenchido corretamente""              
","+    step 12 system ""apresenta em 'Metas' os campos 'Nivel' preenchidos corretamente""              
",LOW,0,3,7,"{'TC8', 'TC10', 'TC9'}",10,LOW,"The change is a simple pluralization of a word, which falls under the category of 'Rephrasing for Clarity' in low-impact edits. This change does not affect the system design, development effort, or project timelines.",3893
59,,src/RF007 - Gerenciar Avaliacoes.claret,exp01_gti-competencias_v1.3,exp01_gti-competencias_v1.4,"-    step 4 system ""apresenta o formulario para e alteracao de Avaliacao""
-    step 5 lider ""verifica que os campos 'Periodo Avaliativo', 'Perfil' e 'Avaliado' somente leitura"" bs 11
","+    step 4 system ""apresenta o formulario para e alteracao da Avaliacao""
+    step 5 lider ""verifica que os campos 'Periodo Avaliativo', 'Perfil' e 'Avaliado' estao em modo somente leitura"" bs 11
",LOW,0,3,7,"{'TC6', 'TC7', 'TC5'}",10,LOW,"The change is a minor rephrasing for clarity and does not affect the overall functionality or design of the system. It involves using synonyms and rewording a requirement for better understanding, which is classified as a low-impact edit.",4106
60,,src/RF007 - Gerenciar Avaliacoes.claret,exp01_gti-competencias_v1.3,exp01_gti-competencias_v1.4,"-    step 6 system ""exibe a listagem dos Avaliacoes sem o Avaliacao excluido"" ef[3,4]
","+    step 6 system ""exibe a listagem das Avaliacoes sem a Avaliacao excluida"" ef[3,4]
",LOW,0,1,9,{'TC2'},10,LOW,"The change is a rephrasing for clarity, using the correct gender and number agreement in the sentence. This does not impact the functionality or design of the system, and can be considered a low-impact edit.",4291
61,,src/RF007 - Gerenciar Avaliacoes.claret,exp01_gti-competencias_v1.3,exp01_gti-competencias_v1.4,"-    step 6 system ""exibe a listagem dos Avaliacoes com o Avaliacao excluido""
","+    step 6 system ""exibe a listagem das Avaliacoes com a Avaliacao nao excluida""
",LOW,0,1,9,{'TC1'},10,LOW,"The change involves rephrasing for clarity and adjusting punctuation, which are considered low-impact edits. The system's functionality remains the same, and the change does not require reevaluation of system design, additional development effort, regression testing, or updates to user documentation.",4144
62,,src/RF008 - Gerenciar Respostas de Avaliacoes.claret,exp01_gti-competencias_v1.3,exp01_gti-competencias_v1.4,"-  preCondition ""Avaliador de Pessoas esta autenticado no sistema; e, tem permissao para gerenciar Respostas de Avaliacoes""
","+  preCondition ""Avaliador de Pessoas esta autenticado no sistema e tem permissao para gerenciar Respostas de Avaliacoes""
",LOW,0,7,0,"{'TC7', 'TC3', 'TC6', 'TC1', 'TC5', 'TC4', 'TC2'}",7,LOW,"The change made to the snippet is a formatting adjustment, specifically removing a semicolon and replacing it with a conjunction. This type of change is classified as low-impact, as it does not affect the overall meaning or functionality of the use case.",3902
63,,src/RF008 - Gerenciar Respostas de Avaliacoes.claret,exp01_gti-competencias_v1.3,exp01_gti-competencias_v1.4,"-				   retorna feedback correspondente"" ef[2,3]
","+				    retorna feedback correspondente"" ef[2,3]
",LOW,0,2,5,"{'TC7', 'TC4'}",7,LOW,"The change from '-' to '+' is a formatting adjustment, which falls under the category of low-impact edits. This change does not affect the requirement's meaning or the system's design, and it does not necessitate additional development effort, regression testing, or updates to user documentation.",4068
64,,src/RF008 - Gerenciar Respostas de Avaliacoes.claret,exp01_gti-competencias_v1.3,exp01_gti-competencias_v1.4,"-    step 2 system ""limpa os campos apresentados 'Nivel da Competencia' e 'Apontamentos' apresentados na tela para cada Perfil de Competencias avaliado""
-    step 5 avaliador ""verifica que os campos 'Nivel da Competencia' e 'Apontamentos' estao limpos"" bs 5 
","+    step 2 system ""limpa os campos 'Nivel da Competencia' e 'Apontamentos' exibidos na tela para cada Perfil de Competencias avaliado""
+    step 3 avaliador ""verifica que os campos 'Nivel da Competencia' e 'Apontamentos' estao limpos"" bs 5 
",LOW,0,3,4,"{'TC3', 'TC4', 'TC2'}",7,LOW,"The change involves a minor rephrasing of the step description and a change in the step number, which does not affect the overall functionality or system design. This aligns with the 'Rephrasing for Clarity' category of low-impact edits.",4559
65,,src/RF009 - Gerenciar Resultados de Avaliacoes.claret,exp01_gti-competencias_v1.3,exp01_gti-competencias_v1.4,"-    step 5 lider  ""seleciona o 'Ata de Reuniao de Feedback' da Avaliacao (1 a 4) para cada Perfil de Competencias avaliado""
","+    step 5 lider  ""preenche a 'Ata de Reuniao de Feedback' da Avaliacao para cada Perfil de Competencias avaliado""
",LOW,0,4,0,"{'TC3', 'TC1', 'TC4', 'TC2'}",4,LOW,"The change from 'seleciona' (selects) to 'preenche' (fills out) is a low-impact edit as it does not significantly alter the functionality of the system. This change can be classified as 'Rephrasing for Clarity' and does not require reevaluation of system design, additional development effort, regression testing, or updates to user documentation.",4621
66,,src/RF010 - Gerenciar Periodos Avaliativos.claret,exp01_gti-competencias_v1.3,exp01_gti-competencias_v1.4,"-    step 7 lider ""preenche o campo 'Data Inicial e Data Final' informando as respectivas datas referente ao periodo""
-    step 8 system ""apresenta o campo 'Data Inicial e Data Final' preenchido corretamente""
-	step 17 lider ""clica na opcao 'Salvar'""
-    step 18 system ""realiza a acao conforme a opcao selecionada pelo usuario e 
","+    step 7 lider ""preenche o campo 'Data Inicial' e 'Data Final' informando as respectivas datas referentes ao periodo""
+    step 8 system ""apresenta o campo 'Data Inicial' e 'Data Final' preenchido corretamente""
+	step 9 lider ""clica na opcao 'Salvar'""
+    step 10 system ""realiza a acao conforme a opcao selecionada pelo usuario e 
",LOW,0,6,4,"{'TC8', 'TC7', 'TC6', 'TC5', 'TC10', 'TC9'}",10,LOW,"The change involves rephrasing for clarity and minor formatting adjustments, which are classified as low-impact edits. The change does not affect the overall functionality or system design, and it does not require additional development effort, regression testing, or updates to user documentation.",4516
67,,src/RF010 - Gerenciar Periodos Avaliativos.claret,exp01_gti-competencias_v1.3,exp01_gti-competencias_v1.4,"-    step 6 system ""exibe a listagem dos Periodos Avaliativos com o Periodo Avaliativo excluido""
","+    step 6 system ""exibe a listagem dos Periodos Avaliativos com o Periodo Avaliativo nao excluido""
",LOW,0,1,9,{'TC2'},10,HIGH,"The change from 'Periodo Avaliativo excluido' to 'Periodo Avaliativo nao excluido' alters the system's behavior, potentially requiring reevaluation of system design, additional development effort, regression testing, and updates to user documentation. This change may also affect project timelines and resource allocation.",5210
68,,src/RF011 - Gerenciar Competencias Portfolio.claret,exp01_gti-competencias_v1.3,exp01_gti-competencias_v1.4,"-    step 3 lider ""clica na opcao 'Novo' para criar um nova Competencia (portfolio)"" af[1,2,3]
","+    step 3 lider ""clica na opcao 'Novo' para criar uma nova Competencia (portfolio)"" af[1,2,3]
",LOW,0,12,16,"{'TC25', 'TC23', 'TC19', 'TC24', 'TC18', 'TC21', 'TC17', 'TC26', 'TC27', 'TC22', 'TC28', 'TC20'}",28,LOW,"The change is a minor grammatical correction, specifically changing 'uma' to 'um' in the Portuguese language, which does not affect the overall meaning or functionality of the use case. This aligns with the 'Rephrasing for Clarity' category of low-impact edits.",4712
69,,src/RF011 - Gerenciar Competencias Portfolio.claret,exp01_gti-competencias_v1.3,exp01_gti-competencias_v1.4,"-    step 1 lider ""seleciona um Competencias (Portfolio) da listagem""
","+    step 1 lider ""seleciona uma Competencias (Portfolio) da listagem""
",LOW,0,15,13,"{'TC8', 'TC7', 'TC9', 'TC12', 'TC6', 'TC3', 'TC14', 'TC13', 'TC5', 'TC11', 'TC10', 'TC4', 'TC2', 'TC15', 'TC16'}",28,LOW,"The change from 'um Competencias' to 'uma Competencias' is a grammatical correction, which falls under the category of 'Rephrasing for Clarity' in low-impact edits. This change does not require reevaluation of system design, additional development effort, regression testing, or updates to user documentation.",4702
70,,src/RF011 - Gerenciar Competencias Portfolio.claret,exp01_gti-competencias_v1.3,exp01_gti-competencias_v1.4,"-  	step 1 lider ""seleciona um Competencias (Portfolio) da listagem""
","+  	step 1 lider ""seleciona uma Competencias (Portfolio) da listagem""
",LOW,0,15,13,"{'TC8', 'TC7', 'TC9', 'TC12', 'TC6', 'TC3', 'TC14', 'TC13', 'TC5', 'TC11', 'TC10', 'TC4', 'TC2', 'TC15', 'TC16'}",28,LOW,"The change from 'um' to 'uma' is a correction of grammatical gender, which falls under the category of 'Rephrasing for Clarity' in low-impact edits. This change does not affect the system design, development effort, or project timelines.",3844
71,,src/RF011 - Gerenciar Competencias Portfolio.claret,exp01_gti-competencias_v1.3,exp01_gti-competencias_v1.4,"-  alternative 3 ""Negar Exclusao da Competencia (Portfolio)"" {
-  	step 1 lider ""seleciona um Competencias (Portfolio) da listagem""
","+  alternative 3 ""Nao Confirmar Exclusao da Competencia (Portfolio)"" {
+  	step 1 lider ""seleciona uma Competencias (Portfolio) da listagem""
",LOW,0,15,13,"{'TC8', 'TC7', 'TC9', 'TC12', 'TC6', 'TC3', 'TC14', 'TC13', 'TC5', 'TC11', 'TC10', 'TC4', 'TC2', 'TC15', 'TC16'}",28,LOW,"The change involves rephrasing for clarity and adjusting the use case's alternative name, which aligns with the low-impact edit category of 'Rephrasing for Clarity.' This change does not require reevaluation of system design, additional development effort, regression testing, or updates to user documentation.",4432
72,,src/RF011 - Gerenciar Competencias Portfolio.claret,exp01_gti-competencias_v1.3,exp01_gti-competencias_v1.4,"-    step 6 system ""exibe a listagem das Competencias (Portfolio) com a Competencia (Portfolio) excluida""
","+    step 6 system ""exibe a listagem das Competencias (Portfolio) com a Competencia (Portfolio) nao excluida""
",LOW,0,1,27,{'TC2'},28,HIGH,"The change from 'excluida' to 'nao excluida' in the system's response indicates a significant alteration in the system's behavior, which may require reevaluation of system design, additional development effort, regression testing, and updates to user documentation. This change could potentially affect project timelines and resource allocation.",4027
73,,src/RF012 - Ajuda.claret,exp01_gti-competencias_v1.3,exp01_gti-competencias_v1.4,"-    step 2 system ""exibe a listagem dos Niveis das Competencias cadastradas com opcoes de 'Novo', 'Editar', 'Excluir' e 'Ajuda'"" 
","+    step 2 system ""exibe a listagem dos Niveis das Competencias cadastrados com opcoes de 'Novo', 'Editar', 'Excluir' e 'Ajuda'"" 
",LOW,0,1,4,{'TC1'},5,LOW,"The change is a simple grammatical correction, adjusting the gender of the past participle 'cadastradas' to 'cadastrados' to match the noun 'Niveis'. This does not affect the functionality or requirements of the system, and thus can be classified as a low-impact edit.",4303
74,,src/RF013 - Gerenciar Niveis das Competencias.claret,exp01_gti-competencias_v1.3,exp01_gti-competencias_v1.4,"-    step 3 lider ""clica na opcao 'Novo' para criar um novo Niveis das Competencias"" af[1,2,3]
","+    step 3 lider ""clica na opcao 'Novo' para criar um novo Nivel das Competencias"" af[1,2,3]
",LOW,0,3,7,"{'TC8', 'TC10', 'TC9'}",10,LOW,"The change is a simple spelling correction from 'Niveis' to 'Nivel', which falls under the category of 'Rephrasing for Clarity' in low-impact edits. This change does not require reevaluation of system design, additional development effort, regression testing, or updates to user documentation.",3903
75,,src/RF013 - Gerenciar Niveis das Competencias.claret,exp01_gti-competencias_v1.3,exp01_gti-competencias_v1.4,"-    step 6 system ""exibe a listagem dos Niveis das Competencias com o Nivel das Competencias excluido""
","+    step 6 system ""exibe a listagem dos Niveis das Competencias com o Nivel das Competencias nao excluido""
",LOW,0,1,9,{'TC2'},10,LOW,"The change involves a simple negation ('nao excluido' instead of 'excluido'), which can be classified as a rephrasing for clarity. This type of edit is considered low-impact, as it does not require reevaluation of system design, additional development effort, regression testing, or updates to user documentation.",4515
76,,src/RF014 - Administrador de Dados.claret,exp01_gti-competencias_v1.3,exp01_gti-competencias_v1.4,"-  preCondition ""Administrador esta autenticado no sistema; e, tem permissao para alterar Gerente de Desempenho""
","+  preCondition ""Administrador esta autenticado no sistema e tem permissao para alterar Gerente de Desempenho""
",LOW,0,3,0,"{'TC3', 'TC1', 'TC2'}",3,LOW,"The change made to the snippet is a formatting adjustment, specifically removing a semicolon and replacing it with a conjunction. This type of edit is classified as low-impact, as it does not require reevaluation of system design, additional development effort, regression testing, or updates to user documentation.",4110
77,,src/RF014 - Administrador de Dados.claret,exp01_gti-competencias_v1.3,exp01_gti-competencias_v1.4,"-    step 2 system ""exibe a listagem do Catalogo (Perfis) de Competencias cadastradas com a opcao 'Alterar Gerente' dentre as varias listadas"" 
","+    step 2 system ""exibe a listagem dos Perfis de Competencias cadastrados com a opcao 'Alterar Gerente' dentre as varias listadas"" 
",LOW,0,3,0,"{'TC3', 'TC1', 'TC2'}",3,LOW,"The change from 'Catalogo (Perfis) de Competencias' to 'Perfis de Competencias' is a minor rephrasing for clarity, which falls under the category of low-impact edits. This change does not require reevaluation of system design, additional development effort, regression testing, or updates to user documentation.",4120
78,,src/RF014 - Administrador de Dados.claret,exp01_gti-competencias_v1.3,exp01_gti-competencias_v1.4,"-    step 5 admin  ""preenche o campo 'Login do Novo Gerente de Desempenho' do novo Gerente de Desempenho para o Perfil de Competencias ""
","+    step 5 admin  ""preenche o campo 'Login do Novo Gerente de Desempenho' para o Perfil de Competencias""
",LOW,0,3,0,"{'TC3', 'TC1', 'TC2'}",3,LOW,"The change is a minor rephrasing for clarity, removing the redundant mention of 'do novo Gerente de Desempenho' which does not alter the intended action or system behavior.",3730
79,,src/RF014 - Administrador de Dados.claret,exp01_gti-competencias_v1.3,exp01_gti-competencias_v1.4,"-    step 2 system ""apresenta o Catalogo (Perfis) de Competencias cadastradas sem nenhuma alteracao""
","+    step 2 system ""apresenta o Catalogo (Perfis) de Competencias sem nenhuma alteracao""
",LOW,0,1,2,{'TC1'},3,LOW,"The change is a minor rephrasing for clarity, removing the word 'cadastradas' from the original snippet. This does not affect the system design, development effort, or project timelines, and can be considered a low-impact edit.",3972
80,,src/RF015 - Gerenciar Planos de Capacitacao de TI.claret,exp01_gti-competencias_v1.3,exp01_gti-competencias_v1.4,"-    step 2 system ""exibe a listagem das Planos de Capacitacao de TI cadastradas com opcoes de 'Novo', 'Editar', 'Excluir' e 'Ajuda'"" 
","+    step 2 system ""exibe a listagem dos Planos de Capacitacao de TI cadastrados com opcoes de 'Novo', 'Editar', 'Excluir' e 'Ajuda'"" 
",LOW,0,10,1,"{'TC8', 'TC7', 'TC9', 'TC3', 'TC6', 'TC5', 'TC11', 'TC10', 'TC4', 'TC2'}",11,LOW,"The change is a simple grammatical correction, adjusting the gender of the noun 'Planos de Capacitacao de TI' from feminine to masculine. This does not affect the functionality or design of the system, and can be classified as a low-impact edit.",4061
81,,src/RF015 - Gerenciar Planos de Capacitacao de TI.claret,exp01_gti-competencias_v1.3,exp01_gti-competencias_v1.4,"-    step 5 lider ""escolha o 'Periodo Avaliativo' apropriado no campo de selecao""
","+    step 5 lider ""escolhe o 'Periodo Avaliativo' apropriado no campo de selecao""
",LOW,0,6,5,"{'TC8', 'TC7', 'TC6', 'TC11', 'TC10', 'TC9'}",11,LOW,"The change from 'escolha' to 'escolhe' is a simple verb conjugation adjustment, which falls under the category of 'Rephrasing for Clarity' in low-impact edits. This change does not affect the overall meaning or functionality of the use case step.",4003
82,,src/RF015 - Gerenciar Planos de Capacitacao de TI.claret,exp01_gti-competencias_v1.3,exp01_gti-competencias_v1.4,"-	step 7 lider ""selecione a 'Unidade' correspondente no campo de selecao de unidade""
","+	step 7 lider ""seleciona a 'Unidade' correspondente no campo de selecao de unidade""
",LOW,0,6,5,"{'TC8', 'TC7', 'TC6', 'TC11', 'TC10', 'TC9'}",11,LOW,"The change from 'selecione' to 'seleciona' is a simple verb tense correction, which falls under the category of 'Rephrasing for Clarity' in low-impact edits. This change does not affect the overall functionality or design of the system, and it does not require additional development effort, regression testing, or updates to user documentation.",4310
83,,src/RF015 - Gerenciar Planos de Capacitacao de TI.claret,exp01_gti-competencias_v1.3,exp01_gti-competencias_v1.4,"-	step 9 lider ""preencha o campo 'Possiveis Capacitacoes' com informacoes sobre capacitacoes adicionais""
","+	step 9 lider ""preenche o campo 'Possiveis Capacitacoes' com informacoes sobre capacitacoes adicionais""
",LOW,0,6,5,"{'TC8', 'TC7', 'TC6', 'TC11', 'TC10', 'TC9'}",11,LOW,"The change from 'preencha' to 'preenche' is a minor grammatical adjustment, which falls under the category of 'Rephrasing for Clarity' or 'Formatting and Punctuation' as per the provided context. This type of edit does not require reevaluation of system design, additional development effort, regression testing, or updates to user documentation. Therefore, it is classified as a low-impact edit.",4964
84,,src/RF015 - Gerenciar Planos de Capacitacao de TI.claret,exp01_gti-competencias_v1.3,exp01_gti-competencias_v1.4,"-	step 11 lider ""preencha o campo 'Observacao' com informacoes adicionais ou relevantes sobre o plano de capacitacao""
","+	step 11 lider ""preenche o campo 'Observacao' com informacoes adicionais ou relevantes sobre o plano de capacitacao""
",LOW,0,6,5,"{'TC8', 'TC7', 'TC6', 'TC11', 'TC10', 'TC9'}",11,LOW,"The change from 'preencha' to 'preenche' is a minor grammatical adjustment, which falls under the category of 'Rephrasing for Clarity' or 'Formatting and Punctuation' as per the provided context. This type of edit is considered low-impact as it does not require reevaluation of system design, additional development effort, regression testing, or updates to user documentation.",4679
85,,src/RF015 - Gerenciar Planos de Capacitacao de TI.claret,exp01_gti-competencias_v1.3,exp01_gti-competencias_v1.4,"-    step 1 lider ""seleciona um Planos de Capacitacao de TI da listagem""
","+    step 1 lider ""seleciona um Plano de Capacitacao de TI da listagem""
",LOW,0,7,4,"{'TC8', 'TC7', 'TC3', 'TC6', 'TC5', 'TC4', 'TC2'}",11,LOW,"The change from 'Planos de Capacitacao de TI' to 'Plano de Capacitacao de TI' is a singular-plural correction, which falls under the category of 'Rephrasing for Clarity' in low-impact edits. This change does not affect the system design, development effort, or project timelines.",3915
86,,src/RF015 - Gerenciar Planos de Capacitacao de TI.claret,exp01_gti-competencias_v1.3,exp01_gti-competencias_v1.4,"-  	step 1 lider ""seleciona um Planos de Capacitacao de TI da listagem""
","+  	step 1 lider ""seleciona um Plano de Capacitacao de TI da listagem""
",LOW,0,7,4,"{'TC8', 'TC7', 'TC3', 'TC6', 'TC5', 'TC4', 'TC2'}",11,LOW,"The change from 'Planos de Capacitacao de TI' to 'Plano de Capacitacao de TI' is a singular-plural correction, which falls under the category of 'Rephrasing for Clarity' in low-impact edits. This change does not affect the system design, development effort, or project timelines.",4429
87,,src/RF015 - Gerenciar Planos de Capacitacao de TI.claret,exp01_gti-competencias_v1.3,exp01_gti-competencias_v1.4,"-    step 6 system ""exibe a listagem das Planos de Capacitacao de TI sem a Capacitacao de TI excluida"" ef[3,4]
","+    step 6 system ""exibe a listagem dos Planos de Capacitacao de TI sem a Capacitacao de TI excluida"" ef[3,4]
",LOW,0,1,10,{'TC3'},11,LOW,"The change from 'das Planos' to 'dos Planos' is a minor grammatical adjustment, which falls under the category of 'Rephrasing for Clarity' or 'Formatting and Punctuation' in low-impact edits. This change does not require reevaluation of system design, additional development effort, regression testing, or updates to user documentation.",4181
88,,src/RF015 - Gerenciar Planos de Capacitacao de TI.claret,exp01_gti-competencias_v1.3,exp01_gti-competencias_v1.4,"-  alternative 3 ""Negar Exclusao da Capacitacao de TI"" {
-  	step 1 lider ""seleciona um Planos de Capacitacao de TI da listagem""
","+  alternative 3 ""Nao Confirmar Exclusao da Capacitacao de TI"" {
+  	step 1 lider ""seleciona um Plano de Capacitacao de TI da listagem""
",LOW,0,7,4,"{'TC8', 'TC7', 'TC3', 'TC6', 'TC5', 'TC4', 'TC2'}",11,LOW,"The change involves rephrasing for clarity and minor formatting adjustments, which are classified as low-impact edits.",3569
89,,src/RF015 - Gerenciar Planos de Capacitacao de TI.claret,exp01_gti-competencias_v1.3,exp01_gti-competencias_v1.4,"-    step 6 system ""exibe a listagem das Planos de Capacitacao de TI com a Capacitacao de TI excluida""
","+    step 6 system ""exibe a listagem dos Planos de Capacitacao de TI com a Capacitacao de TI nao excluida""
",LOW,0,1,10,{'TC2'},11,LOW,"The change is a simple negation of the previous statement, which does not require a reevaluation of system design, additional development effort, regression testing, or updates to user documentation. It can be classified as a 'Rephrasing for Clarity' edit, which is considered a low-impact edit.",4050
90,,src/RF015 - Gerenciar Planos de Capacitacao de TI.claret,exp01_gti-competencias_v1.3,exp01_gti-competencias_v1.4,"-  	step 2 system ""exibe a listagem das Planos de Capacitacao de TI cadastradas apenas para visualizacao com a opcao 'Ajuda'""
","+  	step 2 system ""exibe a listagem dos Planos de Capacitacao de TI cadastrados apenas para visualizacao com a opcao 'Ajuda'""
",LOW,0,1,10,{'TC1'},11,LOW,"The change from 'exibe a listagem das Planos' to 'exibe a listagem dos Planos' is a minor grammatical adjustment for agreement between the article and the noun, which does not alter the intended functionality or meaning of the use case. This falls under the category of 'Rephrasing for Clarity' or 'Formatting and Punctuation' in low-impact edits.",5159
91,,src/RF018 - Gerenciar Metas de Desempenho.claret,exp01_gti-competencias_v1.3,exp01_gti-competencias_v1.4,"-  preCondition ""Lider de Pessoas esta autenticado no sistema; e, tem permissao para gerenciar Metas de Desempenho""
","+  preCondition ""Lider de Pessoas esta autenticado no sistema e tem permissao para gerenciar Metas de Desempenho""
",LOW,0,2,0,"{'TC1', 'TC2'}",2,LOW,"The change involves removing a semicolon and the conjunction 'e,' (and) from the precondition, which is a formatting and punctuation adjustment for better readability. This type of edit is classified as low-impact, as it does not require reevaluation of system design, additional development effort, regression testing, or updates to user documentation.",4058
92,,src/RF018 - Gerenciar Metas de Desempenho.claret,exp01_gti-competencias_v1.3,exp01_gti-competencias_v1.4,"-    step 3 lider ""com uma avaliacao selecionada, clica na opcao 'Editar' modificar a Avaliacao de Desempenho""
-    step 4 system ""apresenta o formulario com o campo 'Metas' constando cada Competencia do perfil avaliado""
","+    step 3 lider ""com uma avaliacao selecionada, clica na opcao 'Editar' para modificar a Avaliacao de Desempenho""
+    step 4 system ""apresenta o formulario com o campo 'Metas' contendo cada Competencia do perfil avaliado""
",LOW,0,2,0,"{'TC1', 'TC2'}",2,LOW,"The changes made in the updated snippet are minor and do not affect the overall functionality or requirements of the use case. The changes are limited to rephrasing for clarity and adjusting punctuation, which are classified as low-impact edits.",4474
93,,src/RF008 - Gerenciar Respostas de Avaliacoes.claret,exp01_gti-competencias_v1.4,exp01_gti-competencias_v1.5,"-    step 2 system ""exibe a listagem das Avaliacoes cadastradas com a opcao 'Formulario' dentre as varias listadas"" 
-    step 3 avaliador ""com uma avaliacao selecionada, clica na opcao 'Formulario' para criar uma nova Avaliacao""
","+    step 2 system ""exibe a listagem das Avaliacoes cadastradas com a opcao 'Formulario' dentre as varias exibidas"" 
+    step 3 avaliador ""com uma avaliacao selecionada, clica na opcao 'Formulario' para responder a uma Avaliacao ou Autoavaliacao""
",LOW,0,7,0,"{'TC7', 'TC3', 'TC6', 'TC1', 'TC5', 'TC4', 'TC2'}",7,LOW,"The changes made in the updated snippet are minor and do not affect the overall functionality or design of the system. The changes are limited to rephrasing for clarity and adding more specificity to the user action, which aligns with the 'Rephrasing for Clarity' and 'Formatting and Punctuation' categories of low-impact edits.",4278
94,,src/RF008 - Gerenciar Respostas de Avaliacoes.claret,exp01_gti-competencias_v1.4,exp01_gti-competencias_v1.5,"-    step 5 avaliador  ""seleciona o 'Nivel da Competencia' da Avaliacao (1 a 4) para cada Perfil de Competencias avaliado""
-    step 6 system ""apresenta o campo 'Nivel da Competencia' preenchido corretamente""
-    step 7 avaliador ""adiciona 'Apontamentos' sobre a avaliacao para cada Perfil de Competencias avaliado""
-    step 8 system ""apresenta os 'Apontamentos' preenchidos corretamente""
-	step 9 avaliador ""clica na opcao 'Salvar'"" af[1]
-    step 10 system ""realiza a acao conforme a opcao selecionada pelo usuario e 
-				    retorna feedback correspondente"" ef[2,3]
","+    step 5 avaliador  ""seleciona o 'Nivel de Interacao' para cada Perfil de Competencias avaliado""
+    step 6 system ""apresenta o campo 'Nivel de Interacao' preenchido corretamente""
+    step 7 avaliador  ""seleciona que e 'Capaz de Avaliar a Competencia' para cada Perfil de Competencias avaliado"" af[2]
+    step 8 system ""apresenta o campo 'Capaz de Avaliar' preenchido como 'SIM'""
+    step 9 avaliador  ""seleciona o 'Nivel da Competencia' da Avaliacao (1 a 4) para cada Perfil de Competencias avaliado""
+    step 10 system ""apresenta o campo 'Nivel da Competencia' preenchido corretamente""
+    step 11 avaliador ""adiciona 'Apontamentos' sobre a avaliacao para cada Perfil de Competencias avaliado""
+    step 12 system ""apresenta os 'Apontamentos' preenchidos corretamente""
+	step 13 avaliador ""clica na opcao 'Salvar'"" af[1]
+    step 14 system ""realiza a acao conforme a opcao selecionada pelo usuario e 
+				    retorna feedback correspondente"" ef[2,3,4]
",HIGH,0,6,1,"{'TC7', 'TC3', 'TC6', 'TC5', 'TC4', 'TC2'}",7,HIGH,"The changes involve altering the 'Nivel de Interacao' and adding a new step to select 'Capaz de Avaliar a Competencia', which may require reevaluation of system design, additional development effort, regression testing, and updates to user documentation. These changes may also affect project timelines and resource allocation.",4016
95,,src/RF008 - Gerenciar Respostas de Avaliacoes.claret,exp01_gti-competencias_v1.4,exp01_gti-competencias_v1.5,,"+  exception 4 ""Sem Justificativa"" {
+    step 1 system ""exibe uma mensagem de erro informando ao usuario que nao informou justificativa""
+  }
+  
",HIGH,4,0,13,"{'TC12', 'TC4', 'TC8', 'TC16'}",17,HIGH,"The updated snippet introduces a new exception to the use case, which may require reevaluation of system design, additional development effort, regression testing, and updates to user documentation. This change could potentially affect project timelines and resource allocation.",3872
96,,src/RF008 - Gerenciar Respostas de Avaliacoes.claret,exp01_gti-competencias_v1.4,exp01_gti-competencias_v1.5,,"+  
+  alternative 2 ""Nao e Capaz de Avaliar a Competencia"" {
+  	step 1 avaliador  ""seleciona que nao e 'Capaz de Avaliar a Competencia' para cada Perfil de Competencias avaliado""
+    step 2 system ""apresenta o campo 'Capaz de Avaliar' preenchido como 'NAO'""
+    step 3 avaliador ""preenche o campo de 'Justificativas' para cada Perfil de Competencias avaliado""
+    step 4 system ""apresenta o campo de 'Capaz de Avaliar' preenchido corretamente""
+    step 5 avaliador ""clica no botao 'Justificar'"" bs 14
+  }
",HIGH,8,0,9,"{'TC8', 'TC7', 'TC9', 'TC3', 'TC6', 'TC5', 'TC4', 'TC2'}",17,HIGH,"The updated snippet introduces a new alternative flow to the use case, which may require reevaluation of system design, additional development effort, regression testing, and updates to user documentation. This change could potentially affect project timelines and resource allocation.",5014
97,,src/RF009 - Gerenciar Resultados de Avaliacoes.claret,exp01_gti-competencias_v1.4,exp01_gti-competencias_v1.5,"-    step 2 system ""exibe a listagem das Avaliacoes cadastradas com a opcao 'Resultado' dentre as varias listadas"" 
","+    step 2 system ""exibe a listagem das Avaliacoes cadastradas com a opcao 'Resultado' dentre as varias exibidas"" 
",LOW,0,4,0,"{'TC3', 'TC1', 'TC4', 'TC2'}",4,LOW,"The change from 'listadas' to 'exibidas' is a minor rephrasing for clarity, which does not alter the intended functionality or system design. This type of edit is classified as low-impact, as it does not require additional development effort, regression testing, or updates to user documentation.",4178
98,,src/RF016 - Copiar Itens de Avaliacao.claret,exp01_gti-competencias_v1.4,exp01_gti-competencias_v1.5,,"+systemName ""GTI-Competencias""
+
+usecase ""RF016 - Copiar Itens de Avaliacao"" {
+  version ""1.5"" type ""Criacao"" user ""Carlos Diego"" date ""03/06/2022""
+  actor lider ""Lider de Pessoas""
+  preCondition ""Lider de Pessoas esta autenticado no sistema e tem permissao para copiar itens de avaliacoes""
+
+  basic {
+    step 1 lider ""acessa a funcionalidade 'Avaliacoes' a partir do menu inicial"" af[1]
+    step 2 system ""exibe a listagem das Avaliacoes cadastradas com a opcao 'Copiar' dentre as varias exibidas"" 
+    step 3 lider ""com uma Avaliacao selecionada, clica na opcao 'Copiar' para copia-la""
+    step 4 system ""apresenta o formulario para copiar a Avaliacao com os valores atuais ja preenchidos, exceto o 'Avaliado', que deve estar vazio""
+    step 5 lider  ""seleciona o 'Periodo Avaliativo' da Avaliacao""
+    step 6 system ""apresenta o campo 'Periodo Avaliativo' preenchido corretamente""
+    step 7 lider ""seleciona o colaborador a ser 'Avaliado' na Avaliacao""
+    step 8 system ""apresenta o campo 'Avaliado' preenchido corretamente""
+    step 9 lider ""escolhe que deseja 'fazer uma copia' do Perfil de Competencias"" af[2]
+    step 10 system ""apresenta o campo 'fazer uma copia' do Perfil de Competencias com a opcao 'SIM' selecionada""
+    step 11 lider ""preenche o 'nome' do novo Perfil de Competencias da Avaliacao""
+    step 12 system ""apresenta o campo 'nome' do novo Perfil de Competencias da Avaliacao preenchido corretamente""
+    step 13 lider ""clica na opcao 'Confirmar'"" af[3]
+    step 14 system ""apresenta uma mensagem de confirmacao referente a criacao do novo Perfil de Competencias""
+    step 15 lider ""confirma a operacao de criacao do novo Perfil de Competencias"" af[4]
+    step 16 system ""realiza a acao conforme a opcao selecionada pelo usuario e 
+				    retorna feedback correspondente"" ef[1,2]
+  }
+
+  alternative 1 ""Copiar Perfil de Competencias"" {
+    step 1 lider ""acessa a funcionalidade 'Catalogo (Perfis) de Competencias' a partir do menu inicial""
+    step 2 system ""exibe a listagem dos Perfis de Competencias com a opcao 'Copiar' dentre as varias exibidas""
+    step 3 lider ""com um Perfil de Competencias selecionado, clica na opcao 'Copiar' para copia-lo""
+    step 4 system ""apresenta o formulario para copiar o Perfil de Competencias com os valores atuais ja preenchidos""
+    step 5 lider  ""seleciona o 'Periodo Avaliativo' da Avaliacao""
+    step 6 system ""apresenta o campo 'Periodo Avaliativo' preenchido corretamente""
+    step 7 lider ""preenche o 'nome' do novo Perfil de Competencias da Avaliacao""
+    step 8 system ""apresenta o campo 'nome' do novo Perfil de Competencias preenchido corretamente"" 
+    step 9 lider ""clica na opcao 'Confirmar'"" bs 16
+  }
+  
+  alternative 2 ""Nao Fazer uma Copia do Perfil de Competencias"" {
+  	step 1 lider ""escolhe que nao deseja 'fazer uma copia' do Perfil de Competencias""
+    step 2 system ""apresenta o campo 'fazer uma copia' do Perfil de Competencias com a opcao 'NAO' selecionada""
+    step 3 lider ""seleciona um Perfil de Competencias dentre os disponiveis""
+    step 4 system ""apresenta o 'nome' do Perfil de Competencias existente escolhido"" 
+    step 5 lider ""clica na opcao 'Confirmar'"" bs 16
+  }
+  
+  alternative 3 ""Nao Confirmar a Copia do Perfil de Competencias"" {
+  	step 1 lider ""nao confirma a operacao de criacao do novo Perfil de Competencias""
+    step 2 system ""apresenta o formulario para copiar a Avaliacao com os valores ja preenchidos""
+  }
+  
+  alternative 4 ""Cancelar Copia do Perfil de Competencias"" {
+  	step 1 lider ""nao confirma a operacao de criacao do novo Perfil de Competencias""
+    step 2 system ""exibe a listagem de Avaliacoes sem uma nova avaliacao copiada""
+  }
+
+  exception 1 ""Falha ao Salvar a nova Avaliacao"" {
+    step 1 system ""exibe uma mensagem de erro ao tentar salvar a nova Avaliacao, informando o campo ou a validacao que falhou""
+  }
+
+  exception 2 ""Falha ao Fazer uma Copia do Perfil de Competencias"" {
+    step 1 system ""exibe uma mensagem de erro ao tentar copiar a Avaliacao, informando que o Perfil de Competencias com este nome ja existe""
+  }
+
+  postCondition ""A copia de itens de avaliacao e realizada com sucesso.""
+}
",HIGH,11,0,0,"{'TC8', 'TC7', 'TC9', 'TC3', 'TC6', 'TC1', 'TC5', 'TC11', 'TC10', 'TC4', 'TC2'}",11,HIGH,"The provided update introduces a new use case, which involves changes to system design, additional development effort, regression testing, and updates to user documentation. These changes may also affect project timelines and resource allocation, classifying it as a high-impact edit.",3961
99,src/RF018 - Gerenciar Metas de Desempenho.claret,src/RF017 - Gerenciar Metas de Desempenho.claret,exp01_gti-competencias_v1.4,exp01_gti-competencias_v1.5,"-    step 2 system ""exibe a listagem das Avaliacoes cadastradas com a opcao 'Editar' dentre as varias listadas"" 
","+    step 2 system ""exibe a listagem das Avaliacoes cadastradas com a opcao 'Editar' dentre as varias exibidas"" 
",LOW,0,2,0,"{'TC1', 'TC2'}",2,LOW,"The change from 'listadas' to 'exibidas' is a rephrasing for clarity, which is considered a low-impact edit. This change does not affect the system design, development effort, or project timelines.",3930
